Population,Individual,LGRScaleGeneticsIDLink,DateSampled,PhenotypicSex,FL mm,Clip,Wire,PIT tag,GenComments,GenSex,GenPa,GenMa,PopName,agePBT,GSIRepUnit,RepUnitProb,Final group,rel abv/blw LGR
OtsLGRF25S,OtsLGRF25S_0001,C-00001,8/18/2025,M,770,AI,NA,3DD.0078ED67A5,NA,M,OtsLYON21S_1_0757,OtsLYON21S_1_0395,OtsLYON21S_1,4,FALL,1,CJA1,Abv
OtsLGRF25S,OtsLGRF25S_0011,C-00011,8/18/2025,M,970,AI,NA,3DD.0078ED67A1,NA,M,NA,NA,Unassigned,NA,FALL,1,NA,Abv
OtsLGRF25S,OtsLGRF25S_0021,C-00021,8/18/2025,F,750,AD,1,3DD.0078ED6779,NA,F,OtsLYON21S_1_0899,OtsLYON21S_1_1909,OtsLYON21S_1,4,FALL,1,PLA2,Abv
OtsLGRF25S,OtsLGRF25S_0031,C-00031,8/18/2025,F,890,AI,NA,3DD.0078ED6772,NA,F,OtsNPFH20S_1_0066,OtsNPFH20S_1_0008,OtsNPFH20S_1,5,FALL,1,NPTH,Abv
OtsLGRF25S,OtsLGRF25S_0041,C-00041,8/18/2025,M,630,AI,NA,NA,NA,M,OtsNPFH22S_1_0650,OtsNPFH22S_1_0597,OtsNPFH22S_1,3,FALL,1,NLVA,Abv
OtsLGRF25S,OtsLGRF25S_0051,C-00051,8/18/2025,F,800,AI,NA,3DD.0078ED679F,NA,F,NA,NA,Unassigned,NA,FALL,1,NA,Abv
OtsLGRF25S,OtsLGRF25S_0061,C-00061,8/18/2025,M,620,AD,1,NA,NA,M,OtsLYON22S_1_0038,OtsLYON22S_1_2034,OtsLYON22S_1,3,FALL,1,PLA1,Abv
OtsLGRF25S,OtsLGRF25S_0071,C-00071,8/18/2025,M,530,AD,1,NA,NA,M,OtsLYON23S_1_0010,OtsLYON23S_1_1028,OtsLYON23S_1,2,FALL,1,PLA1,Abv
OtsLGRF25S,OtsLGRF25S_0081,C-00081,8/18/2025,M,750,AD,NA,3DD.0078ED6763,NA,M,OtsLYON22S_1_0533,OtsLYON22S_1_4357,OtsLYON22S_1,3,FALL,1,GRR,Abv
OtsLGRF25S,OtsLGRF25S_0091,C-00091,8/18/2025,M,620,AI,NA,NA,NA,M,NA,NA,Unassigned,NA,FALL,1,NA,Abv
OtsLGRF25S,OtsLGRF25S_0101,C-00101,8/18/2025,M,590,AI,NA,NA,NA,M,OtsNPFH22S_1_0656,OtsNPFH22S_1_0607,OtsNPFH22S_1,3,FALL,1,NLVA,Abv
OtsLGRF25S,OtsLGRF25S_0111,C-00111,8/18/2025,M,900,AD,NA,3DD.0078ED6756,NA,M,OtsLYON21S_1_0698,OtsLYON21S_1_0243,OtsLYON21S_1,4,FALL,1,BCA1,Abv
OtsLGRF25S,OtsLGRF25S_0121,C-00121,8/18/2025,F,800,AI,NA,3DD.0078ED675F,NA,F,NA,NA,Unassigned,NA,FALL,1,NA,Abv
OtsLGRF25S,OtsLGRF25S_0131,C-00131,8/18/2025,M,910,AI,NA,3DD.0078ED6768,NA,M,NA,NA,Unassigned,NA,FALL,1,NA,Abv
OtsLGRF25S,OtsLGRF25S_0141,C-00141,8/18/2025,F,770,AD,1,3DD.0078ED6776,NA,F,OtsLYON21S_1_0857,OtsLYON21S_1_1826,OtsLYON21S_1,4,FALL,1,BCA2,Abv
OtsLGRF25S,OtsLGRF25S_0151,C-00151,8/18/2025,M,590,AI,NA,NA,NA,M,NA,NA,Unassigned,NA,FALL,1,NA,Abv
OtsLGRF25S,OtsLGRF25S_0161,C-00161,8/18/2025,M,550,AI,NA,NA,NA,M,OtsNPFH22S_1_0354,OtsNPFH22S_1_0289,OtsNPFH22S_1,3,FALL,1,CFA,Abv
OtsLGRF25S,OtsLGRF25S_0171,C-00171,8/19/2025,F,740,AI,NA,3DD.0078ED709D,NA,F,OtsLYON21S_1_0726,OtsLYON21S_1_0315,OtsLYON21S_1,4,FALL,1,CJA1,Abv
OtsLGRF25S,OtsLGRF25S_0181,C-00181,8/19/2025,F,780,AI,NA,3DD.0078ED709B,NA,F,NA,NA,Unassigned,NA,FALL,1,NA,Abv
OtsLGRF25S,OtsLGRF25S_0191,C-00191,8/19/2025,M,740,AI,NA,3DD.0078ED7097,NA,M,OtsLYON21S_1_0757,OtsLYON21S_1_0395,OtsLYON21S_1,4,FALL,1,CJA1,Abv
OtsLGRF25S,OtsLGRF25S_0201,C-00201,8/19/2025,M,830,AI,NA,3DD.0078ED7063,NA,M,OtsLYON21S_1_0758,OtsLYON21S_1_0406,OtsLYON21S_1,4,FALL,1,CJA1,Abv
OtsLGRF25S,OtsLGRF25S_0211,C-00211,8/19/2025,F,700,AI,NA,3DD.0078ED7096,NA,F,NA,NA,Unassigned,NA,FALL,1,NA,Abv
OtsLGRF25S,OtsLGRF25S_0221,C-00221,8/19/2025,F,870,AI,NA,3DD.0078ED705F,NA,F,OtsNPFH20S_1_0660,OtsNPFH20S_1_0618,OtsNPFH20S_1,5,FALL,1,NLVA,Abv
OtsLGRF25S,OtsLGRF25S_0231,C-00231,8/19/2025,M,790,AD,1,3DD.0078ED704B,NA,M,OtsLYON21S_1_0911,OtsLYON21S_1_1998,OtsLYON21S_1,4,FALL,1,IPCSR,Abv
OtsLGRF25S,OtsLGRF25S_0241,C-00241,8/19/2025,F,620,AI,NA,NA,NA,M,OtsNPFH22S_1_0656,OtsNPFH22S_1_0607,OtsNPFH22S_1,3,FALL,1,NLVA,Abv
OtsLGRF25S,OtsLGRF25S_0251,C-00251,8/19/2025,M,830,AI,NA,3DD.0078ED7071,NA,M,NA,NA,Unassigned,NA,FALL,1,NA,Abv
OtsLGRF25S,OtsLGRF25S_0261,C-00261,8/19/2025,F,750,AI,NA,3DD.0078ED7099,NA,F,NA,NA,Unassigned,NA,FALL,1,NA,Abv
OtsLGRF25S,OtsLGRF25S_0271,C-00271,8/19/2025,M,680,AI,NA,NA,NA,M,NA,NA,Unassigned,NA,FALL,1,NA,Abv
OtsLGRF25S,OtsLGRF25S_0281,C-00281,8/20/2025,F,830,AD,1,3DD.0078ED706A,NA,F,OtsLYON20S_1_0263,OtsLYON20S_1_0151,OtsLYON20S_1,5,FALL,1,BCA1,Abv
OtsLGRF25S,OtsLGRF25S_0291,C-00291,8/20/2025,F,800,AI,NA,3DD.0078ED7093,NA,F,OtsLYON21S_1_0718,OtsLYON21S_1_0299,OtsLYON21S_1,4,FALL,1,CJA1,Abv
OtsLGRF25S,OtsLGRF25S_0301,C-00301,8/20/2025,F,700,AD,1,3DD.0078ED669E,NA,F,OtsLYON21S_1_0673,OtsLYON21S_1_0204,OtsLYON21S_1,4,FALL,1,BCA1,Abv
OtsLGRF25S,OtsLGRF25S_0311,C-00311,8/20/2025,M,770,AD,1,3DD.0078ED66AA,NA,M,OtsLYON21S_1_0859,OtsLYON21S_1_1817,OtsLYON21S_1,4,FALL,1,CJA2,Abv
OtsLGRF25S,OtsLGRF25S_0321,C-00321,8/20/2025,M,660,AI,NA,NA,NA,M,OtsLYON22S_1_0109,OtsLYON22S_1_2159,OtsLYON22S_1,3,FALL,1,BCA1,Abv
OtsLGRF25S,OtsLGRF25S_0331,C-00331,8/20/2025,F,820,AI,NA,3DD.0078ED66B6,NA,F,OtsLYON20S_1_1573,OtsLYON20S_1_1752,OtsLYON20S_1,5,FALL,1,IPCSR,Abv
OtsLGRF25S,OtsLGRF25S_0341,C-00341,8/20/2025,M,660,AD,1,NA,NA,M,OtsLYON22S_1_0102,OtsLYON22S_1_2148,OtsLYON22S_1,3,FALL,1,BCA1,Abv
OtsLGRF25S,OtsLGRF25S_0351,C-00351,8/20/2025,F,740,AD,1,3DD.0078ED7047,NA,M,OtsLYON21S_1_0724,OtsLYON21S_1_0311,OtsLYON21S_1,4,FALL,1,CJA1,Abv
OtsLGRF25S,OtsLGRF25S_0361,C-00361,8/20/2025,F,810,AI,NA,3DD.0078ED66B8,NA,F,OtsLYON20S_1_0218,OtsLYON20S_1_0074,OtsLYON20S_1,5,FALL,1,PLA1,Abv
OtsLGRF25S,OtsLGRF25S_0371,C-00371,8/20/2025,M,800,AD,1,3DD.0078ED66CA,NA,M,OtsLYON21S_1_0628,OtsLYON21S_1_0056,OtsLYON21S_1,4,FALL,1,PLA1,Abv
OtsLGRF25S,OtsLGRF25S_0381,C-00381,8/20/2025,M,790,AI,NA,3DD.003D8B6629,NA,M,OtsLYON20S_1_1553,OtsLYON20S_1_1712,OtsLYON20S_1,5,FALL,1,IPCSR,Abv
OtsLGRF25S,OtsLGRF25S_0391,C-00391,8/20/2025,F,800,AI,NA,3DD.0078ED66A9,NA,F,OtsLYON21S_1_0605,OtsLYON21S_1_0010,OtsLYON21S_1,4,FALL,1,PLA1,Abv
OtsLGRF25S,OtsLGRF25S_0401,C-00401,8/20/2025,M,770,AI,NA,3DD.0078ED66C8,NA,M,NA,NA,Unassigned,NA,FALL,1,NA,Abv
OtsLGRF25S,OtsLGRF25S_0411,C-00411,8/21/2025,F,780,AD,1,3DD.0078ED66A2,NA,F,OtsLYON21S_1_0842,OtsLYON21S_1_1698,OtsLYON21S_1,4,FALL,1,CJA2,Abv
OtsLGRF25S,OtsLGRF25S_0421,C-00421,8/21/2025,M,700,AI,NA,3DD.0078ED7123,NA,M,NA,NA,Unassigned,NA,FALL,1,NA,Abv
OtsLGRF25S,OtsLGRF25S_0431,C-00431,8/21/2025,F,850,AI,NA,3DD.0078ED713B,NA,F,NA,NA,Unassigned,NA,FALL,1,NA,Abv
OtsLGRF25S,OtsLGRF25S_0441,C-00441,8/21/2025,M,670,AI,NA,NA,NA,M,OtsLYON22S_1_0031,OtsLYON22S_1_2016,OtsLYON22S_1,3,FALL,1,PLA1,Abv
OtsLGRF25S,OtsLGRF25S_0451,C-00451,8/21/2025,F,860,AD,1,3DD.0078ED66B0,NA,F,OtsLYON20S_1_0310,OtsLYON20S_1_0022,OtsLYON20S_1,5,FALL,1,PLA1,Abv
OtsLGRF25S,OtsLGRF25S_0461,C-00461,8/21/2025,M,680,AD,1,NA,NA,M,OtsNPFH21S_1_1139,OtsNPFH21S_1_1467,OtsNPFH21S_1,4,FALL,1,NLVA,Abv
OtsLGRF25S,OtsLGRF25S_0471,C-00471,8/21/2025,M,600,AI,NA,NA,NA,M,OtsLYON22S_1_0548,OtsLYON22S_1_5075,OtsLYON22S_1,3,FALL,1,LFSO,blw
OtsLGRF25S,OtsLGRF25S_0481,C-00481,8/21/2025,M,860,AI,NA,3DD.0078ED66A8,NA,M,OtsLYON21S_1_0660,OtsLYON21S_1_0112,OtsLYON21S_1,4,FALL,1,PLA1,Abv
OtsLGRF25S,OtsLGRF25S_0491,C-00491,8/21/2025,M,880,AD,1,3DD.0078ED66D8,NA,M,OtsLYON21S_1_0901,OtsLYON21S_1_1923,OtsLYON21S_1,4,FALL,1,PLA2,Abv
OtsLGRF25S,OtsLGRF25S_0501,C-00501,8/21/2025,F,730,AI,NA,3DD.0078ED7134,NA,F,OtsLYON22S_1_0398,OtsLYON22S_1_4155,OtsLYON22S_1,3,FALL,1,IPCSR,Abv
OtsLGRF25S,OtsLGRF25S_0511,C-00511,8/21/2025,M,470,AI,NA,NA,NA,M,OtsLYON23S_1_0263,OtsLYON23S_1_3036,OtsLYON23S_1,2,FALL,1,LFSO,blw
OtsLGRF25S,OtsLGRF25S_0521,C-00521,8/21/2025,M,740,AI,NA,3DD.0078ED7147,NA,M,OtsLYON22S_1_0473,OtsLYON22S_1_4293,OtsLYON22S_1,3,FALL,1,IPCSR,Abv
OtsLGRF25S,OtsLGRF25S_0531,C-00531,8/21/2025,M,610,AI,NA,NA,NA,M,OtsLYON22S_1_0274,OtsLYON22S_1_3305,OtsLYON22S_1,3,FALL,1,BCA2,Abv
OtsLGRF25S,OtsLGRF25S_0541,C-00541,8/22/2025,F,740,AD,1,3DD.0078ED716D,NA,F,OtsLYON21S_1_0718,OtsLYON21S_1_0299,OtsLYON21S_1,4,FALL,1,CJA1,Abv
OtsLGRF25S,OtsLGRF25S_0551,C-00551,8/22/2025,F,680,AI,NA,3DD.003E277F8C,NA,F,OtsLYON22S_1_0086,OtsLYON22S_1_2120,OtsLYON22S_1,3,FALL,1,BCA1,Abv
OtsLGRF25S,OtsLGRF25S_0561,C-00561,8/22/2025,M,570,AD,1,NA,NA,M,OtsLYON22S_1_0190,OtsLYON22S_1_3102,OtsLYON22S_1,3,FALL,1,LFSO,blw
OtsLGRF25S,OtsLGRF25S_0571,C-00571,8/22/2025,F,780,AI,NA,3DD.0078ED716A,NA,F,OtsLYON21S_1_0783,OtsLYON21S_1_0462,OtsLYON21S_1,4,FALL,1,LFSO,blw
OtsLGRF25S,OtsLGRF25S_0581,C-00581,8/22/2025,F,730,AD,1,3DD.0078ED7167,NA,F,OtsLYON21S_1_0834,OtsLYON21S_1_1668,OtsLYON21S_1,4,FALL,1,CJA2,Abv
OtsLGRF25S,OtsLGRF25S_0591,C-00591,8/22/2025,M,620,AI,NA,3DD.003DA61DAC,NA,M,OtsLYON22S_1_0548,OtsLYON22S_1_5074,OtsLYON22S_1,3,FALL,1,LFSO,blw
OtsLGRF25S,OtsLGRF25S_0601,C-00601,8/22/2025,M,640,AI,NA,NA,NA,M,OtsNPFH22S_1_0577,OtsNPFH22S_1_0538,OtsNPFH22S_1,3,FALL,1,NLVA,Abv
OtsLGRF25S,OtsLGRF25S_0611,C-00611,8/22/2025,F,830,AD,1,3DD.0078ED7114,NA,M,OtsLYON20S_1_0678,OtsLYON20S_1_0759,OtsLYON20S_1,5,FALL,1,IPCSR,Abv
OtsLGRF25S,OtsLGRF25S_0621,C-00621,8/22/2025,M,610,AI,NA,NA,NA,M,OtsLYON22S_1_0224,OtsLYON22S_1_3186,OtsLYON22S_1,3,FALL,1,LFSO,blw
OtsLGRF25S,OtsLGRF25S_0631,C-00631,8/22/2025,F,830,AD,1,3DD.0078EDF795,NA,F,OtsLYON21S_1_0857,OtsLYON21S_1_1826,OtsLYON21S_1,4,FALL,1,BCA2,Abv
OtsLGRF25S,OtsLGRF25S_0641,C-00641,8/22/2025,F,820,AI,NA,3DD.0078EDF7A1,NA,F,OtsLYON21S_1_0758,OtsLYON21S_1_0406,OtsLYON21S_1,4,FALL,1,CJA1,Abv
OtsLGRF25S,OtsLGRF25S_0651,C-00651,8/22/2025,M,930,AD,1,3DD.0078EDF7A4,NA,M,OtsLYON20S_1_0210,OtsLYON20S_1_0029,OtsLYON20S_1,5,FALL,1,PLA1,Abv
OtsLGRF25S,OtsLGRF25S_0661,C-00661,8/22/2025,F,760,AI,NA,3DD.0078EDF78D,NA,F,NA,NA,Unassigned,NA,FALL,1,NA,Abv
OtsLGRF25S,OtsLGRF25S_0671,C-00671,8/22/2025,M,910,AI,NA,3DD.0078EDF77F,NA,M,OtsNPFH20S_1_0659,OtsNPFH20S_1_0616,OtsNPFH20S_1,5,FALL,1,NLVA,Abv
OtsLGRF25S,OtsLGRF25S_0681,C-00681,8/22/2025,F,810,AI,NA,3DD.0078EDF776,NA,F,NA,NA,Unassigned,NA,FALL,1,NA,Abv
OtsLGRF25S,OtsLGRF25S_0691,C-00691,8/22/2025,M,810,AD,1,3DD.0078EDF7B3,NA,M,OtsNPFH21S_1_1111,OtsNPFH21S_1_1422,OtsNPFH21S_1,4,FALL,1,LGA,Abv
OtsLGRF25S,OtsLGRF25S_0701,C-00701,8/22/2025,F,690,AI,NA,NA,NA,M,OtsLYON22S_1_0398,OtsLYON22S_1_4155,OtsLYON22S_1,3,FALL,1,IPCSR,Abv
OtsLGRF25S,OtsLGRF25S_0711,C-00711,8/22/2025,M,760,AD,1,3DD.0078EDF781,This individual failed to genotype,U,NG,NG,NA,NA,NA,NA,NG,Abv
OtsLGRF25S,OtsLGRF25S_0721,C-00721,8/22/2025,M,630,AD,1,NA,NA,M,OtsLYON22S_1_0192,OtsLYON22S_1_3110,OtsLYON22S_1,3,FALL,1,LFSO,blw
OtsLGRF25S,OtsLGRF25S_0731,C-00731,8/22/2025,M,540,AI,NA,NA,This individual failed to genotype,U,NG,NG,NA,NA,NA,NA,NG,Abv
OtsLGRF25S,OtsLGRF25S_0741,C-00741,8/22/2025,F,780,AD,1,3DD.0078EBC869,NA,F,OtsLYON21S_1_0729,OtsLYON21S_1_0337,OtsLYON21S_1,4,FALL,1,CJA1,Abv
OtsLGRF25S,OtsLGRF25S_0751,C-00751,8/22/2025,F,790,AI,NA,3DD.0078EBC87F,NA,F,NA,NA,Unassigned,NA,FALL,1,NA,Abv
OtsLGRF25S,OtsLGRF25S_0761,C-00761,8/22/2025,F,750,AD,1,3DD.0078EDF769,NA,F,OtsLYON20S_1_0282,OtsLYON20S_1_0194,OtsLYON20S_1,5,FALL,1,BCA1,Abv
OtsLGRF25S,OtsLGRF25S_0771,C-00771,8/23/2025,M,610,AI,NA,NA,NA,M,OtsLYON22S_1_0021,OtsLYON22S_1_1063,OtsLYON22S_1,3,FALL,1,PLA1,Abv
OtsLGRF25S,OtsLGRF25S_0781,C-00781,8/23/2025,F,660,AI,NA,NA,NA,M,NA,NA,Unassigned,NA,FALL,1,NA,Abv
OtsLGRF25S,OtsLGRF25S_0791,C-00791,8/23/2025,F,740,AD,1,3DD.0078EDF77D,NA,F,OtsLYON21S_1_0842,OtsLYON21S_1_1699,OtsLYON21S_1,4,FALL,1,CJA2,Abv
OtsLGRF25S,OtsLGRF25S_0801,C-00801,8/23/2025,F,760,AI,NA,NA,NA,F,OtsLYON21S_1_0914,OtsLYON21S_1_1973,OtsLYON21S_1,4,FALL,1,IPCSR,Abv
OtsLGRF25S,OtsLGRF25S_0811,C-00811,8/23/2025,F,750,AI,1,3DD.0078EBC827,NA,F,OtsLYON21S_1_0838,OtsLYON21S_1_1803,OtsLYON21S_1,4,FALL,1,CJA2,Abv
OtsLGRF25S,OtsLGRF25S_0821,C-00821,8/23/2025,F,820,AI,NA,3DD.0078EBC820,NA,F,NA,NA,Unassigned,NA,FALL,1,NA,Abv
OtsLGRF25S,OtsLGRF25S_0831,C-00831,8/23/2025,F,730,AI,NA,3DD.0078EBC85D,NA,M,OtsNPFH20S_1_0654,OtsNPFH20S_1_0602,OtsNPFH20S_1,5,FALL,1,NLVA,Abv
OtsLGRF25S,OtsLGRF25S_0841,C-00841,8/23/2025,F,790,AI,NA,3DD.0078EBC87E,NA,F,NA,NA,Unassigned,NA,FALL,1,NA,Abv
OtsLGRF25S,OtsLGRF25S_0851,C-00851,8/23/2025,F,730,AI,NA,3DD.0078EDF198,NA,F,OtsLYON21S_1_0961,OtsLYON21S_1_2011,OtsLYON21S_1,4,FALL,1,IPCSR,Abv
OtsLGRF25S,OtsLGRF25S_0861,C-00861,8/23/2025,M,470,AD,1,NA,NA,M,OtsLYON23S_1_0095,OtsLYON23S_1_2059,OtsLYON23S_1,2,FALL,1,CJA1,Abv
OtsLGRF25S,OtsLGRF25S_0871,C-00871,8/23/2025,M,510,AI,NA,NA,NA,M,OtsLYON23S_1_0485,OtsLYON23S_1_4121,OtsLYON23S_1,2,FALL,1,IPCSR,Abv
OtsLGRF25S,OtsLGRF25S_0881,C-00881,8/23/2025,M,810,AI,NA,3DD.0078EBC874,NA,M,OtsLYON21S_1_0819,OtsLYON21S_1_1654,OtsLYON21S_1,4,FALL,1,LFSO,blw
OtsLGRF25S,OtsLGRF25S_0891,C-00891,8/23/2025,M,730,AI,NA,3DD.0078EBC876,NA,M,OtsLYON21S_1_0806,OtsLYON21S_1_1604,OtsLYON21S_1,4,FALL,1,LFSO,blw
OtsLGRF25S,OtsLGRF25S_0901,C-00901,8/23/2025,F,710,AI,NA,3DD.0078EBC87C,NA,F,OtsLYON21S_1_0704,OtsLYON21S_1_0274,OtsLYON21S_1,4,FALL,1,BCA1,Abv
OtsLGRF25S,OtsLGRF25S_0911,C-00911,8/23/2025,F,690,AD,1,NA,NA,F,OtsLYON22S_1_0199,OtsLYON22S_1_3136,OtsLYON22S_1,3,FALL,1,LFSO,blw
OtsLGRF25S,OtsLGRF25S_0921,C-00921,8/23/2025,M,640,AI,NA,NA,NA,M,OtsLYON22S_1_0250,OtsLYON22S_1_3247,OtsLYON22S_1,3,FALL,1,CJA2,Abv
OtsLGRF25S,OtsLGRF25S_0931,C-00931,8/23/2025,M,570,AD,1,NA,NA,M,OtsLYON22S_1_0434,OtsLYON22S_1_4222,OtsLYON22S_1,3,FALL,1,IPCSR,Abv
OtsLGRF25S,OtsLGRF25S_0941,C-00941,8/23/2025,F,800,AI,NA,3DD.0078EBC82F,NA,F,NA,NA,Unassigned,NA,FALL,1,NA,Abv
OtsLGRF25S,OtsLGRF25S_0951,C-00951,8/23/2025,M,640,AD,1,NA,NA,F,OtsLYON22S_1_0432,OtsLYON22S_1_4217,OtsLYON22S_1,3,FALL,1,IPCSR,Abv
OtsLGRF25S,OtsLGRF25S_0961,C-00961,8/23/2025,F,740,AI,NA,3DD.0078EDF1D4,NA,F,NA,NA,Unassigned,NA,FALL,1,NA,Abv
OtsLGRF25S,OtsLGRF25S_0971,C-00971,8/23/2025,M,630,AI,NA,NA,NA,M,NA,NA,Unassigned,NA,FALL,1,NA,Abv
OtsLGRF25S,OtsLGRF25S_0981,C-00981,8/23/2025,M,690,AI,NA,NA,NA,M,OtsLYON21S_1_0672,OtsLYON21S_1_0202,OtsLYON21S_1,4,FALL,1,BCA1,Abv
OtsLGRF25S,OtsLGRF25S_0991,C-00991,8/23/2025,F,840,AI,NA,3DD.0078EDF1D8,NA,M,OtsLYON20S_1_0278,OtsLYON20S_1_1015,OtsLYON20S_1,5,FALL,1,BCA1,Abv
OtsLGRF25S,OtsLGRF25S_1001,C-01001,8/23/2025,F,650,AD,1,NA,NA,F,OtsLYON22S_1_0201,OtsLYON22S_1_3175,OtsLYON22S_1,3,FALL,1,LFSO,blw
OtsLGRF25S,OtsLGRF25S_1011,C-01011,8/23/2025,F,790,AD,1,3DD.0078EDEF9B,NA,F,OtsLYON20S_1_0419,OtsLYON20S_1_1117,OtsLYON20S_1,5,FALL,1,CJA1,Abv
OtsLGRF25S,OtsLGRF25S_1021,C-01021,8/23/2025,F,770,AI,NA,3DD.0078EDEFE8,NA,M,OtsNPFH21S_1_0495,OtsNPFH21S_1_0445,OtsNPFH21S_1,4,FALL,1,CFA,Abv
OtsLGRF25S,OtsLGRF25S_1031,C-01031,8/23/2025,F,680,AD,1,NA,NA,F,OtsLYON21S_1_1004,OtsLYON21S_1_0563,OtsLYON21S_1,4,FALL,1,LFYO,blw
OtsLGRF25S,OtsLGRF25S_1041,C-01041,8/23/2025,F,810,AI,NA,3DD.0078EDF19A,NA,F,OtsLYON21S_1_0919,OtsLYON21S_1_1985,OtsLYON21S_1,4,FALL,1,IPCSR,Abv
OtsLGRF25S,OtsLGRF25S_1051,C-01051,8/23/2025,F,730,AD,1,3DD.0078EDF1B5,NA,F,OtsLYON20S_1_0286,OtsLYON20S_1_1043,OtsLYON20S_1,5,FALL,1,CJA1,Abv
OtsLGRF25S,OtsLGRF25S_1061,C-01061,8/23/2025,F,850,AI,NA,3DD.0078EDF1C1,NA,F,NA,NA,Unassigned,NA,FALL,1,NA,Abv
OtsLGRF25S,OtsLGRF25S_1071,C-01071,8/24/2025,M,820,AI,NA,3DD.0078EDF1C3,NA,M,OtsLYON20S_1_1567,OtsLYON20S_1_1749,OtsLYON20S_1,5,FALL,1,IPCSR,Abv
OtsLGRF25S,OtsLGRF25S_1081,C-01081,8/24/2025,F,720,AD,1,NA,NA,M,OtsLYON21S_1_0981,OtsLYON21S_1_0503,OtsLYON21S_1,4,FALL,1,LFYO,blw
OtsLGRF25S,OtsLGRF25S_1091,C-01091,8/24/2025,F,760,AD,1,3DD.0078EDEF94,NA,F,OtsLYON21S_1_0888,OtsLYON21S_1_1887,OtsLYON21S_1,4,FALL,1,PLA2,Abv
OtsLGRF25S,OtsLGRF25S_1101,C-01101,8/24/2025,M,510,AD,1,NA,NA,M,OtsLYON23S_1_0342,OtsLYON23S_1_3177,OtsLYON23S_1,2,FALL,1,CJA2,Abv
OtsLGRF25S,OtsLGRF25S_1111,C-01111,8/24/2025,F,810,AI,NA,3DD.0078EDEFA0,NA,F,OtsLYON20S_1_0637,OtsLYON20S_1_0762,OtsLYON20S_1,5,FALL,1,IPCSR,Abv
OtsLGRF25S,OtsLGRF25S_1121,C-01121,8/24/2025,F,740,AI,NA,3DD.0078EDEFB9,NA,F,OtsLYON21S_1_0957,OtsLYON21S_1_1788,OtsLYON21S_1,4,FALL,1,IPCSR,Abv
OtsLGRF25S,OtsLGRF25S_1131,C-01131,8/24/2025,F,850,AI,NA,3DD.0078EDEFC8,NA,F,OtsNPFH20S_1_0654,OtsNPFH20S_1_0602,OtsNPFH20S_1,5,FALL,1,NLVA,Abv
OtsLGRF25S,OtsLGRF25S_1141,C-01141,8/24/2025,F,790,AI,NA,3DD.0078EDEFDB,NA,F,OtsLYON20S_1_1501,OtsLYON20S_1_1621,OtsLYON20S_1,5,FALL,1,IPCSR,Abv
OtsLGRF25S,OtsLGRF25S_1151,C-01151,8/24/2025,F,780,AI,NA,3DD.0078EDEFC5,NA,F,OtsLYON21S_1_0738,OtsLYON21S_1_0351,OtsLYON21S_1,4,FALL,1,CJA1,Abv
OtsLGRF25S,OtsLGRF25S_1161,C-01161,8/24/2025,F,790,AI,NA,3DD.0078EDEFDF,NA,F,OtsLYON21S_1_0697,OtsLYON21S_1_0264,OtsLYON21S_1,4,FALL,1,BCA1,Abv
OtsLGRF25S,OtsLGRF25S_1171,C-01171,8/24/2025,M,630,AI,NA,NA,NA,M,OtsLYON22S_1_0042,OtsLYON22S_1_2043,OtsLYON22S_1,3,FALL,1,PLA1,Abv
OtsLGRF25S,OtsLGRF25S_1181,C-01181,8/24/2025,F,800,AD,1,3DD.0078EDEFB7,NA,F,OtsLYON20S_1_0228,OtsLYON20S_1_0060,OtsLYON20S_1,5,FALL,1,PLA1,Abv
OtsLGRF25S,OtsLGRF25S_1191,C-01191,8/24/2025,M,900,AD,1,3DD.0078EDEFB5,NA,M,OtsLYON20S_1_0286,OtsLYON20S_1_1043,OtsLYON20S_1,5,FALL,1,CJA1,Abv
OtsLGRF25S,OtsLGRF25S_1201,C-01201,8/24/2025,F,820,AI,NA,3DD.0078EDEF9A,NA,F,OtsLYON20S_1_0412,OtsLYON20S_1_1100,OtsLYON20S_1,5,FALL,1,CJA1,Abv
OtsLGRF25S,OtsLGRF25S_1211,C-01211,8/24/2025,M,780,AI,NA,3DD.0078EDEF9F,NA,F,NA,NA,Unassigned,NA,FALL,1,NA,Abv
OtsLGRF25S,OtsLGRF25S_1221,C-01221,8/24/2025,F,820,AI,NA,3DD.0078EDEFAB,NA,M,OtsNPFH21S_1_1818,OtsNPFH21S_1_1804,OtsNPFH21S_1,4,FALL,1,NPTH,Abv
OtsLGRF25S,OtsLGRF25S_1231,C-01231,8/24/2025,F,790,AD,1,3DD.0078EBC951,NA,F,OtsLYON20S_1_0609,OtsLYON20S_1_0578,OtsLYON20S_1,5,FALL,1,LFSO,blw
OtsLGRF25S,OtsLGRF25S_1241,C-01241,8/24/2025,M,770,AI,NA,3DD.0078EBC94E,NA,M,OtsLYON22S_1_0398,OtsLYON22S_1_4156,OtsLYON22S_1,3,FALL,1,IPCSR,Abv
OtsLGRF25S,OtsLGRF25S_1251,C-01251,8/25/2025,F,680,AD,1,NA,NA,M,OtsLYON22S_1_0075,OtsLYON22S_1_2119,OtsLYON22S_1,3,FALL,1,BCA1,Abv
OtsLGRF25S,OtsLGRF25S_1261,C-01261,8/25/2025,M,600,AI,NA,NA,NA,M,OtsNPFH22S_1_0650,OtsNPFH22S_1_0596,OtsNPFH22S_1,3,FALL,1,NLVA,Abv
OtsLGRF25S,OtsLGRF25S_1271,C-01271,8/25/2025,M,810,AI,NA,3DD.0078EBC96C,NA,M,OtsNPFH21S_1_1674,OtsNPFH21S_1_1714,OtsNPFH21S_1,4,FALL,1,NPTH,Abv
OtsLGRF25S,OtsLGRF25S_1281,C-01281,8/25/2025,M,680,AI,NA,NA,NA,M,OtsLYON22S_1_0109,OtsLYON22S_1_2159,OtsLYON22S_1,3,FALL,1,BCA1,Abv
OtsLGRF25S,OtsLGRF25S_1291,C-01291,8/25/2025,M,840,AD,1,3DD.0078EBC97E,NA,M,OtsLYON20S_1_1454,OtsLYON20S_1_1248,OtsLYON20S_1,5,FALL,1,LFYO,blw
OtsLGRF25S,OtsLGRF25S_1301,C-01301,8/25/2025,M,770,AI,NA,3DD.0078EBC977,NA,M,OtsNPFH21S_1_0480,OtsNPFH21S_1_0419,OtsNPFH21S_1,4,FALL,1,NLVA,Abv
OtsLGRF25S,OtsLGRF25S_1311,C-01311,8/25/2025,F,790,AI,NA,3DD.0078EBC995,NA,F,NA,NA,Unassigned,NA,FALL,1,NA,Abv
OtsLGRF25S,OtsLGRF25S_1321,C-01321,8/25/2025,F,860,AI,NA,3DD.0078EBC98A,NA,F,OtsLYON20S_1_0291,OtsLYON20S_1_1004,OtsLYON20S_1,5,FALL,1,BCA1,Abv
OtsLGRF25S,OtsLGRF25S_1331,C-01331,8/25/2025,M,480,AI,NA,NA,NA,M,OtsLYON23S_1_0123,OtsLYON23S_1_2103,OtsLYON23S_1,2,FALL,1,CJA1,Abv
OtsLGRF25S,OtsLGRF25S_1341,C-01341,8/25/2025,F,730,AD,1,3DD.0078EBC986,NA,F,OtsLYON21S_1_0645,OtsLYON21S_1_0091,OtsLYON21S_1,4,FALL,1,PLA1,Abv
OtsLGRF25S,OtsLGRF25S_1351,C-01351,8/25/2025,M,940,AI,NA,3DD.0078EBC987,NA,M,NA,NA,Unassigned,NA,FALL,1,NA,Abv
OtsLGRF25S,OtsLGRF25S_1361,C-01361,8/25/2025,F,790,AI,NA,3DD.0078EBC94F,NA,F,OtsNPFH20S_1_0356,OtsNPFH20S_1_0320,OtsNPFH20S_1,5,FALL,1,CFA,Abv
OtsLGRF25S,OtsLGRF25S_1371,C-01371,8/25/2025,M,660,AI,NA,NA,NA,F,OtsLYON22S_1_0077,OtsLYON22S_1_2106,OtsLYON22S_1,3,FALL,1,BCA1,Abv
OtsLGRF25S,OtsLGRF25S_1381,C-01381,8/25/2025,F,810,AI,NA,3DD.0078EBC98C,NA,F,OtsLYON21S_1_0914,OtsLYON21S_1_1977,OtsLYON21S_1,4,FALL,1,IPCSR,Abv
OtsLGRF25S,OtsLGRF25S_1391,C-01391,8/25/2025,F,810,AD,1,3DD.0078EDF83D,NA,F,OtsLYON20S_1_1357,OtsLYON20S_1_0909,OtsLYON20S_1,5,FALL,1,BCA2,Abv
OtsLGRF25S,OtsLGRF25S_1401,C-01401,8/25/2025,F,690,AI,NA,NA,NA,F,OtsNPFH22S_1_0365,OtsNPFH22S_1_0305,OtsNPFH22S_1,3,FALL,1,CFA,Abv
OtsLGRF25S,OtsLGRF25S_1411,C-01411,8/25/2025,M,730,AI,NA,3DD.0078EDF86F,NA,M,OtsLYON21S_1_0614,OtsLYON21S_1_0023,OtsLYON21S_1,4,FALL,1,PLA1,Abv
OtsLGRF25S,OtsLGRF25S_1421,C-01421,8/26/2025,M,670,AI,NA,NA,NA,M,OtsLYON22S_1_0218,OtsLYON22S_1_3183,OtsLYON22S_1,3,FALL,1,LFSO,blw
OtsLGRF25S,OtsLGRF25S_1431,C-01431,8/26/2025,M,760,AI,NA,3DD.0078EDF82B,NA,M,OtsLYON21S_1_0953,OtsLYON21S_1_1785,OtsLYON21S_1,4,FALL,1,IPCSR,Abv
OtsLGRF25S,OtsLGRF25S_1441,C-01441,8/26/2025,F,720,AD,1,3DD.0078EDF863,NA,F,OtsLYON21S_1_0977,OtsLYON21S_1_0541,OtsLYON21S_1,4,FALL,1,LFYO,blw
OtsLGRF25S,OtsLGRF25S_1451,C-01451,8/26/2025,F,770,AI,NA,3DD.0078EDF83B,NA,F,OtsLYON21S_1_0820,OtsLYON21S_1_1649,OtsLYON21S_1,4,FALL,1,LFSO,blw
OtsLGRF25S,OtsLGRF25S_1461,C-01461,8/26/2025,M,390,AI,NA,NA,NA,M,NA,NA,Unassigned,NA,FALL,1,NA,Abv
OtsLGRF25S,OtsLGRF25S_1471,C-01471,8/26/2025,F,740,AD,1,3DD.0078EDF842,NA,F,OtsLYON20S_1_1401,OtsLYON20S_1_0976,OtsLYON20S_1,5,FALL,1,LFYO,blw
OtsLGRF25S,OtsLGRF25S_1481,C-01481,8/26/2025,F,760,AI,NA,3DD.0078EDF86E,NA,F,OtsLYON21S_1_0899,OtsLYON21S_1_1915,OtsLYON21S_1,4,FALL,1,PLA2,Abv
OtsLGRF25S,OtsLGRF25S_1491,C-01491,8/26/2025,M,830,AI,NA,3DD.0078EDF85D,NA,M,NA,NA,Unassigned,NA,FALL,1,NA,Abv
OtsLGRF25S,OtsLGRF25S_1501,C-01501,8/26/2025,M,730,AI,NA,3DD.0078EDF865,NA,M,OtsLYON22S_1_0365,OtsLYON22S_1_4065,OtsLYON22S_1,3,FALL,1,IPCSR,Abv
OtsLGRF25S,OtsLGRF25S_1511,C-01511,8/26/2025,F,910,AI,NA,3DD.0078EDF882,NA,F,OtsLYON20S_1_0609,OtsLYON20S_1_0578,OtsLYON20S_1,5,FALL,1,LFSO,blw
OtsLGRF25S,OtsLGRF25S_1521,C-01521,8/27/2025,F,770,AD,1,3DD.0078EBC702,NA,F,OtsLYON20S_1_1331,OtsLYON20S_1_0868,OtsLYON20S_1,5,FALL,1,PLA2,Abv
OtsLGRF25S,OtsLGRF25S_1531,C-01531,8/27/2025,M,670,AI,NA,NA,NA,M,OtsLYON22S_1_0418,OtsLYON22S_1_4189,OtsLYON22S_1,3,FALL,1,IPCSR,Abv
OtsLGRF25S,OtsLGRF25S_1541,C-01541,8/27/2025,F,790,AI,NA,3DD.0078EDF86B,NA,F,OtsLYON21S_1_0908,OtsLYON21S_1_1962,OtsLYON21S_1,4,FALL,1,IPCSR,Abv
OtsLGRF25S,OtsLGRF25S_1551,C-01551,8/27/2025,F,790,AI,NA,3DD.0078EDF883,NA,F,NA,NA,Unassigned,NA,FALL,1,NA,Abv
OtsLGRF25S,OtsLGRF25S_1561,C-01561,8/27/2025,M,620,AI,NA,NA,NA,M,OtsLYON22S_1_0534,OtsLYON22S_1_4381,OtsLYON22S_1,3,FALL,1,CJA1,Abv
OtsLGRF25S,OtsLGRF25S_1571,C-01571,8/27/2025,F,820,AI,NA,3DD.0078EBC714,NA,F,OtsLYON20S_1_0263,OtsLYON20S_1_0152,OtsLYON20S_1,5,FALL,1,BCA1,Abv
OtsLGRF25S,OtsLGRF25S_1581,C-01581,8/27/2025,F,830,AD,1,3DD.0078EBC720,NA,M,OtsLYON21S_1_0903,OtsLYON21S_1_1919,OtsLYON21S_1,4,FALL,1,PLA2,Abv
OtsLGRF25S,OtsLGRF25S_1591,C-01591,8/27/2025,F,830,AD,1,3DD.0078EBC731,NA,F,OtsNPFH21S_1_1157,OtsNPFH21S_1_1497,OtsNPFH21S_1,4,FALL,1,NPTH,Abv
OtsLGRF25S,OtsLGRF25S_1601,C-01601,8/27/2025,M,890,AI,NA,3DD.0078EBC72D,NA,M,OtsNPFH20S_1_0810,OtsNPFH20S_1_0736,OtsNPFH20S_1,5,FALL,1,LGA,Abv
OtsLGRF25S,OtsLGRF25S_1611,C-01611,8/27/2025,F,860,AI,NA,3DD.0078EBC742,NA,F,NA,NA,Unassigned,NA,FALL,1,NA,Abv
OtsLGRF25S,OtsLGRF25S_1621,C-01621,8/28/2025,M,800,AD,1,3DD.0078ED672F,NA,M,OtsLYON21S_1_0768,OtsLYON21S_1_0432,OtsLYON21S_1,4,FALL,1,LFSO,blw
OtsLGRF25S,OtsLGRF25S_1631,C-01631,8/28/2025,F,630,AI,NA,NA,NA,F,OtsNPFH22S_1_0324,OtsNPFH22S_1_0239,OtsNPFH22S_1,3,FALL,1,LGA,Abv
OtsLGRF25S,OtsLGRF25S_1641,C-01641,8/28/2025,M,640,AD,1,NA,This individual failed to genotype,U,NG,NG,NA,NA,NA,NA,NG,Abv
OtsLGRF25S,OtsLGRF25S_1651,C-01651,8/28/2025,M,590,AI,NA,NA,NA,M,OtsLYON22S_1_0453,OtsLYON22S_1_4246,OtsLYON22S_1,3,FALL,1,IPCSR,Abv
OtsLGRF25S,OtsLGRF25S_1661,C-01661,8/28/2025,F,730,AI,NA,3DD.0078EBC744,NA,F,OtsLYON21S_1_0729,OtsLYON21S_1_0337,OtsLYON21S_1,4,FALL,1,CJA1,Abv
OtsLGRF25S,OtsLGRF25S_1671,C-01671,8/28/2025,M,650,AI,NA,NA,NA,M,OtsLYON22S_1_0017,OtsLYON22S_1_1046,OtsLYON22S_1,3,FALL,1,PLA1,Abv
OtsLGRF25S,OtsLGRF25S_1681,C-01681,8/28/2025,F,750,AI,NA,3DD.0078EBC70D,NA,F,OtsLYON21S_1_0706,OtsLYON21S_1_0275,OtsLYON21S_1,4,FALL,1,BCA1,Abv
OtsLGRF25S,OtsLGRF25S_1691,C-01691,8/29/2025,M,720,AI,NA,3DD.0078EBC73E,NA,M,OtsLYON22S_1_0236,OtsLYON22S_1_3206,OtsLYON22S_1,3,FALL,1,LFSO,blw
OtsLGRF25S,OtsLGRF25S_1701,C-01701,8/29/2025,F,890,AD,1,3DD.0078EBC6F7,NA,F,OtsLYON20S_1_1338,OtsLYON20S_1_0882,OtsLYON20S_1,5,FALL,1,PLA2,Abv
OtsLGRF25S,OtsLGRF25S_1711,C-01711,8/29/2025,F,700,AD,1,3DD.0078EBC71E,NA,F,OtsLYON22S_1_0038,OtsLYON22S_1_2033,OtsLYON22S_1,3,FALL,1,PLA1,Abv
OtsLGRF25S,OtsLGRF25S_1721,C-01721,8/29/2025,F,670,AI,NA,NA,NA,F,OtsLYON22S_1_0070,OtsLYON22S_1_2087,OtsLYON22S_1,3,FALL,1,BCA1,Abv
OtsLGRF25S,OtsLGRF25S_1731,C-01731,8/29/2025,M,680,AI,NA,NA,NA,M,OtsLYON22S_1_0420,OtsLYON22S_1_4185,OtsLYON22S_1,3,FALL,1,IPCSR,Abv
OtsLGRF25S,OtsLGRF25S_1741,C-01741,8/29/2025,M,770,AI,NA,NA,NA,M,NA,NA,Unassigned,NA,FALL,1,NA,Abv
OtsLGRF25S,OtsLGRF25S_1751,C-01751,8/29/2025,F,760,AI,NA,NA,NA,M,NA,NA,Unassigned,NA,FALL,1,NA,Abv
OtsLGRF25S,OtsLGRF25S_1761,C-01761,8/29/2025,F,750,AI,NA,NA,NA,F,OtsLYON21S_1_0609,OtsLYON21S_1_0014,OtsLYON21S_1,4,FALL,1,PLA1,Abv
OtsLGRF25S,OtsLGRF25S_1771,C-01771,8/29/2025,F,750,AI,NA,3DD.0078ED66F6,NA,F,NA,NA,Unassigned,NA,FALL,1,NA,Abv
OtsLGRF25S,OtsLGRF25S_1781,C-01781,8/29/2025,M,650,AI,NA,NA,NA,M,OtsLYON22S_1_0444,OtsLYON22S_1_4224,OtsLYON22S_1,3,FALL,1,IPCSR,Abv
OtsLGRF25S,OtsLGRF25S_1791,C-01791,8/29/2025,M,440,AD,1,NA,NA,M,OtsLYON23S_1_0116,OtsLYON23S_1_2092,OtsLYON23S_1,2,FALL,1,CJA1,Abv
OtsLGRF25S,OtsLGRF25S_1801,C-01801,8/29/2025,M,590,AI,NA,NA,NA,M,OtsLYON23S_1_0066,OtsLYON23S_1_2038,OtsLYON23S_1,2,FALL,1,CJA1,Abv
OtsLGRF25S,OtsLGRF25S_1811,C-01811,8/29/2025,M,540,AI,NA,NA,NA,M,OtsLYON22S_1_0056,OtsLYON22S_1_2066,OtsLYON22S_1,3,FALL,1,BCA1,Abv
OtsLGRF25S,OtsLGRF25S_1821,C-01821,8/29/2025,M,550,AI,NA,NA,NA,M,OtsLYON22S_1_0465,OtsLYON22S_1_4279,OtsLYON22S_1,3,FALL,1,IPCSR,Abv
OtsLGRF25S,OtsLGRF25S_1831,C-01831,8/30/2025,M,680,AD,1,NA,NA,M,OtsLYON22S_1_0285,OtsLYON22S_1_3319,OtsLYON22S_1,3,FALL,1,BCA2,Abv
OtsLGRF25S,OtsLGRF25S_1841,C-01841,8/30/2025,F,850,AI,NA,NA,NA,F,OtsLYON20S_1_0441,OtsLYON20S_1_1144,OtsLYON20S_1,5,FALL,1,CJA1,Abv
OtsLGRF25S,OtsLGRF25S_1851,C-01851,8/30/2025,F,650,AD,1,NA,NA,F,NA,NA,Unassigned,NA,FALL,1,NA,Abv
OtsLGRF25S,OtsLGRF25S_1861,C-01861,8/30/2025,M,640,AI,NA,NA,NA,M,NA,NA,Unassigned,NA,FALL,1,NA,Abv
OtsLGRF25S,OtsLGRF25S_1871,C-01871,8/30/2025,M,650,AI,NA,NA,NA,M,OtsLYON22S_1_0007,OtsLYON22S_1_1020,OtsLYON22S_1,3,FALL,1,PLA1,Abv
OtsLGRF25S,OtsLGRF25S_1881,C-01881,8/30/2025,M,650,AD,1,NA,NA,M,OtsLYON22S_1_0092,OtsLYON22S_1_2126,OtsLYON22S_1,3,FALL,1,BCA1,Abv
OtsLGRF25S,OtsLGRF25S_1891,C-01891,8/30/2025,F,670,AD,1,NA,NA,F,OtsLYON22S_1_0333,OtsLYON22S_1_3383,OtsLYON22S_1,3,FALL,1,PLA2,Abv
OtsLGRF25S,OtsLGRF25S_1901,C-01901,8/30/2025,F,680,AI,NA,NA,NA,F,OtsLYON21S_1_0712,OtsLYON21S_1_0298,OtsLYON21S_1,4,FALL,1,CJA1,Abv
OtsLGRF25S,OtsLGRF25S_1911,C-01911,8/30/2025,F,800,AD,1,3DD.0078ED670F,NA,F,OtsLYON20S_1_0481,OtsLYON20S_1_0540,OtsLYON20S_1,5,FALL,1,LFSO,blw
OtsLGRF25S,OtsLGRF25S_1921,C-01921,8/30/2025,F,800,AD,1,3DD.0078EDF593,NA,F,OtsLYON21S_1_0780,OtsLYON21S_1_0450,OtsLYON21S_1,4,FALL,1,LFSO,blw
OtsLGRF25S,OtsLGRF25S_1931,C-01931,8/30/2025,M,590,AI,NA,NA,NA,M,OtsLYON22S_1_0109,OtsLYON22S_1_2159,OtsLYON22S_1,3,FALL,1,BCA1,Abv
OtsLGRF25S,OtsLGRF25S_1941,C-01941,8/30/2025,M,650,AI,NA,NA,NA,M,OtsLYON22S_1_0042,OtsLYON22S_1_2043,OtsLYON22S_1,3,FALL,1,PLA1,Abv
OtsLGRF25S,OtsLGRF25S_1951,C-01951,8/30/2025,F,840,AI,NA,3DD.0078EDF58E,NA,F,OtsLYON20S_1_0280,OtsLYON20S_1_0186,OtsLYON20S_1,5,FALL,1,BCA1,Abv
OtsLGRF25S,OtsLGRF25S_1961,C-01961,8/30/2025,F,830,AD,1,3DD.0078EDF579,NA,F,OtsLYON21S_1_0753,OtsLYON21S_1_0392,OtsLYON21S_1,4,FALL,1,CJA1,Abv
OtsLGRF25S,OtsLGRF25S_1971,C-01971,8/30/2025,F,750,AD,1,3DD.0078EDF5A3,NA,F,OtsLYON21S_1_0781,OtsLYON21S_1_0455,OtsLYON21S_1,4,FALL,1,LFSO,blw
OtsLGRF25S,OtsLGRF25S_1981,C-01981,8/30/2025,M,460,AD,1,NA,NA,M,OtsLYON23S_1_0095,OtsLYON23S_1_2059,OtsLYON23S_1,2,FALL,1,CJA1,Abv
OtsLGRF25S,OtsLGRF25S_1991,C-01991,8/30/2025,M,580,AD,1,NA,NA,M,OtsLYON23S_1_0123,OtsLYON23S_1_2103,OtsLYON23S_1,2,FALL,1,CJA1,Abv
OtsLGRF25S,OtsLGRF25S_2001,C-02001,8/30/2025,F,790,AI,NA,3DD.0078EDF56D,NA,F,OtsLYON21S_1_0719,OtsLYON21S_1_0318,OtsLYON21S_1,4,FALL,1,CJA1,Abv
OtsLGRF25S,OtsLGRF25S_2011,C-02011,8/30/2025,M,600,AD,1,NA,NA,M,OtsLYON22S_1_0530,OtsLYON22S_1_4361,OtsLYON22S_1,3,FALL,1,GRR,Abv
OtsLGRF25S,OtsLGRF25S_2021,C-02021,8/30/2025,F,780,AD,1,3DD.0078EDF56C,NA,F,OtsLYON21S_1_0632,OtsLYON21S_1_0059,OtsLYON21S_1,4,FALL,1,PLA1,Abv
OtsLGRF25S,OtsLGRF25S_2031,C-02031,8/30/2025,F,790,AD,1,3DD.0078EDF5C7,NA,F,OtsLYON20S_1_0607,OtsLYON20S_1_0562,OtsLYON20S_1,5,FALL,1,LFSO,blw
OtsLGRF25S,OtsLGRF25S_2041,C-02041,8/31/2025,M,770,AD,1,3DD.0078EDF57D,NA,M,OtsLYON22S_1_0148,OtsLYON22S_1_3026,OtsLYON22S_1,3,FALL,1,CJA1,Abv
OtsLGRF25S,OtsLGRF25S_2051,C-02051,8/31/2025,M,610,AI,NA,NA,NA,M,OtsLYON22S_1_0423,OtsLYON22S_1_4206,OtsLYON22S_1,3,FALL,1,IPCSR,Abv
OtsLGRF25S,OtsLGRF25S_2061,C-02061,8/31/2025,M,610,AD,1,NA,NA,M,OtsLYON22S_1_0303,OtsLYON22S_1_3359,OtsLYON22S_1,3,FALL,1,PLA2,Abv
OtsLGRF25S,OtsLGRF25S_2071,C-02071,8/31/2025,M,690,AI,NA,NA,This individual failed to genotype,U,NG,NG,NA,NA,NA,NA,NG,Abv
OtsLGRF25S,OtsLGRF25S_2081,C-02081,8/31/2025,M,610,AI,NA,NA,NA,M,OtsNPFH22S_1_0656,OtsNPFH22S_1_0607,OtsNPFH22S_1,3,FALL,1,NLVA,Abv
OtsLGRF25S,OtsLGRF25S_2091,C-02091,8/31/2025,M,640,AI,NA,NA,NA,M,OtsLYON22S_1_0237,OtsLYON22S_1_3207,OtsLYON22S_1,3,FALL,1,LFSO,blw
OtsLGRF25S,OtsLGRF25S_2101,C-02101,8/31/2025,F,730,AI,NA,3DD.007763E902,NA,F,OtsLYON21S_1_0758,OtsLYON21S_1_0406,OtsLYON21S_1,4,FALL,1,CJA1,Abv
OtsLGRF25S,OtsLGRF25S_2111,C-02111,8/31/2025,F,690,AI,NA,NA,NA,F,OtsLYON22S_1_0580,OtsLYON22S_1_5101,OtsLYON22S_1,3,FALL,1,LFSO,blw
OtsLGRF25S,OtsLGRF25S_2121,C-02121,8/31/2025,F,730,AD,1,3DD.00777AD3A9,NA,F,OtsLYON21S_1_0912,OtsLYON21S_1_1991,OtsLYON21S_1,4,FALL,1,IPCSR,Abv
OtsLGRF25S,OtsLGRF25S_2131,C-02131,8/31/2025,F,640,AI,NA,NA,NA,F,OtsLYON22S_1_0350,OtsLYON22S_1_4032,OtsLYON22S_1,3,FALL,1,IPCSR,Abv
OtsLGRF25S,OtsLGRF25S_2141,C-02141,8/31/2025,M,660,AI,NA,NA,NA,F,OtsLYON22S_1_0241,OtsLYON22S_1_3217,OtsLYON22S_1,3,FALL,1,LFSO,blw
OtsLGRF25S,OtsLGRF25S_2151,C-02151,8/31/2025,M,580,AI,NA,NA,NA,M,OtsLYON22S_1_0017,OtsLYON22S_1_1045,OtsLYON22S_1,3,FALL,1,PLA1,Abv
OtsLGRF25S,OtsLGRF25S_2161,C-02161,8/31/2025,M,610,AD,1,NA,NA,M,OtsLYON22S_1_0170,OtsLYON22S_1_3074,OtsLYON22S_1,3,FALL,1,CJA1,Abv
OtsLGRF25S,OtsLGRF25S_2171,C-02171,8/31/2025,M,690,AD,1,NA,NA,M,OtsLYON21S_1_0708,OtsLYON21S_1_0283,OtsLYON21S_1,4,FALL,1,BCA1,Abv
OtsLGRF25S,OtsLGRF25S_2181,C-02181,8/31/2025,M,660,AI,NA,NA,NA,M,OtsLYON22S_1_0143,OtsLYON22S_1_3008,OtsLYON22S_1,3,FALL,1,CJA1,Abv
OtsLGRF25S,OtsLGRF25S_2191,C-02191,8/31/2025,M,830,AI,NA,3DD.0077689BD1,NA,M,NA,NA,Unassigned,NA,FALL,1,NA,Abv
OtsLGRF25S,OtsLGRF25S_2201,C-02201,8/31/2025,F,730,AD,1,3DD.0077642B75,NA,F,OtsLYON21S_1_0731,OtsLYON21S_1_0331,OtsLYON21S_1,4,FALL,1,CJA1,Abv
OtsLGRF25S,OtsLGRF25S_2211,C-02211,8/31/2025,M,550,AD,1,NA,NA,M,OtsLYON22S_1_0028,OtsLYON22S_1_2018,OtsLYON22S_1,3,FALL,1,PLA1,Abv
OtsLGRF25S,OtsLGRF25S_2221,C-02221,8/31/2025,F,620,AI,NA,NA,NA,F,OtsLYON22S_1_0082,OtsLYON22S_1_2116,OtsLYON22S_1,3,FALL,1,BCA1,Abv
OtsLGRF25S,OtsLGRF25S_2231,C-02231,8/31/2025,M,690,AD,1,NA,This individual failed to genotype,U,NG,NG,NA,NA,NA,NA,NG,Abv
OtsLGRF25S,OtsLGRF25S_2241,C-02241,8/31/2025,M,620,AD,1,NA,NA,M,OtsLYON22S_1_0054,OtsLYON22S_1_2055,OtsLYON22S_1,3,FALL,1,BCA1,Abv
OtsLGRF25S,OtsLGRF25S_2251,C-02251,8/31/2025,M,710,AI,NA,3DD.00777AD4E2,NA,M,OtsLYON22S_1_0107,OtsLYON22S_1_2163,OtsLYON22S_1,3,FALL,1,BCA1,Abv
OtsLGRF25S,OtsLGRF25S_2261,C-02261,8/31/2025,M,680,AI,NA,NA,NA,M,OtsLYON22S_1_0173,OtsLYON22S_1_3060,OtsLYON22S_1,3,FALL,1,CJA1,Abv
OtsLGRF25S,OtsLGRF25S_2271,C-02271,8/31/2025,F,790,AI,NA,3DD.0077643560,NA,F,OtsLYON21S_1_0684,OtsLYON21S_1_0225,OtsLYON21S_1,4,FALL,1,BCA1,Abv
OtsLGRF25S,OtsLGRF25S_2281,C-02281,8/31/2025,M,600,AD,1,NA,NA,M,OtsLYON22S_1_0500,OtsLYON22S_1_4327,OtsLYON22S_1,3,FALL,1,GRR,Abv
OtsLGRF25S,OtsLGRF25S_2291,C-02291,8/31/2025,M,610,AD,1,NA,NA,M,OtsLYON21S_1_0895,OtsLYON21S_1_1912,OtsLYON21S_1,4,FALL,1,PLA2,Abv
OtsLGRF25S,OtsLGRF25S_2301,C-02301,8/31/2025,M,650,AI,NA,NA,NA,M,OtsLYON22S_1_0439,OtsLYON22S_1_4249,OtsLYON22S_1,3,FALL,1,IPCSR,Abv
OtsLGRF25S,OtsLGRF25S_2311,C-02311,8/31/2025,M,660,AD,1,NA,NA,M,OtsLYON22S_1_0046,OtsLYON22S_1_2047,OtsLYON22S_1,3,FALL,1,PLA1,Abv
OtsLGRF25S,OtsLGRF25S_2321,C-02321,8/31/2025,F,880,AI,NA,3DD.00777A8FE3,NA,F,NA,NA,Unassigned,NA,FALL,1,NA,Abv
OtsLGRF25S,OtsLGRF25S_2331,C-02331,8/31/2025,F,810,AI,NA,3DD.0077642C46,NA,F,NA,NA,Unassigned,NA,FALL,1,NA,Abv
OtsLGRF25S,OtsLGRF25S_2341,C-02341,8/31/2025,M,640,AI,NA,NA,NA,M,OtsLYON22S_1_0171,OtsLYON22S_1_3057,OtsLYON22S_1,3,FALL,1,CJA1,Abv
OtsLGRF25S,OtsLGRF25S_2351,C-02351,8/31/2025,F,720,AI,NA,3DD.0078EDF03C,NA,M,OtsLYON22S_1_0406,OtsLYON22S_1_4171,OtsLYON22S_1,3,FALL,1,IPCSR,Abv
OtsLGRF25S,OtsLGRF25S_2361,C-02361,8/31/2025,M,440,AI,NA,3DD.0078CB2BB3,NA,M,OtsLYON23S_1_0036,OtsLYON23S_1_1078,OtsLYON23S_1,2,FALL,1,PLA1,Abv
OtsLGRF25S,OtsLGRF25S_2371,C-02371,8/31/2025,F,780,AD,1,3DD.0078EDF021,NA,F,OtsLYON20S_1_1321,OtsLYON20S_1_0853,OtsLYON20S_1,5,FALL,1,GRR,Abv
OtsLGRF25S,OtsLGRF25S_2381,C-02381,8/31/2025,M,850,AD,1,3DD.0078EDF035,NA,M,OtsLYON21S_1_0908,OtsLYON21S_1_1966,OtsLYON21S_1,4,FALL,1,IPCSR,Abv
OtsLGRF25S,OtsLGRF25S_2391,C-02391,8/31/2025,F,750,AD,1,3DD.0078EDF02E,NA,F,OtsLYON22S_1_0163,OtsLYON22S_1_3043,OtsLYON22S_1,3,FALL,1,CJA1,Abv
OtsLGRF25S,OtsLGRF25S_2401,C-02401,8/31/2025,F,840,AI,NA,3DD.0078EDF023,NA,F,OtsLYON20S_1_1485,OtsLYON20S_1_1286,OtsLYON20S_1,5,FALL,1,IPCSR,Abv
OtsLGRF25S,OtsLGRF25S_2411,C-02411,8/31/2025,M,460,AI,NA,NA,NA,M,OtsLYON23S_1_0238,OtsLYON23S_1_2314,OtsLYON23S_1,2,FALL,1,LFSO,blw
OtsLGRF25S,OtsLGRF25S_2421,C-02421,9/1/2025,F,690,AI,NA,NA,NA,F,OtsLYON22S_1_0166,OtsLYON22S_1_3045,OtsLYON22S_1,3,FALL,1,CJA1,Abv
OtsLGRF25S,OtsLGRF25S_2431,C-02431,9/1/2025,F,660,AD,1,NA,NA,F,OtsLYON22S_1_0148,OtsLYON22S_1_3026,OtsLYON22S_1,3,FALL,1,CJA1,Abv
OtsLGRF25S,OtsLGRF25S_2441,C-02441,9/1/2025,M,630,AI,NA,NA,NA,M,OtsLYON22S_1_0218,OtsLYON22S_1_3183,OtsLYON22S_1,3,FALL,1,LFSO,blw
OtsLGRF25S,OtsLGRF25S_2451,C-02451,9/1/2025,M,630,AI,NA,NA,NA,M,OtsLYON22S_1_0458,OtsLYON22S_1_4271,OtsLYON22S_1,3,FALL,1,IPCSR,Abv
OtsLGRF25S,OtsLGRF25S_2461,C-02461,9/1/2025,F,800,AI,NA,3DD.0078EDEFFB,NA,F,NA,NA,Unassigned,NA,FALL,1,NA,Abv
OtsLGRF25S,OtsLGRF25S_2471,C-02471,9/1/2025,M,340,AI,NA,NA,NA,M,NA,NA,Unassigned,NA,FALL,1,NA,Abv
OtsLGRF25S,OtsLGRF25S_2481,C-02481,9/1/2025,F,820,AD,1,3DD.0078EDEFFC,NA,F,OtsLYON21S_1_0628,OtsLYON21S_1_0056,OtsLYON21S_1,4,FALL,1,PLA1,Abv
OtsLGRF25S,OtsLGRF25S_2491,C-02491,9/1/2025,F,630,AI,NA,NA,NA,F,OtsLYON22S_1_0217,OtsLYON22S_1_3171,OtsLYON22S_1,3,FALL,1,LFSO,blw
OtsLGRF25S,OtsLGRF25S_2501,C-02501,9/1/2025,M,460,AI,NA,NA,NA,M,OtsLYON23S_1_0060,OtsLYON23S_1_1125,OtsLYON23S_1,2,FALL,1,CJA1,Abv
OtsLGRF25S,OtsLGRF25S_2511,C-02511,9/1/2025,M,650,AI,NA,NA,NA,M,OtsLYON22S_1_0116,OtsLYON22S_1_2185,OtsLYON22S_1,3,FALL,1,CJA1,Abv
OtsLGRF25S,OtsLGRF25S_2521,C-02521,9/1/2025,M,640,AI,NA,NA,NA,M,NA,NA,Unassigned,NA,FALL,1,NA,Abv
OtsLGRF25S,OtsLGRF25S_2531,C-02531,9/1/2025,M,730,AI,NA,3DD.007775EDC9,NA,M,NA,NA,Unassigned,NA,FALL,1,NA,Abv
OtsLGRF25S,OtsLGRF25S_2541,C-02541,9/1/2025,M,720,AD,1,3DD.007774FA38,NA,M,OtsLYON22S_1_0077,OtsLYON22S_1_2106,OtsLYON22S_1,3,FALL,1,BCA1,Abv
OtsLGRF25S,OtsLGRF25S_2551,C-02551,9/1/2025,M,840,AI,NA,3DD.007775B718,NA,M,OtsNPFH21S_1_1637,OtsNPFH21S_1_1556,OtsNPFH21S_1,4,FALL,1,LGA,Abv
OtsLGRF25S,OtsLGRF25S_2561,C-02561,9/1/2025,F,770,AI,NA,3DD.007775B008,NA,F,OtsLYON21S_1_0760,OtsLYON21S_1_0410,OtsLYON21S_1,4,FALL,1,CJA1,Abv
OtsLGRF25S,OtsLGRF25S_2571,C-02571,9/1/2025,F,800,AI,NA,3DD.0078EDF016,NA,F,NA,NA,Unassigned,NA,FALL,1,NA,Abv
OtsLGRF25S,OtsLGRF25S_2581,C-02581,9/1/2025,M,760,AI,NA,3DD.0078EDEFFF,NA,M,NA,NA,Unassigned,NA,FALL,1,NA,Abv
OtsLGRF25S,OtsLGRF25S_2591,C-02591,9/1/2025,F,670,AI,NA,NA,NA,F,OtsLYON22S_1_0117,OtsLYON22S_1_2195,OtsLYON22S_1,3,FALL,1,CJA1,Abv
OtsLGRF25S,OtsLGRF25S_2601,C-02601,9/1/2025,F,730,AD,1,3DD.0077746940,NA,F,OtsLYON21S_1_0890,OtsLYON21S_1_1893,OtsLYON21S_1,4,FALL,1,PLA2,Abv
OtsLGRF25S,OtsLGRF25S_2611,C-02611,9/1/2025,F,850,AI,NA,3DD.007774CC9A,NA,F,OtsNPFH21S_1_1624,OtsNPFH21S_1_1543,OtsNPFH21S_1,4,FALL,1,LGA,Abv
OtsLGRF25S,OtsLGRF25S_2621,C-02621,9/1/2025,M,690,AD,1,NA,NA,M,OtsNPFH22S_1_0481,OtsNPFH22S_1_0421,OtsNPFH22S_1,3,FALL,1,NLVA,Abv
OtsLGRF25S,OtsLGRF25S_2631,C-02631,9/1/2025,M,570,AD,1,NA,NA,M,OtsLYON22S_1_0061,OtsLYON22S_1_2085,OtsLYON22S_1,3,FALL,1,BCA1,Abv
OtsLGRF25S,OtsLGRF25S_2641,C-02641,9/1/2025,M,680,AD,1,NA,NA,M,OtsLYON22S_1_0282,OtsLYON22S_1_3278,OtsLYON22S_1,3,FALL,1,BCA2,Abv
OtsLGRF25S,OtsLGRF25S_2651,C-02651,9/1/2025,F,720,AD,1,3DD.0077753839,NA,F,OtsLYON21S_1_0637,OtsLYON21S_1_0070,OtsLYON21S_1,4,FALL,1,PLA1,Abv
OtsLGRF25S,OtsLGRF25S_2661,C-02661,9/2/2025,F,650,AI,NA,NA,NA,F,OtsLYON22S_1_0018,OtsLYON22S_1_1049,OtsLYON22S_1,3,FALL,1,PLA1,Abv
OtsLGRF25S,OtsLGRF25S_2671,C-02671,9/2/2025,F,740,AI,NA,3DD.00777578A2,NA,F,NA,NA,Unassigned,NA,FALL,1,NA,Abv
OtsLGRF25S,OtsLGRF25S_2681,C-02681,9/2/2025,M,670,AI,NA,NA,NA,M,NA,NA,Unassigned,NA,FALL,1,NA,Abv
OtsLGRF25S,OtsLGRF25S_2691,C-02691,9/2/2025,F,690,AI,NA,NA,NA,F,OtsLYON22S_1_0410,OtsLYON22S_1_4167,OtsLYON22S_1,3,FALL,1,IPCSR,Abv
OtsLGRF25S,OtsLGRF25S_2701,C-02701,9/2/2025,M,840,AD,1,3DD.007775D48C,NA,M,OtsLYON20S_1_0290,OtsLYON20S_1_1040,OtsLYON20S_1,5,FALL,1,CJA1,Abv
OtsLGRF25S,OtsLGRF25S_2711,C-02711,9/2/2025,M,460,AI,NA,NA,NA,M,OtsLYON23S_1_0027,OtsLYON23S_1_1066,OtsLYON23S_1,2,FALL,1,PLA1,Abv
OtsLGRF25S,OtsLGRF25S_2721,C-02721,9/2/2025,M,610,AI,NA,NA,NA,M,OtsLYON22S_1_0421,OtsLYON22S_1_4202,OtsLYON22S_1,3,FALL,1,IPCSR,Abv
OtsLGRF25S,OtsLGRF25S_2731,C-02731,9/2/2025,M,430,AD,1,NA,NA,M,OtsLYON23S_1_0353,OtsLYON23S_1_3201,OtsLYON23S_1,2,FALL,1,BCA2,Abv
OtsLGRF25S,OtsLGRF25S_2741,C-02741,9/2/2025,M,530,AI,NA,NA,NA,M,NA,NA,Unassigned,NA,FALL,1,NA,Abv
OtsLGRF25S,OtsLGRF25S_2751,C-02751,9/2/2025,F,860,AI,NA,3DD.0077B400C4,NA,F,OtsLYON21S_1_0905,OtsLYON21S_1_1944,OtsLYON21S_1,4,FALL,1,IPCSR,Abv
OtsLGRF25S,OtsLGRF25S_2761,C-02761,9/2/2025,M,740,AI,NA,3DD.0077CC6B03,NA,M,OtsLYON22S_1_0450,OtsLYON22S_1_4243,OtsLYON22S_1,3,FALL,1,IPCSR,Abv
OtsLGRF25S,OtsLGRF25S_2771,C-02771,9/2/2025,M,610,AD,1,NA,NA,M,OtsLYON22S_1_0019,OtsLYON22S_1_1047,OtsLYON22S_1,3,FALL,1,PLA1,Abv
OtsLGRF25S,OtsLGRF25S_2781,C-02781,9/2/2025,M,690,AD,1,3DD.003E272025,NA,M,OtsLYON22S_1_0154,OtsLYON22S_1_3028,OtsLYON22S_1,3,FALL,1,CJA1,Abv
OtsLGRF25S,OtsLGRF25S_2791,C-02791,9/2/2025,F,890,AI,NA,3DD.007774E48A,NA,M,NA,NA,Unassigned,NA,FALL,1,NA,Abv
OtsLGRF25S,OtsLGRF25S_2801,C-02801,9/2/2025,F,800,AI,NA,3DD.0077B5B1E0,NA,F,OtsNPFH21S_1_0479,OtsNPFH21S_1_0417,OtsNPFH21S_1,4,FALL,1,NLVA,Abv
OtsLGRF25S,OtsLGRF25S_2811,C-02811,9/2/2025,M,580,AD,1,NA,NA,M,OtsLYON22S_1_0028,OtsLYON22S_1_2018,OtsLYON22S_1,3,FALL,1,PLA1,Abv
OtsLGRF25S,OtsLGRF25S_2821,C-02821,9/2/2025,F,770,AD,1,3DD.0077B587FB,NA,F,OtsLYON21S_1_0899,OtsLYON21S_1_1909,OtsLYON21S_1,4,FALL,1,PLA2,Abv
OtsLGRF25S,OtsLGRF25S_2831,C-02831,9/2/2025,F,700,AD,1,3DD.003D980680,NA,F,OtsLYON21S_1_0899,OtsLYON21S_1_1914,OtsLYON21S_1,4,FALL,1,PLA2,Abv
OtsLGRF25S,OtsLGRF25S_2841,C-02841,9/3/2025,M,620,AI,NA,NA,NA,M,OtsLYON22S_1_0079,OtsLYON22S_1_2109,OtsLYON22S_1,3,FALL,1,BCA1,Abv
OtsLGRF25S,OtsLGRF25S_2851,C-02851,9/3/2025,M,570,AI,NA,NA,NA,M,OtsLYON22S_1_0379,OtsLYON22S_1_4110,OtsLYON22S_1,3,FALL,1,IPCSR,Abv
OtsLGRF25S,OtsLGRF25S_2861,C-02861,9/3/2025,M,640,AI,NA,NA,NA,M,OtsLYON21S_1_0622,OtsLYON21S_1_0042,OtsLYON21S_1,4,FALL,1,PLA1,Abv
OtsLGRF25S,OtsLGRF25S_2871,C-02871,9/3/2025,M,750,AD,1,3DD.0077CCC969,NA,M,OtsLYON20S_1_1419,OtsLYON20S_1_1000,OtsLYON20S_1,5,FALL,1,LFYO,blw
OtsLGRF25S,OtsLGRF25S_2881,C-02881,9/3/2025,F,820,AD,1,3DD.0077B43B26,NA,F,OtsLYON21S_1_0849,OtsLYON21S_1_1810,OtsLYON21S_1,4,FALL,1,CJA2,Abv
OtsLGRF25S,OtsLGRF25S_2891,C-02891,9/3/2025,F,850,AI,NA,3DD.0077CCE8AE,NA,F,OtsNPFH20S_1_0459,OtsNPFH20S_1_0403,OtsNPFH20S_1,5,FALL,1,LGA,Abv
OtsLGRF25S,OtsLGRF25S_2901,C-02901,9/3/2025,F,840,AD,1,3DD.0077B40BFA,NA,F,OtsNPFH20S_1_0807,OtsNPFH20S_1_0727,OtsNPFH20S_1,5,FALL,1,NPTH,Abv
OtsLGRF25S,OtsLGRF25S_2911,C-02911,9/3/2025,F,860,AI,NA,3DD.0077B534C3,NA,F,OtsNPFH21S_1_1649,OtsNPFH21S_1_1572,OtsNPFH21S_1,4,FALL,1,LGA,Abv
OtsLGRF25S,OtsLGRF25S_2921,C-02921,9/3/2025,M,510,AD,1,NA,NA,M,OtsLYON23S_1_0022,OtsLYON23S_1_1049,OtsLYON23S_1,2,FALL,1,PLA1,Abv
OtsLGRF25S,OtsLGRF25S_2931,C-02931,9/3/2025,M,400,AI,NA,NA,NA,M,OtsLYON23S_1_0495,OtsLYON23S_1_4131,OtsLYON23S_1,2,FALL,1,IPCSR,Abv
OtsLGRF25S,OtsLGRF25S_2941,C-02941,9/3/2025,M,640,AD,1,NA,NA,M,OtsLYON22S_1_0521,OtsLYON22S_1_4363,OtsLYON22S_1,3,FALL,1,GRR,Abv
OtsLGRF25S,OtsLGRF25S_2951,C-02951,9/3/2025,F,760,AI,NA,3DD.0077B4771C,NA,F,OtsLYON21S_1_0933,OtsLYON21S_1_1746,OtsLYON21S_1,4,FALL,1,IPCSR,Abv
OtsLGRF25S,OtsLGRF25S_2961,C-02961,9/3/2025,F,650,AD,1,NA,NA,F,OtsLYON22S_1_0189,OtsLYON22S_1_3122,OtsLYON22S_1,3,FALL,1,LFSO,blw
OtsLGRF25S,OtsLGRF25S_2971,C-02971,9/3/2025,M,660,AD,1,NA,NA,F,OtsLYON22S_1_0315,OtsLYON22S_1_3397,OtsLYON22S_1,3,FALL,1,PLA2,Abv
OtsLGRF25S,OtsLGRF25S_2981,C-02981,9/3/2025,M,630,AI,NA,NA,NA,M,OtsLYON22S_1_0462,OtsLYON22S_1_4261,OtsLYON22S_1,3,FALL,1,IPCSR,Abv
OtsLGRF25S,OtsLGRF25S_2991,C-02991,9/3/2025,F,740,AI,NA,3DD.0077CCDE92,NA,F,NA,NA,Unassigned,NA,FALL,1,NA,Abv
OtsLGRF25S,OtsLGRF25S_3001,C-03001,9/3/2025,M,700,AD,1,3DD.0077CC6B6C,NA,M,OtsLYON22S_1_0285,OtsLYON22S_1_3320,OtsLYON22S_1,3,FALL,1,BCA2,Abv
OtsLGRF25S,OtsLGRF25S_3011,C-03011,9/3/2025,F,810,AI,NA,3DD.0077B5ABD4,NA,F,OtsLYON21S_1_0962,OtsLYON21S_1_2007,OtsLYON21S_1,4,FALL,1,IPCSR,Abv
OtsLGRF25S,OtsLGRF25S_3021,C-03021,9/3/2025,F,760,AI,NA,3DD.0077B456B5,NA,F,OtsLYON21S_1_0658,OtsLYON21S_1_0115,OtsLYON21S_1,4,FALL,1,PLA1,Abv
OtsLGRF25S,OtsLGRF25S_3031,C-03031,9/3/2025,F,810,AI,NA,3DD.0077B4571A,NA,F,OtsLYON21S_1_0655,OtsLYON21S_1_0118,OtsLYON21S_1,4,FALL,1,BCA1,Abv
OtsLGRF25S,OtsLGRF25S_3041,C-03041,9/3/2025,M,710,AI,NA,3DD.0077B53D6F,NA,M,OtsLYON22S_1_0226,OtsLYON22S_1_3187,OtsLYON22S_1,3,FALL,1,LFSO,blw
OtsLGRF25S,OtsLGRF25S_3051,C-03051,9/3/2025,M,650,AD,1,NA,NA,M,OtsLYON22S_1_0052,OtsLYON22S_1_2083,OtsLYON22S_1,3,FALL,1,BCA1,Abv
OtsLGRF25S,OtsLGRF25S_3061,C-03061,9/3/2025,M,690,AD,1,NA,NA,M,OtsLYON21S_1_0626,OtsLYON21S_1_0050,OtsLYON21S_1,4,FALL,1,PLA1,Abv
OtsLGRF25S,OtsLGRF25S_3071,C-03071,9/3/2025,M,660,AD,1,NA,NA,M,NA,NA,Unassigned,NA,FALL,1,NA,Abv
OtsLGRF25S,OtsLGRF25S_3081,C-03081,9/3/2025,F,730,AD,1,3DD.0077CC7523,NA,F,OtsLYON21S_1_0746,OtsLYON21S_1_0364,OtsLYON21S_1,4,FALL,1,CJA1,Abv
OtsLGRF25S,OtsLGRF25S_3091,C-03091,9/4/2025,M,620,AD,1,NA,NA,M,OtsLYON22S_1_0528,OtsLYON22S_1_4365,OtsLYON22S_1,3,FALL,1,GRR,Abv
OtsLGRF25S,OtsLGRF25S_3101,C-03101,9/4/2025,M,810,AD,1,3DD.003D7F73DB,NA,M,OtsNPFH21S_1_1158,OtsNPFH21S_1_1201,OtsNPFH21S_1,4,FALL,1,NPTH,Abv
OtsLGRF25S,OtsLGRF25S_3111,C-03111,9/4/2025,M,620,AI,NA,NA,NA,M,OtsLYON22S_1_0106,OtsLYON22S_1_2166,OtsLYON22S_1,3,FALL,1,BCA1,Abv
OtsLGRF25S,OtsLGRF25S_3121,C-03121,9/4/2025,F,800,AD,1,3DD.003D7F741F,NA,F,OtsLYON21S_1_0960,OtsLYON21S_1_2003,OtsLYON21S_1,4,FALL,1,IPCSR,Abv
OtsLGRF25S,OtsLGRF25S_3131,C-03131,9/4/2025,M,940,AI,NA,3DD.0077B5967C,NA,M,OtsNPFH20S_1_0821,OtsNPFH20S_1_0755,OtsNPFH20S_1,5,FALL,1,NPTH,Abv
OtsLGRF25S,OtsLGRF25S_3141,C-03141,9/4/2025,F,790,AI,NA,3DD.0077B53466,NA,F,OtsLYON21S_1_0806,OtsLYON21S_1_1604,OtsLYON21S_1,4,FALL,1,LFSO,blw
OtsLGRF25S,OtsLGRF25S_3151,C-03151,9/4/2025,M,530,AI,NA,NA,NA,M,NA,NA,Unassigned,NA,FALL,1,NA,Abv
OtsLGRF25S,OtsLGRF25S_3161,C-03161,9/4/2025,M,470,AD,1,NA,This individual failed to genotype,U,NG,NG,NA,NA,NA,NA,NG,Abv
OtsLGRF25S,OtsLGRF25S_3171,C-03171,9/4/2025,M,640,AI,NA,NA,NA,M,NA,NA,Unassigned,NA,FALL,1,NA,Abv
OtsLGRF25S,OtsLGRF25S_3181,C-03181,9/4/2025,F,690,AD,1,3DD.0078F63CDC,NA,F,OtsLYON21S_1_1082,OtsLYON21S_1_1284,OtsLYON21S_1,4,FALL,1,LFYO,blw
OtsLGRF25S,OtsLGRF25S_3191,C-03191,9/4/2025,M,750,AI,NA,3DD.0077CCEA8F,NA,M,OtsLYON21S_1_0931,OtsLYON21S_1_1730,OtsLYON21S_1,4,FALL,1,IPCSR,Abv
OtsLGRF25S,OtsLGRF25S_3201,C-03201,9/4/2025,F,810,AI,NA,3DD.0077CCF2A3,NA,F,OtsNPFH20S_1_0066,OtsNPFH20S_1_0008,OtsNPFH20S_1,5,FALL,1,NPTH,Abv
OtsLGRF25S,OtsLGRF25S_3211,C-03211,9/4/2025,M,490,AI,NA,NA,NA,M,OtsLYON23S_1_0270,OtsLYON23S_1_3053,OtsLYON23S_1,2,FALL,1,LFSO,blw
OtsLGRF25S,OtsLGRF25S_3221,C-03221,9/4/2025,M,440,AI,NA,NA,NA,M,OtsLYON23S_1_0059,OtsLYON23S_1_1124,OtsLYON23S_1,2,FALL,1,CJA1,Abv
OtsLGRF25S,OtsLGRF25S_3231,C-03231,9/4/2025,M,450,AD,1,NA,NA,M,OtsLYON23S_1_0335,OtsLYON23S_1_3172,OtsLYON23S_1,2,FALL,1,CJA2,Abv
OtsLGRF25S,OtsLGRF25S_3241,C-03241,9/4/2025,M,520,AI,NA,NA,NA,M,OtsLYON23S_1_0519,OtsLYON23S_1_4187,OtsLYON23S_1,2,FALL,1,IPCSR,Abv
OtsLGRF25S,OtsLGRF25S_3251,C-03251,9/4/2025,F,790,AI,NA,3DD.003D7F7402,NA,F,OtsLYON21S_1_0814,OtsLYON21S_1_1640,OtsLYON21S_1,4,FALL,1,LFSO,blw
OtsLGRF25S,OtsLGRF25S_3261,C-03261,9/4/2025,F,740,AI,NA,3DD.003D7F741D,NA,M,NA,NA,Unassigned,NA,FALL,1,NA,Abv
OtsLGRF25S,OtsLGRF25S_3271,C-03271,9/4/2025,F,790,AI,NA,3DD.003D7F73D8,This individual failed to genotype,U,NG,NG,NA,NA,NA,NA,NG,Abv
OtsLGRF25S,OtsLGRF25S_3281,C-03281,9/4/2025,F,720,AI,NA,3DD.003D7F73DA,This individual failed to genotype,U,NG,NG,NA,NA,NA,NA,NG,Abv
OtsLGRF25S,OtsLGRF25S_3291,C-03291,9/4/2025,F,750,AD,1,3DD.003D7F73E0,This individual failed to genotype,U,NG,NG,NA,NA,NA,NA,NG,Abv
OtsLGRF25S,OtsLGRF25S_3301,C-03301,9/4/2025,M,610,AD,1,NA,NA,M,OtsLYON22S_1_0453,OtsLYON22S_1_4246,OtsLYON22S_1,3,FALL,1,IPCSR,Abv
OtsLGRF25S,OtsLGRF25S_3311,C-03311,9/4/2025,F,670,AD,1,NA,NA,M,OtsLYON22S_1_0044,OtsLYON22S_1_2049,OtsLYON22S_1,3,FALL,1,PLA1,Abv
OtsLGRF25S,OtsLGRF25S_3321,C-03321,9/4/2025,F,770,AI,NA,3DD.003D7F740B,NA,F,OtsLYON21S_1_0661,OtsLYON21S_1_0120,OtsLYON21S_1,4,FALL,1,BCA1,Abv
OtsLGRF25S,OtsLGRF25S_3331,C-03331,9/4/2025,F,700,AD,1,3DD.003D7F7415,NA,M,OtsLYON22S_1_0023,OtsLYON22S_1_1052,OtsLYON22S_1,3,FALL,1,PLA1,Abv
OtsLGRF25S,OtsLGRF25S_3341,C-03341,9/4/2025,M,540,AD,1,NA,NA,M,OtsLYON22S_1_0294,OtsLYON22S_1_3338,OtsLYON22S_1,3,FALL,1,PLA2,Abv
OtsLGRF25S,OtsLGRF25S_3351,C-03351,9/4/2025,M,630,AI,NA,NA,NA,M,OtsLYON22S_1_0116,OtsLYON22S_1_2184,OtsLYON22S_1,3,FALL,1,CJA1,Abv
OtsLGRF25S,OtsLGRF25S_3361,C-03361,9/4/2025,M,640,AD,1,NA,NA,M,OtsLYON22S_1_0019,OtsLYON22S_1_1047,OtsLYON22S_1,3,FALL,1,PLA1,Abv
OtsLGRF25S,OtsLGRF25S_3371,C-03371,9/4/2025,F,690,AD,1,NA,NA,M,OtsLYON21S_1_1038,OtsLYON21S_1_1202,OtsLYON21S_1,4,FALL,1,LFYO,blw
OtsLGRF25S,OtsLGRF25S_3381,C-03381,9/4/2025,M,730,AI,NA,3DD.0077640361,NA,M,NA,NA,Unassigned,NA,FALL,1,NA,Abv
OtsLGRF25S,OtsLGRF25S_3391,C-03391,9/4/2025,M,870,AD,1,3DD.007763FAE1,NA,M,OtsLYON20S_1_1593,OtsLYON20S_1_1770,OtsLYON20S_1,5,FALL,1,GRR,Abv
OtsLGRF25S,OtsLGRF25S_3401,C-03401,9/4/2025,F,740,AI,NA,3DD.003D7F73F4,NA,F,OtsLYON21S_1_0820,OtsLYON21S_1_1649,OtsLYON21S_1,4,FALL,1,LFSO,blw
OtsLGRF25S,OtsLGRF25S_3411,C-03411,9/5/2025,M,830,AD,1,3DD.0077668A13,NA,M,OtsLYON20S_1_0418,OtsLYON20S_1_1078,OtsLYON20S_1,5,FALL,1,CJA1,Abv
OtsLGRF25S,OtsLGRF25S_3421,C-03421,9/5/2025,M,750,AD,1,3DD.0077675F0D,NA,M,OtsNPFH22S_1_0322,OtsNPFH22S_1_0233,OtsNPFH22S_1,3,FALL,1,NLVA,Abv
OtsLGRF25S,OtsLGRF25S_3431,C-03431,9/5/2025,F,840,AI,NA,3DD.003D7F73F5,NA,F,NA,NA,Unassigned,NA,FALL,1,NA,Abv
OtsLGRF25S,OtsLGRF25S_3441,C-03441,9/5/2025,M,560,AI,NA,NA,This sample is a duplicate with OtsLGRF25S_3425.,F,OtsLYON21S_1_0685,OtsLYON21S_1_0230,OtsLYON21S_1,4,FALL,1,BCA1,Abv
OtsLGRF25S,OtsLGRF25S_3451,C-03451,9/5/2025,M,480,AD,1,NA,NA,M,NA,NA,Unassigned,NA,FALL,1,NA,Abv
OtsLGRF25S,OtsLGRF25S_3461,C-03461,9/5/2025,M,830,AD,1,3DD.00777AB731,NA,M,OtsLYON21S_1_1068,OtsLYON21S_1_1250,OtsLYON21S_1,4,FALL,1,LFYO,blw
OtsLGRF25S,OtsLGRF25S_3471,C-03471,9/5/2025,M,600,AD,1,NA,NA,M,OtsLYON22S_1_0324,OtsLYON22S_1_3393,OtsLYON22S_1,3,FALL,1,PLA2,Abv
OtsLGRF25S,OtsLGRF25S_3481,C-03481,9/5/2025,F,670,AI,NA,NA,NA,F,OtsLYON22S_1_0596,OtsLYON22S_1_5140,OtsLYON22S_1,3,FALL,1,LFSO,blw
OtsLGRF25S,OtsLGRF25S_3491,C-03491,9/5/2025,F,760,AI,NA,3DD.00776870DE,NA,M,OtsLYON21S_1_0798,OtsLYON21S_1_1615,OtsLYON21S_1,4,FALL,1,LFSO,blw
OtsLGRF25S,OtsLGRF25S_3501,C-03501,9/5/2025,F,720,AI,NA,3DD.00777AD3E0,NA,F,OtsLYON21S_1_0928,OtsLYON21S_1_1722,OtsLYON21S_1,4,FALL,1,IPCSR,Abv
OtsLGRF25S,OtsLGRF25S_3511,C-03511,9/5/2025,F,910,AI,NA,3DD.007769B4A3,NA,F,NA,NA,Unassigned,NA,FALL,1,NA,Abv
OtsLGRF25S,OtsLGRF25S_3521,C-03521,9/5/2025,M,630,AD,1,NA,NA,M,OtsLYON22S_1_0524,OtsLYON22S_1_4382,OtsLYON22S_1,3,FALL,1,CJA1,Abv
OtsLGRF25S,OtsLGRF25S_3531,C-03531,9/5/2025,M,650,AD,1,NA,NA,M,OtsLYON22S_1_0476,OtsLYON22S_1_4296,OtsLYON22S_1,3,FALL,1,IPCSR,Abv
OtsLGRF25S,OtsLGRF25S_3541,C-03541,9/5/2025,F,590,AD,1,NA,NA,F,OtsLYON22S_1_0014,OtsLYON22S_1_1042,OtsLYON22S_1,3,FALL,1,PLA1,Abv
OtsLGRF25S,OtsLGRF25S_3551,C-03551,9/5/2025,F,670,AD,1,NA,NA,F,OtsLYON22S_1_0207,OtsLYON22S_1_3176,OtsLYON22S_1,3,FALL,1,LFSO,blw
OtsLGRF25S,OtsLGRF25S_3561,C-03561,9/5/2025,F,720,AI,NA,3DD.00776A17D4,NA,F,OtsNPFH21S_1_1628,OtsNPFH21S_1_1547,OtsNPFH21S_1,4,FALL,1,LGA,Abv
OtsLGRF25S,OtsLGRF25S_3571,C-03571,9/5/2025,M,710,AD,1,3DD.003D96E571,NA,M,OtsLYON21S_1_0756,OtsLYON21S_1_0436,OtsLYON21S_1,4,FALL,1,LFSO,blw
OtsLGRF25S,OtsLGRF25S_3581,C-03581,9/5/2025,F,770,AD,1,3DD.00777AD40E,NA,F,OtsLYON21S_1_0726,OtsLYON21S_1_0315,OtsLYON21S_1,4,FALL,1,CJA1,Abv
OtsLGRF25S,OtsLGRF25S_3591,C-03591,9/5/2025,M,610,AI,NA,NA,NA,M,OtsNPFH22S_1_0656,OtsNPFH22S_1_0607,OtsNPFH22S_1,3,FALL,1,NLVA,Abv
OtsLGRF25S,OtsLGRF25S_3601,C-03601,9/5/2025,F,720,AD,1,3DD.00776A0119,NA,F,OtsLYON21S_1_0953,OtsLYON21S_1_1786,OtsLYON21S_1,4,FALL,1,IPCSR,Abv
OtsLGRF25S,OtsLGRF25S_3611,C-03611,9/5/2025,M,680,AI,NA,NA,NA,M,OtsLYON22S_1_0399,OtsLYON22S_1_4145,OtsLYON22S_1,3,FALL,1,IPCSR,Abv
OtsLGRF25S,OtsLGRF25S_3621,C-03621,9/5/2025,M,450,AI,NA,NA,NA,M,OtsLYON23S_1_0022,OtsLYON23S_1_1050,OtsLYON23S_1,2,FALL,1,PLA1,Abv
OtsLGRF25S,OtsLGRF25S_3631,C-03631,9/5/2025,M,730,AD,1,3DD.007767244F,NA,M,OtsLYON22S_1_0144,OtsLYON22S_1_3022,OtsLYON22S_1,3,FALL,1,CJA1,Abv
OtsLGRF25S,OtsLGRF25S_3641,C-03641,9/5/2025,F,830,AD,1,3DD.007767B292,NA,F,OtsLYON21S_1_0916,OtsLYON21S_1_1979,OtsLYON21S_1,4,FALL,1,IPCSR,Abv
OtsLGRF25S,OtsLGRF25S_3651,C-03651,9/5/2025,F,800,AI,NA,3DD.00776639F1,NA,F,NA,NA,Unassigned,NA,FALL,1,NA,Abv
OtsLGRF25S,OtsLGRF25S_3661,C-03661,9/5/2025,F,760,AI,NA,3DD.0077681007,NA,F,OtsLYON21S_1_0655,OtsLYON21S_1_0118,OtsLYON21S_1,4,FALL,1,BCA1,Abv
OtsLGRF25S,OtsLGRF25S_3671,C-03671,9/5/2025,M,590,AI,NA,NA,NA,M,OtsLYON22S_1_0425,OtsLYON22S_1_4176,OtsLYON22S_1,3,FALL,1,IPCSR,Abv
OtsLGRF25S,OtsLGRF25S_3681,C-03681,9/5/2025,M,500,AD,1,NA,NA,M,OtsLYON22S_1_0536,OtsLYON22S_1_5027,OtsLYON22S_1,3,FALL,1,LFYO,blw
OtsLGRF25S,OtsLGRF25S_3691,C-03691,9/5/2025,M,590,AD,1,NA,NA,M,OtsLYON22S_1_0193,OtsLYON22S_1_3107,OtsLYON22S_1,3,FALL,1,LFSO,blw
OtsLGRF25S,OtsLGRF25S_3701,C-03701,9/6/2025,M,600,AD,1,NA,NA,M,OtsLYON22S_1_0491,OtsLYON22S_1_4309,OtsLYON22S_1,3,FALL,1,GRR,Abv
OtsLGRF25S,OtsLGRF25S_3711,C-03711,9/6/2025,F,630,AD,1,NA,NA,F,OtsLYON22S_1_0137,OtsLYON22S_1_3019,OtsLYON22S_1,3,FALL,1,CJA1,Abv
OtsLGRF25S,OtsLGRF25S_3721,C-03721,9/6/2025,M,940,AD,1,3DD.007766CD7B,NA,M,OtsLYON21S_1_0929,OtsLYON21S_1_1740,OtsLYON21S_1,4,FALL,1,IPCSR,Abv
OtsLGRF25S,OtsLGRF25S_3731,C-03731,9/6/2025,M,420,AD,1,NA,NA,M,OtsLYON23S_1_0296,OtsLYON23S_1_3096,OtsLYON23S_1,2,FALL,1,PLA2,Abv
OtsLGRF25S,OtsLGRF25S_3741,C-03741,9/6/2025,M,780,AD,1,3DD.0077666963,NA,M,OtsLYON20S_1_0616,OtsLYON20S_1_0585,OtsLYON20S_1,5,FALL,1,LFSO,blw
OtsLGRF25S,OtsLGRF25S_3751,C-03751,9/6/2025,F,680,AD,1,NA,NA,F,OtsLYON21S_1_1002,OtsLYON21S_1_0538,OtsLYON21S_1,4,FALL,1,LFYO,blw
OtsLGRF25S,OtsLGRF25S_3761,C-03761,9/6/2025,F,740,AI,NA,3DD.0078EDF415,NA,F,OtsLYON21S_1_0921,OtsLYON21S_1_1706,OtsLYON21S_1,4,FALL,1,IPCSR,Abv
OtsLGRF25S,OtsLGRF25S_3771,C-03771,9/6/2025,F,770,AI,NA,3DD.0078EDF3E2,NA,F,NA,NA,Unassigned,NA,FALL,1,NA,Abv
OtsLGRF25S,OtsLGRF25S_3781,C-03781,9/6/2025,M,690,AI,NA,NA,NA,M,NA,NA,Unassigned,NA,FALL,1,NA,Abv
OtsLGRF25S,OtsLGRF25S_3791,C-03791,9/6/2025,M,520,AD,1,NA,NA,M,OtsLYON23S_1_0357,OtsLYON23S_1_3206,OtsLYON23S_1,2,FALL,1,BCA2,Abv
OtsLGRF25S,OtsLGRF25S_3801,C-03801,9/6/2025,M,870,AD,1,3DD.0078EDF41E,NA,M,OtsLYON20S_1_0490,OtsLYON20S_1_0544,OtsLYON20S_1,5,FALL,1,LFSO,blw
OtsLGRF25S,OtsLGRF25S_3811,C-03811,9/6/2025,F,770,AD,1,3DD.0078EDF41C,NA,F,OtsLYON21S_1_0846,OtsLYON21S_1_1693,OtsLYON21S_1,4,FALL,1,CJA2,Abv
OtsLGRF25S,OtsLGRF25S_3821,C-03821,9/6/2025,M,750,AD,1,3DD.00776755C7,NA,M,OtsLYON21S_1_0855,OtsLYON21S_1_1830,OtsLYON21S_1,4,FALL,1,BCA2,Abv
OtsLGRF25S,OtsLGRF25S_3831,C-03831,9/6/2025,F,650,AI,NA,NA,NA,F,OtsLYON22S_1_0350,OtsLYON22S_1_4032,OtsLYON22S_1,3,FALL,1,IPCSR,Abv
OtsLGRF25S,OtsLGRF25S_3841,C-03841,9/6/2025,M,480,AI,NA,NA,NA,M,OtsLYON23S_1_0055,OtsLYON23S_1_1116,OtsLYON23S_1,2,FALL,1,CJA1,Abv
OtsLGRF25S,OtsLGRF25S_3851,C-03851,9/6/2025,M,590,AD,1,NA,NA,M,OtsLYON22S_1_0011,OtsLYON22S_1_1030,OtsLYON22S_1,3,FALL,1,PLA1,Abv
OtsLGRF25S,OtsLGRF25S_3861,C-03861,9/6/2025,M,750,AI,NA,3DD.0078EDF414,NA,M,OtsLYON21S_1_0928,OtsLYON21S_1_1722,OtsLYON21S_1,4,FALL,1,IPCSR,Abv
OtsLGRF25S,OtsLGRF25S_3871,C-03871,9/6/2025,F,750,AI,NA,3DD.0078EDF437,NA,F,OtsLYON21S_1_0759,OtsLYON21S_1_0408,OtsLYON21S_1,4,FALL,1,CJA1,Abv
OtsLGRF25S,OtsLGRF25S_3881,C-03881,9/6/2025,M,720,AI,NA,3DD.0078EDF431,NA,M,OtsLYON22S_1_0244,OtsLYON22S_1_3223,OtsLYON22S_1,3,FALL,1,CJA2,Abv
OtsLGRF25S,OtsLGRF25S_3891,C-03891,9/6/2025,F,670,AI,NA,NA,NA,F,OtsLYON22S_1_0469,OtsLYON22S_1_4289,OtsLYON22S_1,3,FALL,1,IPCSR,Abv
OtsLGRF25S,OtsLGRF25S_3901,C-03901,9/6/2025,M,640,AD,1,NA,NA,F,OtsNPFH22S_1_0460,OtsNPFH22S_1_0384,OtsNPFH22S_1,3,FALL,1,LGA,Abv
OtsLGRF25S,OtsLGRF25S_3911,C-03911,9/6/2025,F,750,AI,NA,3DD.0078EDF40F,NA,F,NA,NA,Unassigned,NA,FALL,1,NA,Abv
OtsLGRF25S,OtsLGRF25S_3921,C-03921,9/7/2025,F,790,AD,1,3DD.0078EDF40E,NA,F,OtsLYON21S_1_0780,OtsLYON21S_1_0450,OtsLYON21S_1,4,FALL,1,LFSO,blw
OtsLGRF25S,OtsLGRF25S_3931,C-03931,9/7/2025,M,720,AD,1,3DD.0078EDF3E5,NA,M,NA,NA,Unassigned,NA,FALL,1,NA,Abv
OtsLGRF25S,OtsLGRF25S_3941,C-03941,9/7/2025,F,770,AD,1,3DD.0078EDF439,NA,F,OtsLYON21S_1_0905,OtsLYON21S_1_1939,OtsLYON21S_1,4,FALL,1,PLA2,Abv
OtsLGRF25S,OtsLGRF25S_3951,C-03951,9/7/2025,F,770,AD,1,3DD.0078EDF424,NA,F,OtsLYON21S_1_0903,OtsLYON21S_1_1921,OtsLYON21S_1,4,FALL,1,PLA2,Abv
OtsLGRF25S,OtsLGRF25S_3961,C-03961,9/7/2025,M,440,AD,1,NA,NA,M,OtsLYON23S_1_0238,OtsLYON23S_1_2313,OtsLYON23S_1,2,FALL,1,LFSO,blw
OtsLGRF25S,OtsLGRF25S_3971,C-03971,9/7/2025,F,810,AI,NA,3DD.0078F63CB2,NA,F,OtsNPFH20S_1_0210,OtsNPFH20S_1_0111,OtsNPFH20S_1,5,FALL,1,NPTH,Abv
OtsLGRF25S,OtsLGRF25S_3981,C-03981,9/7/2025,F,810,AD,1,3DD.0078EDF3F0,NA,F,OtsNPFH21S_1_1642,OtsNPFH21S_1_1562,OtsNPFH21S_1,4,FALL,1,CFA,Abv
OtsLGRF25S,OtsLGRF25S_3991,C-03991,9/7/2025,F,790,AI,NA,3DD.0078EDF42E,NA,F,NA,NA,Unassigned,NA,FALL,1,NA,Abv
OtsLGRF25S,OtsLGRF25S_4001,C-04001,9/7/2025,F,740,AI,NA,3DD.0078EDF3E9,NA,F,OtsLYON21S_1_0652,OtsLYON21S_1_0098,OtsLYON21S_1,4,FALL,1,PLA1,Abv
OtsLGRF25S,OtsLGRF25S_4011,C-04011,9/7/2025,M,700,AI,NA,3DD.0078EDF3E8,NA,M,NA,NA,Unassigned,NA,FALL,1,NA,Abv
OtsLGRF25S,OtsLGRF25S_4021,C-04021,9/7/2025,M,660,AD,1,NA,NA,M,OtsLYON22S_1_0209,OtsLYON22S_1_3179,OtsLYON22S_1,3,FALL,1,LFSO,blw
OtsLGRF25S,OtsLGRF25S_4031,C-04031,9/8/2025,M,710,AI,NA,3DD.0078EDF7F0,NA,M,OtsLYON22S_1_0430,OtsLYON22S_1_4214,OtsLYON22S_1,3,FALL,1,IPCSR,Abv
OtsLGRF25S,OtsLGRF25S_4041,C-04041,9/8/2025,M,600,AD,1,NA,NA,M,OtsLYON22S_1_0324,OtsLYON22S_1_3393,OtsLYON22S_1,3,FALL,1,PLA2,Abv
OtsLGRF25S,OtsLGRF25S_4051,C-04051,9/8/2025,M,630,AD,NA,NA,NA,M,OtsLYON22S_1_0533,OtsLYON22S_1_4357,OtsLYON22S_1,3,FALL,1,GRR,Abv
OtsLGRF25S,OtsLGRF25S_4061,C-04061,9/8/2025,M,650,AD,1,NA,NA,M,OtsNPFH22S_1_0501,OtsNPFH22S_1_0446,OtsNPFH22S_1,3,FALL,1,NLVA,Abv
OtsLGRF25S,OtsLGRF25S_4071,C-04071,9/8/2025,F,650,AD,1,NA,NA,F,OtsLYON21S_1_0987,OtsLYON21S_1_0520,OtsLYON21S_1,4,FALL,1,LFYO,blw
OtsLGRF25S,OtsLGRF25S_4081,C-04081,9/8/2025,F,690,AI,NA,NA,NA,F,OtsLYON22S_1_0435,OtsLYON22S_1_4232,OtsLYON22S_1,3,FALL,1,IPCSR,Abv
OtsLGRF25S,OtsLGRF25S_4091,C-04091,9/8/2025,F,690,AI,NA,NA,NA,M,OtsLYON22S_1_0350,OtsLYON22S_1_4031,OtsLYON22S_1,3,FALL,1,IPCSR,Abv
OtsLGRF25S,OtsLGRF25S_4101,C-04101,9/8/2025,M,490,AI,NA,NA,NA,M,NA,NA,Unassigned,NA,FALL,1,NA,Abv
OtsLGRF25S,OtsLGRF25S_4111,C-04111,9/8/2025,M,590,AI,NA,NA,NA,M,OtsLYON22S_1_0254,OtsLYON22S_1_3253,OtsLYON22S_1,3,FALL,1,CJA2,Abv
OtsLGRF25S,OtsLGRF25S_4121,C-04121,9/8/2025,M,600,AD,1,NA,NA,M,OtsNPFH22S_1_0468,OtsNPFH22S_1_0401,OtsNPFH22S_1,3,FALL,1,LGA,Abv
OtsLGRF25S,OtsLGRF25S_4131,C-04131,9/8/2025,F,670,AD,NA,NA,NA,M,OtsLYON22S_1_0082,OtsLYON22S_1_2115,OtsLYON22S_1,3,FALL,1,BCA1,Abv
OtsLGRF25S,OtsLGRF25S_4141,C-04141,9/8/2025,M,660,AD,1,NA,NA,M,OtsLYON22S_1_0174,OtsLYON22S_1_3078,OtsLYON22S_1,3,FALL,1,CJA1,Abv
OtsLGRF25S,OtsLGRF25S_4151,C-04151,9/8/2025,M,440,AI,NA,NA,NA,M,OtsLYON23S_1_0227,OtsLYON23S_1_2291,OtsLYON23S_1,2,FALL,1,LFSO,blw
OtsLGRF25S,OtsLGRF25S_4161,C-04161,9/8/2025,F,750,AI,NA,3DD.0078EDF7EF,NA,F,OtsLYON20S_1_0466,OtsLYON20S_1_0505,OtsLYON20S_1,5,FALL,1,LFSO,blw
OtsLGRF25S,OtsLGRF25S_4171,C-04171,9/8/2025,F,760,AD,1,3DD.0078EDF7D2,NA,F,OtsLYON21S_1_1112,OtsLYON21S_1_1352,OtsLYON21S_1,4,FALL,1,LFYO,blw
OtsLGRF25S,OtsLGRF25S_4181,C-04181,9/8/2025,F,760,AI,NA,3DD.0078EDF7DD,NA,F,OtsLYON21S_1_0690,OtsLYON21S_1_0236,OtsLYON21S_1,4,FALL,1,BCA1,Abv
OtsLGRF25S,OtsLGRF25S_4191,C-04191,9/8/2025,M,640,AD,1,NA,NA,M,OtsLYON22S_1_0161,OtsLYON22S_1_3039,OtsLYON22S_1,3,FALL,1,CJA1,Abv
OtsLGRF25S,OtsLGRF25S_4201,C-04201,9/8/2025,M,600,AD,1,NA,NA,M,OtsNPFH21S_1_1116,OtsNPFH21S_1_1431,OtsNPFH21S_1,4,FALL,1,LGA,Abv
OtsLGRF25S,OtsLGRF25S_4211,C-04211,9/8/2025,M,890,AI,NA,3DD.0078EDF7D7,NA,M,NA,NA,Unassigned,NA,FALL,1,NA,Abv
OtsLGRF25S,OtsLGRF25S_4221,C-04221,9/9/2025,M,620,AD,1,NA,NA,M,OtsLYON22S_1_0028,OtsLYON22S_1_2017,OtsLYON22S_1,3,FALL,1,PLA1,Abv
OtsLGRF25S,OtsLGRF25S_4231,C-04231,9/9/2025,M,440,AI,NA,NA,NA,M,OtsLYON23S_1_0461,OtsLYON23S_1_4057,OtsLYON23S_1,2,FALL,1,IPCSR,Abv
OtsLGRF25S,OtsLGRF25S_4241,C-04241,9/9/2025,F,810,AI,NA,3DD.003D7F7204,NA,F,OtsLYON20S_1_1530,OtsLYON20S_1_1676,OtsLYON20S_1,5,FALL,1,IPCSR,Abv
OtsLGRF25S,OtsLGRF25S_4251,C-04251,9/9/2025,F,700,AD,1,3DD.003D7F721D,NA,F,OtsLYON21S_1_0724,OtsLYON21S_1_0312,OtsLYON21S_1,4,FALL,1,CJA1,Abv
OtsLGRF25S,OtsLGRF25S_4261,C-04261,9/9/2025,M,700,AI,NA,3DD.003D7F71D0,NA,M,OtsLYON21S_1_0655,OtsLYON21S_1_0117,OtsLYON21S_1,4,FALL,1,PLA1,Abv
OtsLGRF25S,OtsLGRF25S_4271,C-04271,9/9/2025,M,580,AD,1,NA,NA,M,OtsLYON22S_1_0420,OtsLYON22S_1_4185,OtsLYON22S_1,3,FALL,1,IPCSR,Abv
OtsLGRF25S,OtsLGRF25S_4281,C-04281,9/9/2025,M,610,AD,1,NA,NA,M,OtsLYON22S_1_0079,OtsLYON22S_1_2110,OtsLYON22S_1,3,FALL,1,BCA1,Abv
OtsLGRF25S,OtsLGRF25S_4291,C-04291,9/9/2025,F,620,AI,NA,NA,NA,F,OtsLYON22S_1_0394,OtsLYON22S_1_4122,OtsLYON22S_1,3,FALL,1,IPCSR,Abv
OtsLGRF25S,OtsLGRF25S_4301,C-04301,9/9/2025,F,670,AD,1,NA,NA,F,OtsLYON21S_1_1088,OtsLYON21S_1_1290,OtsLYON21S_1,4,FALL,1,LFYO,blw
OtsLGRF25S,OtsLGRF25S_4311,C-04311,9/9/2025,F,710,AI,NA,3DD.0078EDF7C7,NA,F,OtsLYON21S_1_0657,OtsLYON21S_1_0109,OtsLYON21S_1,4,FALL,1,PLA1,Abv
OtsLGRF25S,OtsLGRF25S_4321,C-04321,9/9/2025,M,670,AI,NA,NA,NA,M,OtsLYON22S_1_0027,OtsLYON22S_1_2006,OtsLYON22S_1,3,FALL,1,PLA1,Abv
OtsLGRF25S,OtsLGRF25S_4331,C-04331,9/9/2025,F,690,AD,1,NA,NA,F,OtsLYON21S_1_0851,OtsLYON21S_1_1812,OtsLYON21S_1,4,FALL,1,CJA2,Abv
OtsLGRF25S,OtsLGRF25S_4341,C-04341,9/9/2025,M,460,AD,1,NA,NA,M,OtsLYON23S_1_0504,OtsLYON23S_1_4158,OtsLYON23S_1,2,FALL,1,IPCSR,Abv
OtsLGRF25S,OtsLGRF25S_4351,C-04351,9/9/2025,M,450,AI,NA,NA,NA,M,OtsLYON23S_1_0238,OtsLYON23S_1_2313,OtsLYON23S_1,2,FALL,1,LFSO,blw
OtsLGRF25S,OtsLGRF25S_4361,C-04361,9/9/2025,M,630,AD,1,NA,NA,M,OtsLYON22S_1_0190,OtsLYON22S_1_3100,OtsLYON22S_1,3,FALL,1,LFSO,blw
OtsLGRF25S,OtsLGRF25S_4371,C-04371,9/9/2025,F,660,AD,1,NA,NA,F,OtsLYON22S_1_0066,OtsLYON22S_1_2098,OtsLYON22S_1,3,FALL,1,BCA1,Abv
OtsLGRF25S,OtsLGRF25S_4381,C-04381,9/9/2025,F,630,AI,NA,NA,NA,F,OtsLYON22S_1_0394,OtsLYON22S_1_4123,OtsLYON22S_1,3,FALL,1,IPCSR,Abv
OtsLGRF25S,OtsLGRF25S_4391,C-04391,9/9/2025,F,720,AI,NA,3DD.003D7F7225,NA,F,OtsLYON22S_1_0030,OtsLYON22S_1_2003,OtsLYON22S_1,3,FALL,1,PLA1,Abv
OtsLGRF25S,OtsLGRF25S_4401,C-04401,9/9/2025,F,900,AI,NA,3DD.003D7F720B,NA,F,OtsNPFH20S_1_0208,OtsNPFH20S_1_0142,OtsNPFH20S_1,5,FALL,1,NPTH,Abv
OtsLGRF25S,OtsLGRF25S_4411,C-04411,9/9/2025,F,730,AI,NA,3DD.003D7F71D3,NA,F,OtsLYON21S_1_0928,OtsLYON21S_1_1722,OtsLYON21S_1,4,FALL,1,IPCSR,Abv
OtsLGRF25S,OtsLGRF25S_4421,C-04421,9/9/2025,F,650,AI,NA,NA,NA,F,OtsLYON22S_1_0109,OtsLYON22S_1_2159,OtsLYON22S_1,3,FALL,1,BCA1,Abv
OtsLGRF25S,OtsLGRF25S_4431,C-04431,9/9/2025,M,630,AD,1,NA,NA,M,OtsLYON22S_1_0096,OtsLYON22S_1_2136,OtsLYON22S_1,3,FALL,1,BCA1,Abv
OtsLGRF25S,OtsLGRF25S_4441,C-04441,9/9/2025,M,560,AD,1,NA,NA,M,OtsLYON20S_1_1435,OtsLYON20S_1_1223,OtsLYON20S_1,5,FALL,1,LFYO,blw
OtsLGRF25S,OtsLGRF25S_4451,C-04451,9/9/2025,F,660,AI,NA,NA,NA,F,OtsLYON22S_1_0192,OtsLYON22S_1_3111,OtsLYON22S_1,3,FALL,1,LFSO,blw
OtsLGRF25S,OtsLGRF25S_4461,C-04461,9/9/2025,M,650,AI,NA,NA,NA,M,OtsLYON22S_1_0092,OtsLYON22S_1_2126,OtsLYON22S_1,3,FALL,1,BCA1,Abv
OtsLGRF25S,OtsLGRF25S_4471,C-04471,9/9/2025,M,640,AI,NA,NA,NA,M,OtsLYON22S_1_0187,OtsLYON22S_1_3099,OtsLYON22S_1,3,FALL,1,LFSO,blw
OtsLGRF25S,OtsLGRF25S_4481,C-04481,9/9/2025,M,460,AI,NA,NA,NA,M,OtsLYON23S_1_0025,OtsLYON23S_1_1061,OtsLYON23S_1,2,FALL,1,PLA1,Abv
OtsLGRF25S,OtsLGRF25S_4491,C-04491,9/9/2025,M,600,AD,1,NA,NA,M,OtsLYON22S_1_0011,OtsLYON22S_1_1030,OtsLYON22S_1,3,FALL,1,PLA1,Abv
OtsLGRF25S,OtsLGRF25S_4501,C-04501,9/9/2025,M,620,AI,NA,NA,NA,M,OtsLYON22S_1_0337,OtsLYON22S_1_4001,OtsLYON22S_1,3,FALL,1,IPCSR,Abv
OtsLGRF25S,OtsLGRF25S_4511,C-04511,9/9/2025,M,600,AD,1,NA,NA,M,OtsLYON22S_1_0296,OtsLYON22S_1_3368,OtsLYON22S_1,3,FALL,1,PLA2,Abv
OtsLGRF25S,OtsLGRF25S_4521,C-04521,9/9/2025,F,740,AI,NA,3DD.003D7F71F8,NA,F,OtsLYON21S_1_0691,OtsLYON21S_1_0233,OtsLYON21S_1,4,FALL,1,BCA1,Abv
OtsLGRF25S,OtsLGRF25S_4531,C-04531,9/9/2025,F,690,AD,1,NA,NA,F,OtsLYON22S_1_0508,OtsLYON22S_1_4349,OtsLYON22S_1,3,FALL,1,GRR,Abv
OtsLGRF25S,OtsLGRF25S_4541,C-04541,9/9/2025,M,570,AD,1,NA,NA,M,OtsLYON22S_1_0289,OtsLYON22S_1_3345,OtsLYON22S_1,3,FALL,1,PLA2,Abv
OtsLGRF25S,OtsLGRF25S_4551,C-04551,9/9/2025,F,670,AI,NA,NA,NA,F,OtsLYON22S_1_0241,OtsLYON22S_1_3218,OtsLYON22S_1,3,FALL,1,LFSO,blw
OtsLGRF25S,OtsLGRF25S_4561,C-04561,9/10/2025,F,710,AD,1,3DD.0078EDF3BF,NA,F,OtsLYON22S_1_0057,OtsLYON22S_1_2072,OtsLYON22S_1,3,FALL,1,BCA1,Abv
OtsLGRF25S,OtsLGRF25S_4563,C-04563,9/10/2025,M,890,AD,1,3DD.0078EDF3A4,NA,M,OtsLYON20S_1_1305,OtsLYON20S_1_0831,OtsLYON20S_1,5,FALL,1,LFYO,blw
OtsLGRF25S,OtsLGRF25S_4565,C-04565,9/10/2025,F,720,AD,1,3DD.0078EDF3CF,NA,F,OtsNPFH21S_1_1146,OtsNPFH21S_1_1479,OtsNPFH21S_1,4,FALL,1,NPTH,Abv
OtsLGRF25S,OtsLGRF25S_4567,C-04567,9/10/2025,F,660,AI,NA,NA,NA,F,OtsLYON22S_1_0054,OtsLYON22S_1_2055,OtsLYON22S_1,3,FALL,1,BCA1,Abv
OtsLGRF25S,OtsLGRF25S_4569,C-04569,9/10/2025,F,600,AI,NA,NA,NA,F,OtsLYON22S_1_0456,OtsLYON22S_1_4267,OtsLYON22S_1,3,FALL,1,IPCSR,Abv
OtsLGRF25S,OtsLGRF25S_4571,C-04571,9/10/2025,M,460,AD,1,NA,NA,M,OtsLYON23S_1_0556,OtsLYON23S_1_4247,OtsLYON23S_1,2,FALL,1,IPCSR,Abv
OtsLGRF25S,OtsLGRF25S_4573,C-04573,9/10/2025,F,780,AI,NA,3DD.0078EDF3AB,NA,F,OtsLYON20S_1_1539,OtsLYON20S_1_1696,OtsLYON20S_1,5,FALL,1,IPCSR,Abv
OtsLGRF25S,OtsLGRF25S_4575,C-04575,9/10/2025,M,660,AI,NA,NA,NA,M,OtsLYON22S_1_0472,OtsLYON22S_1_4290,OtsLYON22S_1,3,FALL,1,IPCSR,Abv
OtsLGRF25S,OtsLGRF25S_4577,C-04577,9/10/2025,F,660,AD,1,NA,NA,F,OtsLYON22S_1_0244,OtsLYON22S_1_3224,OtsLYON22S_1,3,FALL,1,CJA2,Abv
OtsLGRF25S,OtsLGRF25S_4579,C-04579,9/10/2025,M,680,AI,NA,NA,NA,M,OtsLYON22S_1_0020,OtsLYON22S_1_1061,OtsLYON22S_1,3,FALL,1,PLA1,Abv
OtsLGRF25S,OtsLGRF25S_4581,C-04581,9/10/2025,F,800,AI,NA,3DD.0078EDF3D1,NA,F,OtsNPFH20S_1_0376,OtsNPFH20S_1_0341,OtsNPFH20S_1,5,FALL,1,LGA,Abv
OtsLGRF25S,OtsLGRF25S_4583,C-04583,9/10/2025,M,660,AI,NA,NA,This sample is a duplicate with OtsLGRF25S_4979.,M,OtsLYON21S_1_0617,OtsLYON21S_1_0029,OtsLYON21S_1,4,FALL,1,PLA1,Abv
OtsLGRF25S,OtsLGRF25S_4585,C-04585,9/10/2025,F,620,AI,NA,NA,NA,F,OtsLYON22S_1_0399,OtsLYON22S_1_4147,OtsLYON22S_1,3,FALL,1,IPCSR,Abv
OtsLGRF25S,OtsLGRF25S_4587,C-04587,9/10/2025,M,580,AD,1,NA,NA,M,OtsLYON22S_1_0011,OtsLYON22S_1_1029,OtsLYON22S_1,3,FALL,1,PLA1,Abv
OtsLGRF25S,OtsLGRF25S_4589,C-04589,9/10/2025,F,650,AD,1,NA,NA,F,OtsLYON21S_1_0683,OtsLYON21S_1_0227,OtsLYON21S_1,4,FALL,1,BCA1,Abv
OtsLGRF25S,OtsLGRF25S_4591,C-04591,9/10/2025,F,640,AD,1,NA,NA,F,OtsLYON22S_1_0148,OtsLYON22S_1_3026,OtsLYON22S_1,3,FALL,1,CJA1,Abv
OtsLGRF25S,OtsLGRF25S_4593,C-04593,9/10/2025,M,610,AI,NA,NA,NA,M,OtsLYON22S_1_0229,OtsLYON22S_1_3201,OtsLYON22S_1,3,FALL,1,LFSO,blw
OtsLGRF25S,OtsLGRF25S_4595,C-04595,9/10/2025,F,670,AI,NA,NA,NA,F,OtsLYON22S_1_0236,OtsLYON22S_1_3205,OtsLYON22S_1,3,FALL,1,LFSO,blw
OtsLGRF25S,OtsLGRF25S_4597,C-04597,9/10/2025,M,470,AI,NA,NA,NA,M,NA,NA,Unassigned,NA,FALL,1,NA,Abv
OtsLGRF25S,OtsLGRF25S_4599,C-04599,9/10/2025,F,700,AI,NA,3DD.0078EDF3D8,NA,F,OtsLYON22S_1_0470,OtsLYON22S_1_4263,OtsLYON22S_1,3,FALL,1,IPCSR,Abv
OtsLGRF25S,OtsLGRF25S_4601,C-04601,9/10/2025,M,700,AD,1,3DD.0078EDF3A0,NA,M,OtsLYON22S_1_0009,OtsLYON22S_1_1023,OtsLYON22S_1,3,FALL,1,PLA1,Abv
OtsLGRF25S,OtsLGRF25S_4603,C-04603,9/10/2025,F,730,AI,NA,3DD.0078EDF3B4,NA,F,NA,NA,Unassigned,NA,FALL,1,NA,Abv
OtsLGRF25S,OtsLGRF25S_4605,C-04605,9/10/2025,M,730,AI,NA,3DD.0078EDF39E,NA,M,NA,NA,Unassigned,NA,FALL,1,NA,Abv
OtsLGRF25S,OtsLGRF25S_4607,C-04607,9/10/2025,F,680,AD,1,NA,NA,F,OtsLYON22S_1_0152,OtsLYON22S_1_3029,OtsLYON22S_1,3,FALL,1,CJA1,Abv
OtsLGRF25S,OtsLGRF25S_4609,C-04609,9/10/2025,F,670,AI,NA,NA,NA,F,OtsLYON22S_1_0346,OtsLYON22S_1_4014,OtsLYON22S_1,3,FALL,1,IPCSR,Abv
OtsLGRF25S,OtsLGRF25S_4611,C-04611,9/10/2025,M,570,AI,NA,NA,NA,M,OtsLYON22S_1_0371,OtsLYON22S_1_4076,OtsLYON22S_1,3,FALL,1,IPCSR,Abv
OtsLGRF25S,OtsLGRF25S_4613,C-04613,9/10/2025,M,540,AI,NA,NA,NA,M,OtsLYON23S_1_0527,OtsLYON23S_1_4201,OtsLYON23S_1,2,FALL,1,IPCSR,Abv
OtsLGRF25S,OtsLGRF25S_4615,C-04615,9/10/2025,M,750,AI,NA,3DD.0078EDF383,NA,M,OtsLYON22S_1_0402,OtsLYON22S_1_4191,OtsLYON22S_1,3,FALL,1,IPCSR,Abv
OtsLGRF25S,OtsLGRF25S_4617,C-04617,9/10/2025,M,670,AI,NA,NA,NA,M,OtsLYON22S_1_0475,OtsLYON22S_1_4283,OtsLYON22S_1,3,FALL,1,IPCSR,Abv
OtsLGRF25S,OtsLGRF25S_4619,C-04619,9/10/2025,F,720,AI,NA,3DD.0078EDF38C,NA,F,OtsLYON21S_1_0661,OtsLYON21S_1_0120,OtsLYON21S_1,4,FALL,1,BCA1,Abv
OtsLGRF25S,OtsLGRF25S_4621,C-04621,9/10/2025,M,690,AD,1,NA,NA,M,NA,NA,Unassigned,NA,FALL,1,NA,Abv
OtsLGRF25S,OtsLGRF25S_4623,C-04623,9/10/2025,M,630,AD,1,NA,NA,M,OtsLYON22S_1_0011,OtsLYON22S_1_1030,OtsLYON22S_1,3,FALL,1,PLA1,Abv
OtsLGRF25S,OtsLGRF25S_4625,C-04625,9/10/2025,F,720,AI,NA,3DD.0078EDF3D7,NA,F,NA,NA,Unassigned,NA,FALL,1,NA,Abv
OtsLGRF25S,OtsLGRF25S_4627,C-04627,9/10/2025,F,660,AD,1,NA,NA,F,OtsLYON22S_1_0192,OtsLYON22S_1_3110,OtsLYON22S_1,3,FALL,1,LFSO,blw
OtsLGRF25S,OtsLGRF25S_4629,C-04629,9/10/2025,F,630,AI,NA,NA,NA,F,NA,NA,Unassigned,NA,FALL,1,NA,Abv
OtsLGRF25S,OtsLGRF25S_4631,C-04631,9/10/2025,M,590,AI,NA,NA,NA,M,OtsNPFH22S_1_0656,OtsNPFH22S_1_0607,OtsNPFH22S_1,3,FALL,1,NLVA,Abv
OtsLGRF25S,OtsLGRF25S_4633,C-04633,9/10/2025,M,590,AD,1,NA,NA,M,OtsLYON22S_1_0510,OtsLYON22S_1_4338,OtsLYON22S_1,3,FALL,1,GRR,Abv
OtsLGRF25S,OtsLGRF25S_4635,C-04635,9/10/2025,F,840,AD,1,3DD.0078EDF398,NA,F,OtsLYON20S_1_1588,OtsLYON20S_1_1781,OtsLYON20S_1,5,FALL,1,GRR,Abv
OtsLGRF25S,OtsLGRF25S_4637,C-04637,9/10/2025,F,670,AI,NA,NA,NA,F,NA,NA,Unassigned,NA,FALL,1,NA,Abv
OtsLGRF25S,OtsLGRF25S_4639,C-04639,9/10/2025,F,580,AI,NA,NA,NA,F,OtsLYON22S_1_0346,OtsLYON22S_1_4014,OtsLYON22S_1,3,FALL,1,IPCSR,Abv
OtsLGRF25S,OtsLGRF25S_4641,C-04641,9/10/2025,F,750,AI,NA,3DD.0078EDF381,NA,F,OtsNPFH21S_1_1817,OtsNPFH21S_1_1803,OtsNPFH21S_1,4,FALL,1,NLVA,Abv
OtsLGRF25S,OtsLGRF25S_4643,C-04643,9/10/2025,F,710,AI,NA,3DD.0078EDF37F,NA,F,OtsLYON22S_1_0390,OtsLYON22S_1_4120,OtsLYON22S_1,3,FALL,1,IPCSR,Abv
OtsLGRF25S,OtsLGRF25S_4645,C-04645,9/10/2025,F,780,AI,NA,3DD.0078EDF3B1,NA,F,OtsLYON21S_1_0717,OtsLYON21S_1_0309,OtsLYON21S_1,4,FALL,1,CJA1,Abv
OtsLGRF25S,OtsLGRF25S_4647,C-04647,9/10/2025,F,690,AI,NA,NA,NA,F,OtsLYON22S_1_0399,OtsLYON22S_1_4147,OtsLYON22S_1,3,FALL,1,IPCSR,Abv
OtsLGRF25S,OtsLGRF25S_4649,C-04649,9/10/2025,F,640,AI,NA,NA,NA,F,OtsLYON22S_1_0365,OtsLYON22S_1_4064,OtsLYON22S_1,3,FALL,1,IPCSR,Abv
OtsLGRF25S,OtsLGRF25S_4651,C-04651,9/10/2025,F,780,AD,1,3DD.0078EDF393,NA,F,OtsNPFH20S_1_0802,OtsNPFH20S_1_0717,OtsNPFH20S_1,5,FALL,1,NPTH,Abv
OtsLGRF25S,OtsLGRF25S_4653,C-04653,9/10/2025,M,660,AI,NA,NA,NA,M,OtsLYON22S_1_0391,OtsLYON22S_1_4152,OtsLYON22S_1,3,FALL,1,IPCSR,Abv
OtsLGRF25S,OtsLGRF25S_4655,C-04655,9/10/2025,M,720,AD,1,3DD.0078EDF39C,NA,M,OtsLYON21S_1_1179,OtsLYON21S_1_2305,OtsLYON21S_1,4,FALL,1,LFYO,blw
OtsLGRF25S,OtsLGRF25S_4657,C-04657,9/10/2025,F,650,AI,NA,NA,NA,F,OtsLYON22S_1_0452,OtsLYON22S_1_4245,OtsLYON22S_1,3,FALL,1,IPCSR,Abv
OtsLGRF25S,OtsLGRF25S_4659,C-04659,9/10/2025,M,590,AD,1,NA,NA,M,OtsLYON22S_1_0050,OtsLYON22S_1_2063,OtsLYON22S_1,3,FALL,1,BCA1,Abv
OtsLGRF25S,OtsLGRF25S_4661,C-04661,9/10/2025,M,590,AI,NA,NA,NA,M,OtsLYON23S_1_0519,OtsLYON23S_1_4187,OtsLYON23S_1,2,FALL,1,IPCSR,Abv
OtsLGRF25S,OtsLGRF25S_4663,C-04663,9/10/2025,F,640,AI,NA,NA,NA,F,OtsLYON22S_1_0037,OtsLYON22S_1_2036,OtsLYON22S_1,3,FALL,1,PLA1,Abv
OtsLGRF25S,OtsLGRF25S_4665,C-04665,9/10/2025,F,720,AI,NA,3DD.0078EDF37A,NA,F,NA,NA,Unassigned,NA,FALL,1,NA,Abv
OtsLGRF25S,OtsLGRF25S_4667,C-04667,9/10/2025,M,600,AD,1,NA,NA,M,OtsLYON22S_1_0217,OtsLYON22S_1_3171,OtsLYON22S_1,3,FALL,1,LFSO,blw
OtsLGRF25S,OtsLGRF25S_4669,C-04669,9/10/2025,M,660,AI,NA,NA,NA,M,OtsLYON22S_1_0046,OtsLYON22S_1_2046,OtsLYON22S_1,3,FALL,1,PLA1,Abv
OtsLGRF25S,OtsLGRF25S_4671,C-04671,9/10/2025,F,640,AD,1,NA,NA,F,OtsLYON22S_1_0199,OtsLYON22S_1_3136,OtsLYON22S_1,3,FALL,1,LFSO,blw
OtsLGRF25S,OtsLGRF25S_4673,C-04673,9/10/2025,M,930,AI,NA,3DD.003D7F71CF,NA,M,NA,NA,Unassigned,NA,FALL,1,NA,Abv
OtsLGRF25S,OtsLGRF25S_4675,C-04675,9/10/2025,M,670,AD,1,NA,NA,M,OtsLYON21S_1_1004,OtsLYON21S_1_0563,OtsLYON21S_1,4,FALL,1,LFYO,blw
OtsLGRF25S,OtsLGRF25S_4677,C-04677,9/10/2025,M,420,AD,1,NA,NA,M,OtsLYON23S_1_0045,OtsLYON23S_1_1097,OtsLYON23S_1,2,FALL,1,PLA1,Abv
OtsLGRF25S,OtsLGRF25S_4679,C-04679,9/10/2025,F,720,AI,NA,3DD.003D7F71DE,NA,F,OtsLYON22S_1_0157,OtsLYON22S_1_3051,OtsLYON22S_1,3,FALL,1,CJA1,Abv
OtsLGRF25S,OtsLGRF25S_4681,C-04681,9/10/2025,M,630,AI,NA,NA,NA,M,NA,NA,Unassigned,NA,FALL,1,NA,Abv
OtsLGRF25S,OtsLGRF25S_4683,C-04683,9/10/2025,M,710,AI,NA,3DD.0078EDF3C7,NA,M,OtsLYON22S_1_0475,OtsLYON22S_1_4283,OtsLYON22S_1,3,FALL,1,IPCSR,Abv
OtsLGRF25S,OtsLGRF25S_4685,C-04685,9/10/2025,F,730,AD,1,3DD.0078EDF3A5,NA,F,OtsLYON21S_1_0859,OtsLYON21S_1_1817,OtsLYON21S_1,4,FALL,1,CJA2,Abv
OtsLGRF25S,OtsLGRF25S_4687,C-04687,9/10/2025,F,740,AD,1,3DD.003E170614,NA,F,OtsLYON21S_1_0769,OtsLYON21S_1_0428,OtsLYON21S_1,4,FALL,1,LFSO,blw
OtsLGRF25S,OtsLGRF25S_4689,C-04689,9/10/2025,F,730,AI,NA,3DD.0078EDF3A8,NA,F,OtsLYON20S_1_0466,OtsLYON20S_1_0505,OtsLYON20S_1,5,FALL,1,LFSO,blw
OtsLGRF25S,OtsLGRF25S_4691,C-04691,9/10/2025,M,640,AI,NA,NA,NA,M,OtsLYON22S_1_0337,OtsLYON22S_1_4001,OtsLYON22S_1,3,FALL,1,IPCSR,Abv
OtsLGRF25S,OtsLGRF25S_4693,C-04693,9/10/2025,F,610,AI,NA,NA,NA,M,OtsLYON22S_1_0594,OtsLYON22S_1_5155,OtsLYON22S_1,3,FALL,1,LFSO,blw
OtsLGRF25S,OtsLGRF25S_4695,C-04695,9/10/2025,M,630,AI,NA,NA,NA,M,OtsNPFH21S_1_1645,OtsNPFH21S_1_1567,OtsNPFH21S_1,4,FALL,1,LGA,Abv
OtsLGRF25S,OtsLGRF25S_4697,C-04697,9/10/2025,F,700,AI,NA,3DD.0078EDF3B2,NA,F,OtsLYON22S_1_0383,OtsLYON22S_1_4104,OtsLYON22S_1,3,FALL,1,IPCSR,Abv
OtsLGRF25S,OtsLGRF25S_4699,C-04699,9/10/2025,M,660,AI,NA,NA,NA,M,OtsLYON21S_1_2109,OtsLYON21S_1_2344,OtsLYON21S_1,4,FALL,1,IPCSR,Abv
OtsLGRF25S,OtsLGRF25S_4701,C-04701,9/10/2025,M,630,AI,NA,NA,NA,M,OtsLYON22S_1_0053,OtsLYON22S_1_2061,OtsLYON22S_1,3,FALL,1,BCA1,Abv
OtsLGRF25S,OtsLGRF25S_4703,C-04703,9/10/2025,M,460,AI,NA,NA,NA,M,OtsLYON23S_1_0477,OtsLYON23S_1_4100,OtsLYON23S_1,2,FALL,1,IPCSR,Abv
OtsLGRF25S,OtsLGRF25S_4705,C-04705,9/10/2025,M,670,AI,NA,NA,NA,M,OtsLYON22S_1_0217,OtsLYON22S_1_3171,OtsLYON22S_1,3,FALL,1,LFSO,blw
OtsLGRF25S,OtsLGRF25S_4707,C-04707,9/10/2025,M,890,AD,1,3DD.0078EDF3AE,NA,M,OtsLYON20S_1_0296,OtsLYON20S_1_1053,OtsLYON20S_1,5,FALL,1,CJA1,Abv
OtsLGRF25S,OtsLGRF25S_4709,C-04709,9/10/2025,F,840,AI,NA,3DD.0078EDF3BC,NA,F,OtsLYON20S_1_0278,OtsLYON20S_1_1013,OtsLYON20S_1,5,FALL,1,BCA1,Abv
OtsLGRF25S,OtsLGRF25S_4711,C-04711,9/10/2025,F,700,AD,1,3DD.003DA5EC46,NA,F,OtsLYON22S_1_0182,OtsLYON22S_1_3089,OtsLYON22S_1,3,FALL,1,LFSO,blw
OtsLGRF25S,OtsLGRF25S_4713,C-04713,9/10/2025,F,680,AI,NA,NA,NA,F,OtsLYON22S_1_0188,OtsLYON22S_1_3120,OtsLYON22S_1,3,FALL,1,LFSO,blw
OtsLGRF25S,OtsLGRF25S_4715,C-04715,9/10/2025,M,600,AI,NA,NA,NA,M,OtsLYON22S_1_0384,OtsLYON22S_1_4130,OtsLYON22S_1,3,FALL,1,IPCSR,Abv
OtsLGRF25S,OtsLGRF25S_4717,C-04717,9/10/2025,M,590,AI,NA,NA,NA,M,OtsLYON22S_1_0580,OtsLYON22S_1_5101,OtsLYON22S_1,3,FALL,1,LFSO,blw
OtsLGRF25S,OtsLGRF25S_4719,C-04719,9/10/2025,M,660,AI,NA,3DD.003DA62503,NA,M,OtsLYON22S_1_0237,OtsLYON22S_1_3209,OtsLYON22S_1,3,FALL,1,LFSO,blw
OtsLGRF25S,OtsLGRF25S_4721,C-04721,9/10/2025,M,810,AI,NA,3DD.0078EDF3CE,NA,M,OtsLYON20S_1_1500,OtsLYON20S_1_1619,OtsLYON20S_1,5,FALL,1,IPCSR,Abv
OtsLGRF25S,OtsLGRF25S_4723,C-04723,9/10/2025,F,740,AI,NA,3DD.0078EDF38F,NA,F,OtsLYON21S_1_0662,OtsLYON21S_1_0124,OtsLYON21S_1,4,FALL,1,BCA1,Abv
OtsLGRF25S,OtsLGRF25S_4725,C-04725,9/10/2025,M,890,AI,NA,3DD.0078EDF384,NA,M,OtsLYON21S_1_0696,OtsLYON21S_1_0246,OtsLYON21S_1,4,FALL,1,BCA1,Abv
OtsLGRF25S,OtsLGRF25S_4727,C-04727,9/10/2025,F,710,AD,1,3DD.0078EDF3AC,NA,M,OtsLYON21S_1_0892,OtsLYON21S_1_1891,OtsLYON21S_1,4,FALL,1,PLA2,Abv
OtsLGRF25S,OtsLGRF25S_4729,C-04729,9/10/2025,M,650,AI,NA,3DD.003E260269,NA,M,OtsNPFH22S_1_0324,OtsNPFH22S_1_0239,OtsNPFH22S_1,3,FALL,1,LGA,Abv
OtsLGRF25S,OtsLGRF25S_4731,C-04731,9/10/2025,F,790,AI,NA,3DD.0078EDF3D3,NA,F,OtsLYON21S_1_0919,OtsLYON21S_1_1985,OtsLYON21S_1,4,FALL,1,IPCSR,Abv
OtsLGRF25S,OtsLGRF25S_4733,C-04733,9/10/2025,M,750,AI,NA,3DD.0078EDF3C9,NA,M,OtsLYON21S_1_0658,OtsLYON21S_1_0114,OtsLYON21S_1,4,FALL,1,PLA1,Abv
OtsLGRF25S,OtsLGRF25S_4735,C-04735,9/10/2025,M,600,AI,NA,NA,NA,M,NA,NA,Unassigned,NA,FALL,1,NA,Abv
OtsLGRF25S,OtsLGRF25S_4737,C-04737,9/10/2025,M,570,AI,NA,NA,NA,M,OtsLYON22S_1_0411,OtsLYON22S_1_4181,OtsLYON22S_1,3,FALL,1,IPCSR,Abv
OtsLGRF25S,OtsLGRF25S_4739,C-04739,9/10/2025,M,470,AD,1,NA,NA,M,OtsLYON23S_1_0227,OtsLYON23S_1_2292,OtsLYON23S_1,2,FALL,1,LFSO,blw
OtsLGRF25S,OtsLGRF25S_4741,C-04741,9/10/2025,F,660,AI,NA,NA,NA,F,OtsLYON22S_1_0061,OtsLYON22S_1_2086,OtsLYON22S_1,3,FALL,1,BCA1,Abv
OtsLGRF25S,OtsLGRF25S_4743,C-04743,9/10/2025,F,650,AI,NA,NA,NA,F,OtsLYON22S_1_0361,OtsLYON22S_1_4050,OtsLYON22S_1,3,FALL,1,IPCSR,Abv
OtsLGRF25S,OtsLGRF25S_4745,C-04745,9/10/2025,F,680,AI,NA,3DD.0078EDF3C3,NA,F,OtsLYON22S_1_0118,OtsLYON22S_1_2177,OtsLYON22S_1,3,FALL,1,BCA1,Abv
OtsLGRF25S,OtsLGRF25S_4747,C-04747,9/10/2025,M,590,AD,1,NA,NA,M,OtsLYON22S_1_0174,OtsLYON22S_1_3077,OtsLYON22S_1,3,FALL,1,CJA1,Abv
OtsLGRF25S,OtsLGRF25S_4749,C-04749,9/10/2025,M,600,AD,1,NA,NA,M,OtsLYON22S_1_0086,OtsLYON22S_1_2120,OtsLYON22S_1,3,FALL,1,BCA1,Abv
OtsLGRF25S,OtsLGRF25S_4751,C-04751,9/10/2025,F,780,AD,1,3DD.0078EDF3C6,NA,F,OtsLYON21S_1_0852,OtsLYON21S_1_1814,OtsLYON21S_1,4,FALL,1,CJA2,Abv
OtsLGRF25S,OtsLGRF25S_4753,C-04753,9/10/2025,F,730,AD,1,3DD.0078EDF3B9,NA,F,OtsLYON22S_1_0263,OtsLYON22S_1_3270,OtsLYON22S_1,3,FALL,1,CJA2,Abv
OtsLGRF25S,OtsLGRF25S_4755,C-04755,9/11/2025,F,780,AD,1,3DD.0078EDF394,NA,F,OtsLYON20S_1_0622,OtsLYON20S_1_0596,OtsLYON20S_1,5,FALL,1,PLA2,Abv
OtsLGRF25S,OtsLGRF25S_4757,C-04757,9/11/2025,F,700,AD,1,3DD.0078EDF3C1,NA,F,OtsLYON21S_1_1094,OtsLYON21S_1_1308,OtsLYON21S_1,4,FALL,1,LFYO,blw
OtsLGRF25S,OtsLGRF25S_4759,C-04759,9/11/2025,M,610,AI,NA,NA,NA,M,NA,NA,Unassigned,NA,FALL,1,NA,Abv
OtsLGRF25S,OtsLGRF25S_4761,C-04761,9/11/2025,M,610,AI,NA,NA,NA,M,OtsLYON22S_1_0388,OtsLYON22S_1_4151,OtsLYON22S_1,3,FALL,1,IPCSR,Abv
OtsLGRF25S,OtsLGRF25S_4763,C-04763,9/11/2025,M,600,AI,NA,NA,NA,M,OtsLYON22S_1_0050,OtsLYON22S_1_2064,OtsLYON22S_1,3,FALL,1,BCA1,Abv
OtsLGRF25S,OtsLGRF25S_4765,C-04765,9/11/2025,F,750,AI,NA,3DD.0078EDF388,NA,F,OtsLYON21S_1_0742,OtsLYON21S_1_0389,OtsLYON21S_1,4,FALL,1,CJA1,Abv
OtsLGRF25S,OtsLGRF25S_4767,C-04767,9/11/2025,F,710,AD,1,3DD.0078EDF3B3,NA,F,NA,NA,Unassigned,NA,FALL,1,NA,Abv
OtsLGRF25S,OtsLGRF25S_4769,C-04769,9/11/2025,M,620,AI,NA,NA,NA,F,OtsLYON22S_1_0213,OtsLYON22S_1_3158,OtsLYON22S_1,3,FALL,1,LFSO,blw
OtsLGRF25S,OtsLGRF25S_4771,C-04771,9/11/2025,F,660,AD,1,NA,NA,F,OtsLYON21S_1_1022,OtsLYON21S_1_0564,OtsLYON21S_1,4,FALL,1,LFYO,blw
OtsLGRF25S,OtsLGRF25S_4773,C-04773,9/11/2025,M,620,AI,NA,NA,NA,M,NA,NA,Unassigned,NA,FALL,1,NA,Abv
OtsLGRF25S,OtsLGRF25S_4775,C-04775,9/11/2025,M,410,AI,NA,NA,NA,M,OtsLYON23S_1_0180,OtsLYON23S_1_2196,OtsLYON23S_1,2,FALL,1,BCA1,Abv
OtsLGRF25S,OtsLGRF25S_4777,C-04777,9/11/2025,F,760,AI,NA,3DD.00777543A0,NA,F,OtsNPFH21S_1_0486,OtsNPFH21S_1_0426,OtsNPFH21S_1,4,FALL,1,NLVA,Abv
OtsLGRF25S,OtsLGRF25S_4779,C-04779,9/11/2025,F,740,AI,NA,3DD.007774CA3E,NA,F,OtsNPFH21S_1_0487,OtsNPFH21S_1_0431,OtsNPFH21S_1,4,FALL,1,NLVA,Abv
OtsLGRF25S,OtsLGRF25S_4781,C-04781,9/11/2025,F,650,AD,1,NA,NA,F,OtsLYON22S_1_0503,OtsLYON22S_1_4348,OtsLYON22S_1,3,FALL,1,GRR,Abv
OtsLGRF25S,OtsLGRF25S_4783,C-04783,9/11/2025,M,590,AI,NA,NA,NA,M,OtsLYON22S_1_0170,OtsLYON22S_1_3074,OtsLYON22S_1,3,FALL,1,CJA1,Abv
OtsLGRF25S,OtsLGRF25S_4785,C-04785,9/11/2025,F,710,AD,1,3DD.00777534A8,NA,F,OtsLYON21S_1_1098,OtsLYON21S_1_1312,OtsLYON21S_1,4,FALL,1,LFYO,blw
OtsLGRF25S,OtsLGRF25S_4787,C-04787,9/11/2025,M,730,AI,NA,3DD.0077748091,NA,M,OtsLYON22S_1_0372,OtsLYON22S_1_4102,OtsLYON22S_1,3,FALL,1,IPCSR,Abv
OtsLGRF25S,OtsLGRF25S_4789,C-04789,9/11/2025,M,640,AD,1,NA,NA,M,OtsLYON22S_1_0434,OtsLYON22S_1_4222,OtsLYON22S_1,3,FALL,1,IPCSR,Abv
OtsLGRF25S,OtsLGRF25S_4791,C-04791,9/11/2025,F,700,AD,1,3DD.0078EDF390,NA,F,OtsLYON22S_1_0225,OtsLYON22S_1_3190,OtsLYON22S_1,3,FALL,1,LFSO,blw
OtsLGRF25S,OtsLGRF25S_4793,C-04793,9/11/2025,M,620,AD,1,NA,NA,M,OtsLYON22S_1_0092,OtsLYON22S_1_2126,OtsLYON22S_1,3,FALL,1,BCA1,Abv
OtsLGRF25S,OtsLGRF25S_4795,C-04795,9/11/2025,M,740,AI,NA,3DD.0078EDF3A6,NA,M,NA,NA,Unassigned,NA,FALL,1,NA,Abv
OtsLGRF25S,OtsLGRF25S_4797,C-04797,9/11/2025,M,710,AD,1,3DD.0078EDF3C2,NA,M,NA,NA,Unassigned,NA,FALL,1,NA,Abv
OtsLGRF25S,OtsLGRF25S_4799,C-04799,9/11/2025,F,720,AI,NA,3DD.0078EDF391,NA,F,OtsLYON22S_1_0365,OtsLYON22S_1_4064,OtsLYON22S_1,3,FALL,1,IPCSR,Abv
OtsLGRF25S,OtsLGRF25S_4801,C-04801,9/11/2025,F,680,AI,NA,NA,NA,F,OtsLYON22S_1_0390,OtsLYON22S_1_4120,OtsLYON22S_1,3,FALL,1,IPCSR,Abv
OtsLGRF25S,OtsLGRF25S_4803,C-04803,9/11/2025,F,640,AI,NA,NA,NA,F,OtsNPFH22S_1_0467,OtsNPFH22S_1_0400,OtsNPFH22S_1,3,FALL,1,LGA,Abv
OtsLGRF25S,OtsLGRF25S_4805,C-04805,9/11/2025,M,650,AI,NA,NA,NA,M,NA,NA,Unassigned,NA,FALL,1,NA,Abv
OtsLGRF25S,OtsLGRF25S_4807,C-04807,9/11/2025,M,780,AI,NA,3DD.0078EDF3B5,NA,M,OtsNPFH21S_1_1613,OtsNPFH21S_1_1526,OtsNPFH21S_1,4,FALL,1,NLVA,Abv
OtsLGRF25S,OtsLGRF25S_4809,C-04809,9/11/2025,M,710,AD,1,3DD.0078EDF378,NA,M,OtsLYON22S_1_0268,OtsLYON22S_1_3303,OtsLYON22S_1,3,FALL,1,BCA2,Abv
OtsLGRF25S,OtsLGRF25S_4811,C-04811,9/11/2025,F,650,AI,NA,NA,NA,F,OtsLYON22S_1_0004,OtsLYON22S_1_1013,OtsLYON22S_1,3,FALL,1,PLA1,Abv
OtsLGRF25S,OtsLGRF25S_4813,C-04813,9/11/2025,M,450,AD,1,NA,NA,M,OtsLYON23S_1_0091,OtsLYON23S_1_2053,OtsLYON23S_1,2,FALL,1,CJA1,Abv
OtsLGRF25S,OtsLGRF25S_4815,C-04815,9/11/2025,F,720,AI,NA,3DD.007774B68E,NA,F,NA,NA,Unassigned,NA,FALL,1,NA,Abv
OtsLGRF25S,OtsLGRF25S_4817,C-04817,9/11/2025,M,700,AI,NA,3DD.007774DB13,NA,M,NA,NA,Unassigned,NA,FALL,1,NA,Abv
OtsLGRF25S,OtsLGRF25S_4819,C-04819,9/11/2025,M,650,AI,NA,NA,NA,M,OtsLYON22S_1_0485,OtsLYON22S_1_4287,OtsLYON22S_1,3,FALL,1,IPCSR,Abv
OtsLGRF25S,OtsLGRF25S_4821,C-04821,9/11/2025,M,630,AI,NA,NA,NA,M,OtsLYON22S_1_0412,OtsLYON22S_1_4178,OtsLYON22S_1,3,FALL,1,IPCSR,Abv
OtsLGRF25S,OtsLGRF25S_4823,C-04823,9/11/2025,F,670,AI,NA,NA,NA,F,OtsLYON22S_1_0455,OtsLYON22S_1_4258,OtsLYON22S_1,3,FALL,1,IPCSR,Abv
OtsLGRF25S,OtsLGRF25S_4825,C-04825,9/11/2025,M,640,AD,1,NA,NA,M,OtsLYON22S_1_0003,OtsLYON22S_1_1012,OtsLYON22S_1,3,FALL,1,PLA1,Abv
OtsLGRF25S,OtsLGRF25S_4827,C-04827,9/11/2025,F,740,AD,1,3DD.0078EDF385,NA,F,OtsLYON20S_1_1303,OtsLYON20S_1_0824,OtsLYON20S_1,5,FALL,1,LFYO,blw
OtsLGRF25S,OtsLGRF25S_4829,C-04829,9/11/2025,F,720,AI,NA,3DD.0078EDF382,NA,F,OtsNPFH21S_1_1628,OtsNPFH21S_1_1547,OtsNPFH21S_1,4,FALL,1,LGA,Abv
OtsLGRF25S,OtsLGRF25S_4831,C-04831,9/11/2025,M,640,AI,NA,NA,NA,M,OtsLYON22S_1_0150,OtsLYON22S_1_3031,OtsLYON22S_1,3,FALL,1,CJA1,Abv
OtsLGRF25S,OtsLGRF25S_4833,C-04833,9/11/2025,F,710,AD,1,3DD.0077751CA4,NA,F,OtsLYON21S_1_0979,OtsLYON21S_1_0586,OtsLYON21S_1,4,FALL,1,LFYO,blw
OtsLGRF25S,OtsLGRF25S_4835,C-04835,9/11/2025,F,750,AD,1,3DD.00777577F9,NA,F,OtsLYON21S_1_0781,OtsLYON21S_1_0455,OtsLYON21S_1,4,FALL,1,LFSO,blw
OtsLGRF25S,OtsLGRF25S_4837,C-04837,9/11/2025,F,700,AI,NA,3DD.00777534E1,NA,M,NA,NA,Unassigned,NA,FALL,1,NA,Abv
OtsLGRF25S,OtsLGRF25S_4839,C-04839,9/11/2025,M,660,AI,NA,NA,NA,U,OtsLYON22S_1_0208,OtsLYON22S_1_3148,OtsLYON22S_1,3,FALL,1,LFSO,blw
OtsLGRF25S,OtsLGRF25S_4841,C-04841,9/11/2025,F,710,AI,NA,3DD.0078EDF38A,NA,F,OtsLYON22S_1_0446,OtsLYON22S_1_4239,OtsLYON22S_1,3,FALL,1,IPCSR,Abv
OtsLGRF25S,OtsLGRF25S_4843,C-04843,9/11/2025,M,510,AI,NA,NA,NA,M,OtsLYON23S_1_0485,OtsLYON23S_1_4121,OtsLYON23S_1,2,FALL,1,IPCSR,Abv
OtsLGRF25S,OtsLGRF25S_4845,C-04845,9/11/2025,M,870,AD,1,3DD.007774D240,NA,M,OtsLYON20S_1_0670,OtsLYON20S_1_0764,OtsLYON20S_1,5,FALL,1,CJA2,Abv
OtsLGRF25S,OtsLGRF25S_4847,C-04847,9/11/2025,F,820,AI,NA,3DD.007774CA39,NA,F,OtsLYON21S_1_0697,OtsLYON21S_1_0263,OtsLYON21S_1,4,FALL,1,BCA1,Abv
OtsLGRF25S,OtsLGRF25S_4849,C-04849,9/11/2025,M,680,AD,NA,NA,NA,M,OtsPBT21-LWSFa-0963,OtsPBT21-LWSFa-0868,OtsPBT21-LWSFa,4,FALL,1,LWSH,blw
OtsLGRF25S,OtsLGRF25S_4851,C-04851,9/11/2025,F,640,AD,1,NA,NA,F,OtsLYON22S_1_0510,OtsLYON22S_1_4338,OtsLYON22S_1,3,FALL,1,GRR,Abv
OtsLGRF25S,OtsLGRF25S_4853,C-04853,9/11/2025,F,700,AI,NA,3DD.00777531E6,NA,F,OtsLYON22S_1_0582,OtsLYON22S_1_5120,OtsLYON22S_1,3,FALL,1,LFSO,blw
OtsLGRF25S,OtsLGRF25S_4855,C-04855,9/11/2025,M,640,AD,1,NA,NA,M,NA,NA,Unassigned,NA,FALL,1,NA,Abv
OtsLGRF25S,OtsLGRF25S_4857,C-04857,9/11/2025,M,650,AD,1,NA,NA,F,OtsLYON21S_1_0686,OtsLYON21S_1_0221,OtsLYON21S_1,4,FALL,1,BCA1,Abv
OtsLGRF25S,OtsLGRF25S_4859,C-04859,9/11/2025,M,500,AD,1,NA,NA,M,NA,NA,Unassigned,NA,FALL,1,NA,Abv
OtsLGRF25S,OtsLGRF25S_4861,C-04861,9/11/2025,M,790,AI,NA,3DD.007774CBC6,NA,M,OtsLYON21S_1_0650,OtsLYON21S_1_0105,OtsLYON21S_1,4,FALL,1,PLA1,Abv
OtsLGRF25S,OtsLGRF25S_4863,C-04863,9/11/2025,F,790,AI,NA,3DD.007775FBB4,NA,F,OtsLYON20S_1_1555,OtsLYON20S_1_1722,OtsLYON20S_1,5,FALL,1,IPCSR,Abv
OtsLGRF25S,OtsLGRF25S_4865,C-04865,9/11/2025,M,610,AD,1,NA,NA,M,OtsLYON21S_1_2108,OtsLYON21S_1_2314,OtsLYON21S_1,4,FALL,1,LFYO,blw
OtsLGRF25S,OtsLGRF25S_4867,C-04867,9/11/2025,F,690,AD,1,NA,NA,F,OtsLYON22S_1_0196,OtsLYON22S_1_3126,OtsLYON22S_1,3,FALL,1,LFSO,blw
OtsLGRF25S,OtsLGRF25S_4869,C-04869,9/11/2025,M,630,AI,NA,NA,NA,M,OtsLYON21S_1_0820,OtsLYON21S_1_1648,OtsLYON21S_1,4,FALL,1,LFSO,blw
OtsLGRF25S,OtsLGRF25S_4871,C-04871,9/11/2025,F,710,AD,NA,3DD.0077754A6F,NA,F,OtsLYON21S_1_0837,OtsLYON21S_1_1691,OtsLYON21S_1,4,FALL,1,CJA2,Abv
OtsLGRF25S,OtsLGRF25S_4873,C-04873,9/11/2025,F,780,AI,NA,3DD.0077744AAB,NA,F,OtsLYON21S_1_0905,OtsLYON21S_1_1944,OtsLYON21S_1,4,FALL,1,IPCSR,Abv
OtsLGRF25S,OtsLGRF25S_4875,C-04875,9/11/2025,F,690,AI,NA,NA,NA,F,OtsLYON22S_1_0396,OtsLYON22S_1_4159,OtsLYON22S_1,3,FALL,1,IPCSR,Abv
OtsLGRF25S,OtsLGRF25S_4877,C-04877,9/11/2025,M,590,AD,1,NA,NA,M,OtsLYON22S_1_0282,OtsLYON22S_1_3276,OtsLYON22S_1,3,FALL,1,CJA2,Abv
OtsLGRF25S,OtsLGRF25S_4879,C-04879,9/11/2025,M,630,AD,1,NA,NA,M,OtsNPFH22S_1_0217,OtsNPFH22S_1_0186,OtsNPFH22S_1,3,FALL,1,NPTH,Abv
OtsLGRF25S,OtsLGRF25S_4881,C-04881,9/11/2025,M,500,AI,NA,NA,NA,M,OtsLYON23S_1_0238,OtsLYON23S_1_2313,OtsLYON23S_1,2,FALL,1,LFSO,blw
OtsLGRF25S,OtsLGRF25S_4883,C-04883,9/11/2025,M,530,AD,1,NA,NA,M,OtsLYON22S_1_0535,OtsLYON22S_1_5001,OtsLYON22S_1,3,FALL,1,LFYO,blw
OtsLGRF25S,OtsLGRF25S_4885,C-04885,9/11/2025,F,800,AD,1,3DD.007774EB37,NA,F,OtsLYON21S_1_0850,OtsLYON21S_1_1808,OtsLYON21S_1,4,FALL,1,CJA2,Abv
OtsLGRF25S,OtsLGRF25S_4887,C-04887,9/11/2025,F,710,AI,NA,3DD.007774EAAF,NA,M,OtsLYON21S_1_0907,OtsLYON21S_1_1950,OtsLYON21S_1,4,FALL,1,IPCSR,Abv
OtsLGRF25S,OtsLGRF25S_4889,C-04889,9/11/2025,F,660,AI,NA,NA,NA,F,NA,NA,Unassigned,NA,FALL,1,NA,Abv
OtsLGRF25S,OtsLGRF25S_4891,C-04891,9/11/2025,M,610,AI,NA,NA,NA,M,OtsLYON22S_1_0087,OtsLYON22S_1_2134,OtsLYON22S_1,3,FALL,1,BCA1,Abv
OtsLGRF25S,OtsLGRF25S_4893,C-04893,9/11/2025,M,610,AD,1,NA,NA,M,OtsLYON22S_1_0411,OtsLYON22S_1_4181,OtsLYON22S_1,3,FALL,1,IPCSR,Abv
OtsLGRF25S,OtsLGRF25S_4895,C-04895,9/11/2025,M,540,AI,NA,NA,NA,F,OtsLYON22S_1_0032,OtsLYON22S_1_2029,OtsLYON22S_1,3,FALL,1,PLA1,Abv
OtsLGRF25S,OtsLGRF25S_4897,C-04897,9/11/2025,M,450,AD,1,NA,NA,M,OtsLYON23S_1_0116,OtsLYON23S_1_2092,OtsLYON23S_1,2,FALL,1,CJA1,Abv
OtsLGRF25S,OtsLGRF25S_4899,C-04899,9/11/2025,F,700,AD,1,3DD.007779EF5A,NA,F,OtsLYON22S_1_0244,OtsLYON22S_1_3222,OtsLYON22S_1,3,FALL,1,CJA2,Abv
OtsLGRF25S,OtsLGRF25S_4901,C-04901,9/11/2025,M,670,AI,NA,NA,NA,M,OtsNPFH20S_1_0209,OtsNPFH20S_1_0156,OtsNPFH20S_1,5,FALL,1,NPTH,Abv
OtsLGRF25S,OtsLGRF25S_4903,C-04903,9/11/2025,F,650,AI,NA,NA,NA,F,OtsLYON22S_1_0059,OtsLYON22S_1_2067,OtsLYON22S_1,3,FALL,1,BCA1,Abv
OtsLGRF25S,OtsLGRF25S_4905,C-04905,9/11/2025,M,490,AI,NA,NA,NA,M,OtsLYON23S_1_0561,OtsLYON23S_1_4273,OtsLYON23S_1,2,FALL,1,IPCSR,Abv
OtsLGRF25S,OtsLGRF25S_4907,C-04907,9/11/2025,M,540,AI,NA,NA,NA,M,OtsLYON21S_1_0641,OtsLYON21S_1_0086,OtsLYON21S_1,4,FALL,1,PLA1,Abv
OtsLGRF25S,OtsLGRF25S_4909,C-04909,9/11/2025,M,580,AI,NA,NA,NA,M,OtsLYON22S_1_0390,OtsLYON22S_1_4119,OtsLYON22S_1,3,FALL,1,IPCSR,Abv
OtsLGRF25S,OtsLGRF25S_4911,C-04911,9/11/2025,M,820,AI,NA,3DD.0078ED70CE,NA,M,NA,NA,Unassigned,NA,FALL,1,NA,Abv
OtsLGRF25S,OtsLGRF25S_4913,C-04913,9/11/2025,F,800,AI,NA,3DD.0077758C14,NA,F,OtsNPFH21S_1_0506,OtsNPFH21S_1_0465,OtsNPFH21S_1,4,FALL,1,LGA,Abv
OtsLGRF25S,OtsLGRF25S_4915,C-04915,9/11/2025,M,630,AD,1,NA,NA,M,OtsLYON22S_1_0324,OtsLYON22S_1_3393,OtsLYON22S_1,3,FALL,1,PLA2,Abv
OtsLGRF25S,OtsLGRF25S_4917,C-04917,9/11/2025,M,630,AD,1,NA,NA,M,OtsNPFH22S_1_0501,OtsNPFH22S_1_0446,OtsNPFH22S_1,3,FALL,1,NLVA,Abv
OtsLGRF25S,OtsLGRF25S_4919,C-04919,9/11/2025,F,680,AI,NA,NA,NA,F,OtsLYON21S_1_0794,OtsLYON21S_1_0469,OtsLYON21S_1,4,FALL,1,LFSO,blw
OtsLGRF25S,OtsLGRF25S_4921,C-04921,9/11/2025,M,650,AI,NA,NA,NA,M,NA,NA,Unassigned,NA,FALL,1,NA,Abv
OtsLGRF25S,OtsLGRF25S_4923,C-04923,9/11/2025,F,730,AI,NA,3DD.007775729D,NA,F,NA,NA,Unassigned,NA,FALL,1,NA,Abv
OtsLGRF25S,OtsLGRF25S_4925,C-04925,9/11/2025,M,780,AI,NA,3DD.0078ED710C,NA,M,OtsNPFH21S_1_0510,OtsNPFH21S_1_0471,OtsNPFH21S_1,4,FALL,1,CFA,Abv
OtsLGRF25S,OtsLGRF25S_4927,C-04927,9/11/2025,F,770,AI,NA,3DD.0078ED70F7,NA,F,NA,NA,Unassigned,NA,FALL,1,NA,Abv
OtsLGRF25S,OtsLGRF25S_4929,C-04929,9/11/2025,F,700,AI,NA,3DD.0078ED70E0,NA,F,OtsLYON21S_1_1173,OtsLYON21S_1_2326,OtsLYON21S_1,4,FALL,1,IPCSR,Abv
OtsLGRF25S,OtsLGRF25S_4931,C-04931,9/11/2025,M,470,AD,1,NA,NA,M,OtsLYON23S_1_0116,OtsLYON23S_1_2092,OtsLYON23S_1,2,FALL,1,CJA1,Abv
OtsLGRF25S,OtsLGRF25S_4933,C-04933,9/11/2025,F,750,AD,1,3DD.0078ED70C4,NA,F,OtsLYON20S_1_0256,OtsLYON20S_1_0136,OtsLYON20S_1,5,FALL,1,BCA1,Abv
OtsLGRF25S,OtsLGRF25S_4935,C-04935,9/11/2025,M,700,AI,NA,3DD.0078ED710D,NA,F,OtsLYON22S_1_0343,OtsLYON22S_1_4021,OtsLYON22S_1,3,FALL,1,IPCSR,Abv
OtsLGRF25S,OtsLGRF25S_4937,C-04937,9/11/2025,M,600,AI,NA,NA,NA,M,OtsLYON22S_1_0387,OtsLYON22S_1_4115,OtsLYON22S_1,3,FALL,1,IPCSR,Abv
OtsLGRF25S,OtsLGRF25S_4939,C-04939,9/11/2025,F,710,AD,1,3DD.0078ED7106,NA,F,OtsLYON22S_1_0171,OtsLYON22S_1_3057,OtsLYON22S_1,3,FALL,1,CJA1,Abv
OtsLGRF25S,OtsLGRF25S_4941,C-04941,9/11/2025,M,490,AI,NA,NA,NA,M,OtsLYON23S_1_0438,OtsLYON23S_1_4078,OtsLYON23S_1,2,FALL,1,IPCSR,Abv
OtsLGRF25S,OtsLGRF25S_4943,C-04943,9/11/2025,M,610,AD,1,NA,NA,M,OtsLYON22S_1_0011,OtsLYON22S_1_1029,OtsLYON22S_1,3,FALL,1,PLA1,Abv
OtsLGRF25S,OtsLGRF25S_4945,C-04945,9/11/2025,F,700,AD,1,3DD.0078ED70FF,NA,F,OtsLYON21S_1_0921,OtsLYON21S_1_1707,OtsLYON21S_1,4,FALL,1,IPCSR,Abv
OtsLGRF25S,OtsLGRF25S_4947,C-04947,9/11/2025,M,610,AI,NA,NA,NA,M,OtsLYON22S_1_0082,OtsLYON22S_1_2115,OtsLYON22S_1,3,FALL,1,BCA1,Abv
OtsLGRF25S,OtsLGRF25S_4949,C-04949,9/11/2025,M,620,AI,NA,NA,NA,M,OtsLYON22S_1_0383,OtsLYON22S_1_4104,OtsLYON22S_1,3,FALL,1,IPCSR,Abv
OtsLGRF25S,OtsLGRF25S_4951,C-04951,9/11/2025,M,540,AD,1,NA,NA,M,OtsLYON22S_1_0250,OtsLYON22S_1_3247,OtsLYON22S_1,3,FALL,1,CJA2,Abv
OtsLGRF25S,OtsLGRF25S_4953,C-04953,9/11/2025,F,630,AI,NA,NA,NA,F,OtsLYON22S_1_0079,OtsLYON22S_1_2110,OtsLYON22S_1,3,FALL,1,BCA1,Abv
OtsLGRF25S,OtsLGRF25S_4955,C-04955,9/11/2025,F,730,AI,NA,3DD.0078ED70D9,NA,F,OtsLYON21S_1_0812,OtsLYON21S_1_1625,OtsLYON21S_1,4,FALL,1,LFSO,blw
OtsLGRF25S,OtsLGRF25S_4957,C-04957,9/11/2025,M,680,AI,NA,NA,NA,M,OtsLYON22S_1_0092,OtsLYON22S_1_2126,OtsLYON22S_1,3,FALL,1,BCA1,Abv
OtsLGRF25S,OtsLGRF25S_4959,C-04959,9/11/2025,F,800,AI,NA,3DD.0078ED70BE,NA,F,OtsLYON21S_1_0924,OtsLYON21S_1_1712,OtsLYON21S_1,4,FALL,1,IPCSR,Abv
OtsLGRF25S,OtsLGRF25S_4961,C-04961,9/11/2025,F,690,AD,1,NA,NA,F,OtsNPFH22S_1_0506,OtsNPFH22S_1_0451,OtsNPFH22S_1,3,FALL,1,NLVA,Abv
OtsLGRF25S,OtsLGRF25S_4963,C-04963,9/11/2025,F,640,AD,1,NA,NA,F,OtsLYON22S_1_0503,OtsLYON22S_1_4348,OtsLYON22S_1,3,FALL,1,GRR,Abv
OtsLGRF25S,OtsLGRF25S_4965,C-04965,9/11/2025,M,660,AI,NA,NA,NA,M,OtsLYON22S_1_0472,OtsLYON22S_1_4290,OtsLYON22S_1,3,FALL,1,IPCSR,Abv
OtsLGRF25S,OtsLGRF25S_4967,C-04967,9/11/2025,F,750,AI,NA,3DD.0078ED7101,NA,F,OtsNPFH20S_1_0194,OtsNPFH20S_1_0147,OtsNPFH20S_1,5,FALL,1,NPTH,Abv
OtsLGRF25S,OtsLGRF25S_4969,C-04969,9/11/2025,M,630,AI,NA,NA,NA,M,NA,NA,Unassigned,NA,FALL,1,NA,Abv
OtsLGRF25S,OtsLGRF25S_4971,C-04971,9/11/2025,F,750,AD,1,3DD.0078ED70F6,NA,F,OtsLYON21S_1_0724,OtsLYON21S_1_0311,OtsLYON21S_1,4,FALL,1,CJA1,Abv
OtsLGRF25S,OtsLGRF25S_4973,C-04973,9/11/2025,F,730,AD,1,3DD.0078ED70F4,NA,F,OtsLYON21S_1_0791,OtsLYON21S_1_0497,OtsLYON21S_1,4,FALL,1,LFSO,blw
OtsLGRF25S,OtsLGRF25S_4975,C-04975,9/11/2025,F,680,AI,NA,NA,NA,F,OtsLYON22S_1_0370,OtsLYON22S_1_4063,OtsLYON22S_1,3,FALL,1,IPCSR,Abv
OtsLGRF25S,OtsLGRF25S_4977,C-04977,9/11/2025,M,600,AI,NA,NA,NA,M,OtsLYON22S_1_0434,OtsLYON22S_1_4222,OtsLYON22S_1,3,FALL,1,IPCSR,Abv
OtsLGRF25S,OtsLGRF25S_4979,C-04979,9/11/2025,F,660,AI,NA,NA,This sample is a duplicate with OtsLGRF25S_4583.,M,OtsLYON21S_1_0617,OtsLYON21S_1_0029,OtsLYON21S_1,4,FALL,1,PLA1,Abv
OtsLGRF25S,OtsLGRF25S_4981,C-04981,9/11/2025,F,730,AI,NA,3DD.0078ED70D4,NA,F,OtsLYON21S_1_0652,OtsLYON21S_1_0098,OtsLYON21S_1,4,FALL,1,PLA1,Abv
OtsLGRF25S,OtsLGRF25S_4983,C-04983,9/11/2025,F,640,AD,1,NA,NA,F,OtsLYON22S_1_0091,OtsLYON22S_1_2125,OtsLYON22S_1,3,FALL,1,BCA1,Abv
OtsLGRF25S,OtsLGRF25S_4985,C-04985,9/11/2025,F,680,AD,1,NA,NA,F,OtsLYON22S_1_0272,OtsLYON22S_1_3330,OtsLYON22S_1,3,FALL,1,BCA2,Abv
OtsLGRF25S,OtsLGRF25S_4987,C-04987,9/11/2025,F,610,AI,NA,NA,NA,F,OtsLYON22S_1_0350,OtsLYON22S_1_4031,OtsLYON22S_1,3,FALL,1,IPCSR,Abv
OtsLGRF25S,OtsLGRF25S_4989,C-04989,9/11/2025,M,470,AD,1,NA,NA,M,OtsLYON23S_1_0562,OtsLYON23S_1_4280,OtsLYON23S_1,2,FALL,1,IPCSR,Abv
OtsLGRF25S,OtsLGRF25S_4991,C-04991,9/11/2025,F,780,AI,NA,3DD.0078ED70AE,NA,F,NA,NA,Unassigned,NA,FALL,1,NA,Abv
OtsLGRF25S,OtsLGRF25S_4993,C-04993,9/12/2025,F,660,AI,NA,NA,NA,F,OtsLYON22S_1_0349,OtsLYON22S_1_4035,OtsLYON22S_1,3,FALL,1,IPCSR,Abv
OtsLGRF25S,OtsLGRF25S_4995,C-04995,9/12/2025,M,710,AI,NA,3DD.0078ED70EF,NA,M,OtsLYON21S_1_0815,OtsLYON21S_1_1646,OtsLYON21S_1,4,FALL,1,LFSO,blw
OtsLGRF25S,OtsLGRF25S_4997,C-04997,9/12/2025,F,690,AD,1,NA,NA,F,OtsLYON22S_1_0267,OtsLYON22S_1_3290,OtsLYON22S_1,3,FALL,1,BCA2,Abv
OtsLGRF25S,OtsLGRF25S_4999,C-04999,9/12/2025,F,680,AD,1,NA,NA,M,OtsLYON22S_1_0063,OtsLYON22S_1_2081,OtsLYON22S_1,3,FALL,1,BCA1,Abv
OtsLGRF25S,OtsLGRF25S_5001,C-05001,9/12/2025,M,670,AD,1,NA,NA,M,OtsLYON22S_1_0274,OtsLYON22S_1_3305,OtsLYON22S_1,3,FALL,1,BCA2,Abv
OtsLGRF25S,OtsLGRF25S_5003,C-05003,9/12/2025,F,640,AI,NA,NA,NA,F,OtsLYON22S_1_0394,OtsLYON22S_1_4122,OtsLYON22S_1,3,FALL,1,IPCSR,Abv
OtsLGRF25S,OtsLGRF25S_5005,C-05005,9/12/2025,M,510,AI,NA,NA,NA,U,OtsLYON23S_1_0451,OtsLYON23S_1_4118,OtsLYON23S_1,2,FALL,1,IPCSR,Abv
OtsLGRF25S,OtsLGRF25S_5007,C-05007,9/12/2025,M,910,AI,NA,3DD.0078ED7109,NA,F,NA,NA,Unassigned,NA,FALL,1,NA,Abv
OtsLGRF25S,OtsLGRF25S_5009,C-05009,9/12/2025,F,720,AI,NA,3DD.0078ED70FE,NA,F,OtsLYON21S_1_0638,OtsLYON21S_1_0068,OtsLYON21S_1,4,FALL,1,PLA1,Abv
OtsLGRF25S,OtsLGRF25S_5011,C-05011,9/12/2025,M,630,AI,NA,NA,NA,M,NA,NA,Unassigned,NA,FALL,1,NA,Abv
OtsLGRF25S,OtsLGRF25S_5013,C-05013,9/12/2025,M,620,AI,NA,NA,NA,M,OtsLYON22S_1_0042,OtsLYON22S_1_2043,OtsLYON22S_1,3,FALL,1,PLA1,Abv
OtsLGRF25S,OtsLGRF25S_5015,C-05015,9/12/2025,M,610,AI,NA,NA,NA,M,OtsLYON22S_1_0465,OtsLYON22S_1_4278,OtsLYON22S_1,3,FALL,1,IPCSR,Abv
OtsLGRF25S,OtsLGRF25S_5017,C-05017,9/12/2025,F,690,AI,NA,NA,NA,F,OtsLYON22S_1_0338,OtsLYON22S_1_4023,OtsLYON22S_1,3,FALL,1,IPCSR,Abv
OtsLGRF25S,OtsLGRF25S_5019,C-05019,9/12/2025,M,650,AI,NA,NA,NA,M,OtsLYON22S_1_0011,OtsLYON22S_1_1028,OtsLYON22S_1,3,FALL,1,PLA1,Abv
OtsLGRF25S,OtsLGRF25S_5021,C-05021,9/12/2025,M,630,AI,NA,NA,NA,M,OtsLYON22S_1_0566,OtsLYON22S_1_5072,OtsLYON22S_1,3,FALL,1,LFSO,blw
OtsLGRF25S,OtsLGRF25S_5023,C-05023,9/12/2025,M,560,AI,NA,NA,NA,M,OtsLYON22S_1_0217,OtsLYON22S_1_3171,OtsLYON22S_1,3,FALL,1,LFSO,blw
OtsLGRF25S,OtsLGRF25S_5025,C-05025,9/12/2025,M,590,AI,NA,NA,NA,M,OtsLYON22S_1_0353,OtsLYON22S_1_4070,OtsLYON22S_1,3,FALL,1,IPCSR,Abv
OtsLGRF25S,OtsLGRF25S_5027,C-05027,9/12/2025,F,650,AD,1,NA,NA,F,OtsLYON22S_1_0264,OtsLYON22S_1_3283,OtsLYON22S_1,3,FALL,1,BCA2,Abv
OtsLGRF25S,OtsLGRF25S_5029,C-05029,9/12/2025,F,740,AI,NA,3DD.0078ED70BA,NA,F,NA,NA,Unassigned,NA,FALL,1,NA,Abv
OtsLGRF25S,OtsLGRF25S_5031,C-05031,9/12/2025,M,640,AI,NA,NA,NA,M,OtsLYON22S_1_0092,OtsLYON22S_1_2126,OtsLYON22S_1,3,FALL,1,BCA1,Abv
OtsLGRF25S,OtsLGRF25S_5033,C-05033,9/12/2025,M,600,AD,1,NA,NA,M,OtsLYON22S_1_0167,OtsLYON22S_1_3048,OtsLYON22S_1,3,FALL,1,CJA1,Abv
OtsLGRF25S,OtsLGRF25S_5035,C-05035,9/12/2025,M,700,AI,NA,3DD.0078ED70DE,NA,U,OtsLYON22S_1_0400,OtsLYON22S_1_4150,OtsLYON22S_1,3,FALL,1,IPCSR,Abv
OtsLGRF25S,OtsLGRF25S_5037,C-05037,9/12/2025,F,720,AI,NA,3DD.0078ED70C7,NA,F,NA,NA,Unassigned,NA,FALL,1,NA,Abv
OtsLGRF25S,OtsLGRF25S_5039,C-05039,9/12/2025,F,680,AD,1,NA,NA,F,OtsLYON22S_1_0191,OtsLYON22S_1_3105,OtsLYON22S_1,3,FALL,1,LFSO,blw
OtsLGRF25S,OtsLGRF25S_5041,C-05041,9/12/2025,M,670,AD,1,NA,NA,M,OtsLYON22S_1_0137,OtsLYON22S_1_3019,OtsLYON22S_1,3,FALL,1,CJA1,Abv
OtsLGRF25S,OtsLGRF25S_5043,C-05043,9/12/2025,M,570,AI,NA,NA,NA,M,OtsLYON23S_1_0566,OtsLYON23S_1_4268,OtsLYON23S_1,2,FALL,1,IPCSR,Abv
OtsLGRF25S,OtsLGRF25S_5045,C-05045,9/12/2025,M,680,AI,NA,NA,NA,M,OtsLYON22S_1_0438,OtsLYON22S_1_4231,OtsLYON22S_1,3,FALL,1,IPCSR,Abv
OtsLGRF25S,OtsLGRF25S_5047,C-05047,9/12/2025,M,700,AI,NA,3DD.0078ED70AF,NA,M,OtsLYON22S_1_0044,OtsLYON22S_1_2049,OtsLYON22S_1,3,FALL,1,PLA1,Abv
OtsLGRF25S,OtsLGRF25S_5049,C-05049,9/12/2025,M,630,AI,NA,NA,NA,M,OtsLYON22S_1_0379,OtsLYON22S_1_4110,OtsLYON22S_1,3,FALL,1,IPCSR,Abv
OtsLGRF25S,OtsLGRF25S_5051,C-05051,9/12/2025,F,610,AD,1,NA,NA,F,OtsLYON22S_1_0258,OtsLYON22S_1_3262,OtsLYON22S_1,3,FALL,1,CJA2,Abv
OtsLGRF25S,OtsLGRF25S_5053,C-05053,9/12/2025,M,470,AD,1,NA,NA,M,OtsLYON23S_1_0273,OtsLYON23S_1_3054,OtsLYON23S_1,2,FALL,1,LFSO,blw
OtsLGRF25S,OtsLGRF25S_5055,C-05055,9/12/2025,M,840,AI,NA,3DD.0078ED70B2,NA,M,OtsLYON21S_1_0933,OtsLYON21S_1_1747,OtsLYON21S_1,4,FALL,1,IPCSR,Abv
OtsLGRF25S,OtsLGRF25S_5057,C-05057,9/12/2025,F,820,AI,NA,3DD.0078ED70E3,NA,F,OtsNPFH21S_1_1136,OtsNPFH21S_1_1464,OtsNPFH21S_1,4,FALL,1,NLVA,Abv
OtsLGRF25S,OtsLGRF25S_5059,C-05059,9/12/2025,M,640,AD,1,NA,NA,M,OtsLYON22S_1_0157,OtsLYON22S_1_3051,OtsLYON22S_1,3,FALL,1,CJA1,Abv
OtsLGRF25S,OtsLGRF25S_5061,C-05061,9/12/2025,F,610,AD,1,NA,NA,M,OtsLYON22S_1_0502,OtsLYON22S_1_4343,OtsLYON22S_1,3,FALL,1,GRR,Abv
OtsLGRF25S,OtsLGRF25S_5063,C-05063,9/12/2025,M,790,AD,1,3DD.003DA626C8,NA,M,OtsLYON22S_1_0212,OtsLYON22S_1_3154,OtsLYON22S_1,3,FALL,1,LFSO,blw
OtsLGRF25S,OtsLGRF25S_5065,C-05065,9/12/2025,M,490,AD,1,NA,NA,M,OtsLYON23S_1_0221,OtsLYON23S_1_2276,OtsLYON23S_1,2,FALL,1,LFSO,blw
OtsLGRF25S,OtsLGRF25S_5067,C-05067,9/12/2025,F,770,AI,NA,3DD.0078ED70FC,NA,F,NA,NA,Unassigned,NA,FALL,1,NA,Abv
OtsLGRF25S,OtsLGRF25S_5069,C-05069,9/12/2025,M,630,AI,NA,3DD.003E267733,NA,M,OtsLYON22S_1_0003,OtsLYON22S_1_1010,OtsLYON22S_1,3,FALL,1,PLA1,Abv
OtsLGRF25S,OtsLGRF25S_5071,C-05071,9/12/2025,M,440,AD,1,NA,NA,M,OtsLYON22S_1_0569,OtsLYON22S_1_5062,OtsLYON22S_1,3,FALL,1,LFYO,blw
OtsLGRF25S,OtsLGRF25S_5073,C-05073,9/12/2025,M,420,AI,NA,NA,NA,M,OtsLYON23S_1_0051,OtsLYON23S_1_1112,OtsLYON23S_1,2,FALL,1,PLA1,Abv
OtsLGRF25S,OtsLGRF25S_5075,C-05075,9/12/2025,M,700,AI,NA,3DD.0078ED7108,NA,M,NA,NA,Unassigned,NA,FALL,1,NA,Abv
OtsLGRF25S,OtsLGRF25S_5077,C-05077,9/12/2025,M,480,AD,1,NA,NA,M,OtsLYON23S_1_0357,OtsLYON23S_1_3206,OtsLYON23S_1,2,FALL,1,BCA2,Abv
OtsLGRF25S,OtsLGRF25S_5079,C-05079,9/12/2025,M,680,AD,1,NA,NA,M,OtsPBT21-LWSFa-6062,OtsPBT21-LWSFa-6250,OtsPBT21-LWSFa,4,FALL,1,LWSH,blw
OtsLGRF25S,OtsLGRF25S_5081,C-05081,9/12/2025,M,680,AI,NA,NA,NA,M,OtsLYON22S_1_0054,OtsLYON22S_1_2055,OtsLYON22S_1,3,FALL,1,BCA1,Abv
OtsLGRF25S,OtsLGRF25S_5083,C-05083,9/12/2025,F,790,AI,NA,3DD.0078ED70D2,NA,F,NA,NA,Unassigned,NA,FALL,1,NA,Abv
OtsLGRF25S,OtsLGRF25S_5085,C-05085,9/12/2025,F,670,AI,NA,NA,NA,F,OtsLYON22S_1_0434,OtsLYON22S_1_4223,OtsLYON22S_1,3,FALL,1,IPCSR,Abv
OtsLGRF25S,OtsLGRF25S_5087,C-05087,9/12/2025,F,670,AD,1,NA,NA,F,OtsLYON22S_1_0031,OtsLYON22S_1_2016,OtsLYON22S_1,3,FALL,1,PLA1,Abv
OtsLGRF25S,OtsLGRF25S_5089,C-05089,9/12/2025,F,730,AI,NA,3DD.0078ED70F8,NA,F,OtsLYON21S_1_0667,OtsLYON21S_1_0127,OtsLYON21S_1,4,FALL,1,BCA1,Abv
OtsLGRF25S,OtsLGRF25S_5091,C-05091,9/12/2025,M,670,AI,NA,NA,NA,M,OtsLYON22S_1_0105,OtsLYON22S_1_2165,OtsLYON22S_1,3,FALL,1,BCA1,Abv
OtsLGRF25S,OtsLGRF25S_5093,C-05093,9/12/2025,M,440,AI,NA,NA,NA,M,NA,NA,Unassigned,NA,FALL,1,NA,Abv
OtsLGRF25S,OtsLGRF25S_5095,C-05095,9/12/2025,F,670,AD,1,NA,NA,F,OtsLYON22S_1_0244,OtsLYON22S_1_3222,OtsLYON22S_1,3,FALL,1,CJA2,Abv
OtsLGRF25S,OtsLGRF25S_5097,C-05097,9/12/2025,F,660,AI,NA,NA,NA,F,OtsLYON22S_1_0138,OtsLYON22S_1_3015,OtsLYON22S_1,3,FALL,1,CJA1,Abv
OtsLGRF25S,OtsLGRF25S_5099,C-05099,9/12/2025,F,700,AI,NA,3DD.0078ED70CB,NA,F,OtsLYON22S_1_0102,OtsLYON22S_1_2149,OtsLYON22S_1,3,FALL,1,BCA1,Abv
OtsLGRF25S,OtsLGRF25S_5101,C-05101,9/12/2025,F,660,AI,NA,NA,NA,F,OtsLYON22S_1_0350,OtsLYON22S_1_4031,OtsLYON22S_1,3,FALL,1,IPCSR,Abv
OtsLGRF25S,OtsLGRF25S_5103,C-05103,9/12/2025,F,620,AD,1,NA,NA,M,OtsLYON22S_1_0263,OtsLYON22S_1_3271,OtsLYON22S_1,3,FALL,1,CJA2,Abv
OtsLGRF25S,OtsLGRF25S_5105,C-05105,9/12/2025,F,720,AD,1,NA,NA,F,OtsLYON21S_1_1143,OtsLYON21S_1_1398,OtsLYON21S_1,4,FALL,1,LFYO,blw
OtsLGRF25S,OtsLGRF25S_5107,C-05107,9/12/2025,F,810,AD,1,3DD.0078ED70D1,NA,F,OtsLYON20S_1_0226,OtsLYON20S_1_0064,OtsLYON20S_1,5,FALL,1,PLA1,Abv
OtsLGRF25S,OtsLGRF25S_5109,C-05109,9/12/2025,M,630,AD,1,NA,NA,M,OtsLYON22S_1_0492,OtsLYON22S_1_4310,OtsLYON22S_1,3,FALL,1,GRR,Abv
OtsLGRF25S,OtsLGRF25S_5111,C-05111,9/12/2025,F,670,AI,NA,NA,NA,F,OtsLYON22S_1_0109,OtsLYON22S_1_2159,OtsLYON22S_1,3,FALL,1,BCA1,Abv
OtsLGRF25S,OtsLGRF25S_5113,C-05113,9/12/2025,F,620,AD,1,NA,NA,F,OtsLYON21S_1_0649,OtsLYON21S_1_0093,OtsLYON21S_1,4,FALL,1,PLA1,Abv
OtsLGRF25S,OtsLGRF25S_5115,C-05115,9/12/2025,M,730,AI,NA,3DD.0078ED70CA,NA,M,OtsLYON21S_1_2109,OtsLYON21S_1_2344,OtsLYON21S_1,4,FALL,1,IPCSR,Abv
OtsLGRF25S,OtsLGRF25S_5117,C-05117,9/12/2025,F,770,AI,NA,3DD.0078ED70CC,NA,F,OtsNPFH21S_1_1651,OtsNPFH21S_1_1577,OtsNPFH21S_1,4,FALL,1,LGA,Abv
OtsLGRF25S,OtsLGRF25S_5119,C-05119,9/12/2025,F,780,AD,1,3DD.0078ED7102,NA,F,OtsLYON21S_1_0740,OtsLYON21S_1_0354,OtsLYON21S_1,4,FALL,1,CJA1,Abv
OtsLGRF25S,OtsLGRF25S_5121,C-05121,9/12/2025,M,690,AI,1,NA,NA,M,OtsLYON22S_1_0402,OtsLYON22S_1_4191,OtsLYON22S_1,3,FALL,1,IPCSR,Abv
OtsLGRF25S,OtsLGRF25S_5123,C-05123,9/12/2025,F,640,AD,1,NA,NA,F,OtsLYON22S_1_0215,OtsLYON22S_1_3161,OtsLYON22S_1,3,FALL,1,LFSO,blw
OtsLGRF25S,OtsLGRF25S_5125,C-05125,9/12/2025,F,630,AD,1,NA,NA,M,OtsLYON22S_1_0032,OtsLYON22S_1_2030,OtsLYON22S_1,3,FALL,1,PLA1,Abv
OtsLGRF25S,OtsLGRF25S_5127,C-05127,9/12/2025,M,880,AI,NA,3DD.0078ED7105,NA,M,OtsLYON21S_1_0908,OtsLYON21S_1_1962,OtsLYON21S_1,4,FALL,1,IPCSR,Abv
OtsLGRF25S,OtsLGRF25S_5129,C-05129,9/12/2025,F,650,AI,NA,NA,NA,F,OtsLYON22S_1_0102,OtsLYON22S_1_2148,OtsLYON22S_1,3,FALL,1,BCA1,Abv
OtsLGRF25S,OtsLGRF25S_5131,C-05131,9/12/2025,F,760,AI,NA,3DD.0078ED70D3,NA,F,OtsLYON21S_1_0916,OtsLYON21S_1_1984,OtsLYON21S_1,4,FALL,1,IPCSR,Abv
OtsLGRF25S,OtsLGRF25S_5133,C-05133,9/12/2025,F,720,AD,1,3DD.0078ED70BD,NA,F,OtsLYON20S_1_1451,OtsLYON20S_1_1245,OtsLYON20S_1,5,FALL,1,LFYO,blw
OtsLGRF25S,OtsLGRF25S_5135,C-05135,9/12/2025,M,690,AI,NA,NA,NA,M,OtsLYON21S_1_0822,OtsLYON21S_1_1652,OtsLYON21S_1,4,FALL,1,LFSO,blw
OtsLGRF25S,OtsLGRF25S_5137,C-05137,9/12/2025,M,570,AI,NA,NA,NA,M,OtsLYON22S_1_0353,OtsLYON22S_1_4071,OtsLYON22S_1,3,FALL,1,IPCSR,Abv
OtsLGRF25S,OtsLGRF25S_5139,C-05139,9/12/2025,M,520,AD,1,NA,NA,M,NA,NA,Unassigned,NA,FALL,1,NA,Abv
OtsLGRF25S,OtsLGRF25S_5141,C-05141,9/12/2025,F,750,AI,NA,3DD.0078ED70C5,NA,F,OtsLYON21S_1_0818,OtsLYON21S_1_1645,OtsLYON21S_1,4,FALL,1,LFSO,blw
OtsLGRF25S,OtsLGRF25S_5143,C-05143,9/12/2025,M,760,AI,NA,3DD.0078ED70EE,NA,M,OtsNPFH21S_1_1176,OtsNPFH21S_1_1231,OtsNPFH21S_1,4,FALL,1,NPTH,Abv
OtsLGRF25S,OtsLGRF25S_5145,C-05145,9/12/2025,F,690,AI,NA,NA,NA,F,OtsNPFH22S_1_0344,OtsNPFH22S_1_0270,OtsNPFH22S_1,3,FALL,1,LGA,Abv
OtsLGRF25S,OtsLGRF25S_5147,C-05147,9/12/2025,M,670,AI,NA,NA,NA,M,OtsLYON22S_1_0254,OtsLYON22S_1_3253,OtsLYON22S_1,3,FALL,1,CJA2,Abv
OtsLGRF25S,OtsLGRF25S_5149,C-05149,9/12/2025,M,620,AD,1,NA,NA,M,OtsLYON22S_1_0300,OtsLYON22S_1_3353,OtsLYON22S_1,3,FALL,1,PLA2,Abv
OtsLGRF25S,OtsLGRF25S_5151,C-05151,9/12/2025,F,720,AD,1,3DD.0078ED70CD,NA,F,OtsLYON22S_1_0360,OtsLYON22S_1_4052,OtsLYON22S_1,3,FALL,1,IPCSR,Abv
OtsLGRF25S,OtsLGRF25S_5153,C-05153,9/12/2025,M,520,AD,1,NA,NA,M,OtsLYON23S_1_0145,OtsLYON23S_1_2136,OtsLYON23S_1,2,FALL,1,BCA1,Abv
OtsLGRF25S,OtsLGRF25S_5155,C-05155,9/12/2025,F,750,AD,1,3DD.0078ED70D0,NA,F,OtsLYON21S_1_0878,OtsLYON21S_1_1871,OtsLYON21S_1,4,FALL,1,BCA2,Abv
OtsLGRF25S,OtsLGRF25S_5157,C-05157,9/12/2025,F,860,AI,NA,3DD.0078ED70DA,NA,F,NA,NA,Unassigned,NA,FALL,1,NA,Abv
OtsLGRF25S,OtsLGRF25S_5159,C-05159,9/12/2025,F,700,AD,1,3DD.0078ED70E1,NA,F,OtsNPFH22S_1_0556,OtsNPFH22S_1_0513,OtsNPFH22S_1,3,FALL,1,CFA,Abv
OtsLGRF25S,OtsLGRF25S_5161,C-05161,9/12/2025,M,630,AD,1,NA,NA,M,OtsLYON21S_1_1128,OtsLYON21S_1_1395,OtsLYON21S_1,4,FALL,1,LFYO,blw
OtsLGRF25S,OtsLGRF25S_5163,C-05163,9/12/2025,F,640,AI,NA,NA,NA,M,OtsLYON22S_1_0419,OtsLYON22S_1_4198,OtsLYON22S_1,3,FALL,1,IPCSR,Abv
OtsLGRF25S,OtsLGRF25S_5165,C-05165,9/12/2025,M,730,AI,NA,3DD.0078ED70FD,NA,M,OtsLYON22S_1_0239,OtsLYON22S_1_3212,OtsLYON22S_1,3,FALL,1,LFSO,blw
OtsLGRF25S,OtsLGRF25S_5167,C-05167,9/12/2025,F,760,AI,NA,3DD.007775BDA1,NA,F,OtsLYON21S_1_0918,OtsLYON21S_1_1705,OtsLYON21S_1,4,FALL,1,IPCSR,Abv
OtsLGRF25S,OtsLGRF25S_5169,C-05169,9/12/2025,M,720,AI,NA,3DD.0077745325,NA,F,OtsLYON22S_1_0168,OtsLYON22S_1_3072,OtsLYON22S_1,3,FALL,1,CJA1,Abv
OtsLGRF25S,OtsLGRF25S_5171,C-05171,9/12/2025,F,690,AI,NA,NA,NA,F,OtsLYON22S_1_0596,OtsLYON22S_1_5140,OtsLYON22S_1,3,FALL,1,LFSO,blw
OtsLGRF25S,OtsLGRF25S_5173,C-05173,9/12/2025,M,650,AD,1,NA,NA,M,OtsLYON22S_1_0324,OtsLYON22S_1_3392,OtsLYON22S_1,3,FALL,1,PLA2,Abv
OtsLGRF25S,OtsLGRF25S_5175,C-05175,9/12/2025,F,690,AD,1,NA,NA,F,OtsLYON21S_1_1146,OtsLYON21S_1_1410,OtsLYON21S_1,4,FALL,1,LFYO,blw
OtsLGRF25S,OtsLGRF25S_5177,C-05177,9/12/2025,M,660,AI,NA,NA,NA,M,OtsLYON21S_1_0912,OtsLYON21S_1_1992,OtsLYON21S_1,4,FALL,1,IPCSR,Abv
OtsLGRF25S,OtsLGRF25S_5179,C-05179,9/12/2025,M,840,AD,1,3DD.0078ED70D8,NA,M,OtsLYON20S_1_1437,OtsLYON20S_1_1228,OtsLYON20S_1,5,FALL,1,LFYO,blw
OtsLGRF25S,OtsLGRF25S_5181,C-05181,9/12/2025,M,750,AI,NA,3DD.0078ED70F5,NA,M,OtsLYON22S_1_0435,OtsLYON22S_1_4232,OtsLYON22S_1,3,FALL,1,IPCSR,Abv
OtsLGRF25S,OtsLGRF25S_5183,C-05183,9/12/2025,F,750,AI,NA,3DD.007775080E,NA,F,OtsLYON21S_1_0667,OtsLYON21S_1_0127,OtsLYON21S_1,4,FALL,1,BCA1,Abv
OtsLGRF25S,OtsLGRF25S_5185,C-05185,9/12/2025,M,710,AD,1,3DD.0077753DF3,NA,M,OtsLYON20S_1_1365,OtsLYON20S_1_0917,OtsLYON20S_1,5,FALL,1,BCA2,Abv
OtsLGRF25S,OtsLGRF25S_5187,C-05187,9/12/2025,F,650,AD,1,NA,NA,F,OtsLYON21S_1_1038,OtsLYON21S_1_1201,OtsLYON21S_1,4,FALL,1,LFYO,blw
OtsLGRF25S,OtsLGRF25S_5189,C-05189,9/12/2025,F,810,AI,NA,3DD.007775738B,NA,F,OtsLYON21S_1_0963,OtsLYON21S_1_2024,OtsLYON21S_1,4,FALL,1,IPCSR,Abv
OtsLGRF25S,OtsLGRF25S_5191,C-05191,9/12/2025,F,720,AD,1,3DD.00777552B9,NA,F,OtsLYON21S_1_0687,OtsLYON21S_1_0224,OtsLYON21S_1,4,FALL,1,BCA1,Abv
OtsLGRF25S,OtsLGRF25S_5193,C-05193,9/13/2025,F,720,AI,NA,3DD.007775AB2E,NA,F,OtsLYON20S_1_0446,OtsLYON20S_1_1182,OtsLYON20S_1,5,FALL,1,LFSO,blw
OtsLGRF25S,OtsLGRF25S_5195,C-05195,9/13/2025,F,750,AD,1,3DD.003D9E38A3,NA,F,OtsLYON21S_1_0741,OtsLYON21S_1_0357,OtsLYON21S_1,4,FALL,1,CJA1,Abv
OtsLGRF25S,OtsLGRF25S_5197,C-05197,9/13/2025,F,720,AD,NA,3DD.0077753D1C,NA,F,OtsPBT21-PRHFa-1288,OtsPBT21-PRHFa-1472,OtsPBT21-PRHFa,4,FALL,1,PRFH,blw
OtsLGRF25S,OtsLGRF25S_5199,C-05199,9/13/2025,F,700,AI,NA,3DD.007774FF49,NA,F,OtsLYON22S_1_0380,OtsLYON22S_1_4096,OtsLYON22S_1,3,FALL,1,IPCSR,Abv
OtsLGRF25S,OtsLGRF25S_5201,C-05201,9/13/2025,F,700,AD,1,3DD.0077754550,NA,F,OtsLYON22S_1_0411,OtsLYON22S_1_4181,OtsLYON22S_1,3,FALL,1,IPCSR,Abv
OtsLGRF25S,OtsLGRF25S_5203,C-05203,9/13/2025,M,600,AD,1,NA,NA,M,OtsLYON22S_1_0045,OtsLYON22S_1_2079,OtsLYON22S_1,3,FALL,1,BCA1,Abv
OtsLGRF25S,OtsLGRF25S_5205,C-05205,9/13/2025,M,620,AI,NA,NA,NA,M,OtsLYON22S_1_0596,OtsLYON22S_1_5142,OtsLYON22S_1,3,FALL,1,LFSO,blw
OtsLGRF25S,OtsLGRF25S_5207,C-05207,9/13/2025,F,830,AI,NA,3DD.00777AED29,NA,F,OtsLYON21S_1_0727,OtsLYON21S_1_0323,OtsLYON21S_1,4,FALL,1,CJA1,Abv
OtsLGRF25S,OtsLGRF25S_5209,C-05209,9/13/2025,M,730,AI,NA,3DD.00777450D2,NA,M,NA,NA,Unassigned,NA,FALL,1,NA,Abv
OtsLGRF25S,OtsLGRF25S_5211,C-05211,9/13/2025,F,650,AI,NA,NA,NA,F,OtsLYON22S_1_0010,OtsLYON22S_1_1027,OtsLYON22S_1,3,FALL,1,PLA1,Abv
OtsLGRF25S,OtsLGRF25S_5213,C-05213,9/13/2025,M,470,AI,NA,NA,NA,M,NA,NA,Unassigned,NA,FALL,1,NA,Abv
OtsLGRF25S,OtsLGRF25S_5215,C-05215,9/13/2025,M,460,AI,NA,NA,NA,M,OtsLYON23S_1_0265,OtsLYON23S_1_3032,OtsLYON23S_1,2,FALL,1,LFSO,blw
OtsLGRF25S,OtsLGRF25S_5217,C-05217,9/13/2025,M,560,AI,NA,NA,NA,M,OtsLYON22S_1_0024,OtsLYON22S_1_1057,OtsLYON22S_1,3,FALL,1,PLA1,Abv
OtsLGRF25S,OtsLGRF25S_5219,C-05219,9/13/2025,F,730,AI,NA,3DD.007775B2DA,NA,F,OtsLYON21S_1_0668,OtsLYON21S_1_0125,OtsLYON21S_1,4,FALL,1,BCA1,Abv
OtsLGRF25S,OtsLGRF25S_5221,C-05221,9/13/2025,M,700,AD,1,3DD.007769863E,NA,M,OtsLYON21S_1_0603,OtsLYON21S_1_0005,OtsLYON21S_1,4,FALL,1,PLA1,Abv
OtsLGRF25S,OtsLGRF25S_5223,C-05223,9/13/2025,M,450,AD,1,NA,NA,M,OtsLYON23S_1_0379,OtsLYON23S_1_3245,OtsLYON23S_1,2,FALL,1,BCA2,Abv
OtsLGRF25S,OtsLGRF25S_5225,C-05225,9/13/2025,F,670,AD,1,NA,NA,F,OtsLYON22S_1_0281,OtsLYON22S_1_3364,OtsLYON22S_1,3,FALL,1,PLA2,Abv
OtsLGRF25S,OtsLGRF25S_5227,C-05227,9/13/2025,F,800,AD,1,3DD.007763EBC9,NA,F,OtsLYON21S_1_0851,OtsLYON21S_1_1813,OtsLYON21S_1,4,FALL,1,CJA2,Abv
OtsLGRF25S,OtsLGRF25S_5229,C-05229,9/13/2025,M,710,AD,1,3DD.0077759904,NA,M,OtsPBT20-LWSFa-4701,OtsPBT20-LWSFa-4613,OtsPBT20-LWSFa,5,FALL,1,LWSH,blw
OtsLGRF25S,OtsLGRF25S_5231,C-05231,9/13/2025,F,750,AD,1,3DD.00776410F5,NA,F,OtsPBT21-UmaFa-3274,OtsPBT21-UmaFa-3300,OtsPBT21-UmaFa,4,FALL,1,UMFH,blw
OtsLGRF25S,OtsLGRF25S_5233,C-05233,9/13/2025,M,680,AD,NA,NA,NA,M,OtsPBT21-LWSFa-6306,OtsPBT21-LWSFa-6130,OtsPBT21-LWSFa,4,FALL,1,LWSH,blw
OtsLGRF25S,OtsLGRF25S_5235,C-05235,9/13/2025,M,630,AD,1,NA,NA,M,OtsLYON22S_1_0027,OtsLYON22S_1_2005,OtsLYON22S_1,3,FALL,1,PLA1,Abv
OtsLGRF25S,OtsLGRF25S_5237,C-05237,9/13/2025,M,500,AI,NA,NA,NA,M,OtsLYON23S_1_0231,OtsLYON23S_1_2302,OtsLYON23S_1,2,FALL,1,LFSO,blw
OtsLGRF25S,OtsLGRF25S_5239,C-05239,9/13/2025,M,620,AI,NA,NA,NA,F,OtsLYON22S_1_0436,OtsLYON22S_1_4210,OtsLYON22S_1,3,FALL,1,IPCSR,Abv
OtsLGRF25S,OtsLGRF25S_5241,C-05241,9/13/2025,F,590,AI,NA,NA,NA,F,OtsLYON22S_1_0432,OtsLYON22S_1_4218,OtsLYON22S_1,3,FALL,1,IPCSR,Abv
OtsLGRF25S,OtsLGRF25S_5243,C-05243,9/13/2025,F,750,AD,1,3DD.007779FD28,NA,F,OtsLYON21S_1_0874,OtsLYON21S_1_1854,OtsLYON21S_1,4,FALL,1,BCA2,Abv
OtsLGRF25S,OtsLGRF25S_5245,C-05245,9/13/2025,F,770,AD,1,3DD.00777480A2,NA,F,OtsLYON20S_1_0421,OtsLYON20S_1_1106,OtsLYON20S_1,5,FALL,1,CJA1,Abv
OtsLGRF25S,OtsLGRF25S_5247,C-05247,9/13/2025,F,730,AD,1,3DD.007774F31D,NA,F,OtsLYON21S_1_0859,OtsLYON21S_1_1817,OtsLYON21S_1,4,FALL,1,CJA2,Abv
OtsLGRF25S,OtsLGRF25S_5249,C-05249,9/13/2025,F,790,AI,NA,3DD.0077751E22,NA,F,OtsLYON21S_1_0763,OtsLYON21S_1_0422,OtsLYON21S_1,4,FALL,1,BCA1,Abv
OtsLGRF25S,OtsLGRF25S_5251,C-05251,9/13/2025,M,670,AI,NA,NA,NA,M,NA,NA,Unassigned,NA,FALL,1,NA,Abv
OtsLGRF25S,OtsLGRF25S_5253,C-05253,9/13/2025,F,850,AI,NA,3DD.003D7F719F,NA,F,OtsNPFH20S_1_0817,OtsNPFH20S_1_0748,OtsNPFH20S_1,5,FALL,1,LGA,Abv
OtsLGRF25S,OtsLGRF25S_5255,C-05255,9/13/2025,M,680,AI,NA,NA,NA,M,OtsLYON22S_1_0242,OtsLYON22S_1_3219,OtsLYON22S_1,3,FALL,1,LFSO,blw
OtsLGRF25S,OtsLGRF25S_5257,C-05257,9/13/2025,M,680,AI,NA,NA,NA,M,NA,NA,Unassigned,NA,FALL,1,NA,Abv
OtsLGRF25S,OtsLGRF25S_5259,C-05259,9/13/2025,M,860,AD,1,3DD.003D7F7185,NA,M,OtsLYON21S_1_0899,OtsLYON21S_1_1913,OtsLYON21S_1,4,FALL,1,PLA2,Abv
OtsLGRF25S,OtsLGRF25S_5261,C-05261,9/13/2025,M,520,AI,NA,NA,NA,M,OtsLYON23S_1_0546,OtsLYON23S_1_4233,OtsLYON23S_1,2,FALL,1,IPCSR,Abv
OtsLGRF25S,OtsLGRF25S_5263,C-05263,9/13/2025,F,660,AI,NA,NA,NA,F,OtsLYON22S_1_0411,OtsLYON22S_1_4181,OtsLYON22S_1,3,FALL,1,IPCSR,Abv
OtsLGRF25S,OtsLGRF25S_5265,C-05265,9/13/2025,M,670,AI,NA,NA,NA,M,OtsLYON22S_1_0126,OtsLYON22S_1_2200,OtsLYON22S_1,3,FALL,1,CJA1,Abv
OtsLGRF25S,OtsLGRF25S_5267,C-05267,9/13/2025,M,700,AD,1,3DD.003D7F718E,NA,M,OtsLYON21S_1_0904,OtsLYON21S_1_1934,OtsLYON21S_1,4,FALL,1,PLA2,Abv
OtsLGRF25S,OtsLGRF25S_5269,C-05269,9/13/2025,M,510,AI,NA,NA,NA,M,OtsLYON23S_1_0459,OtsLYON23S_1_4120,OtsLYON23S_1,2,FALL,1,IPCSR,Abv
OtsLGRF25S,OtsLGRF25S_5271,C-05271,9/13/2025,F,690,AD,1,NA,NA,F,OtsLYON21S_1_0689,OtsLYON21S_1_0239,OtsLYON21S_1,4,FALL,1,BCA1,Abv
OtsLGRF25S,OtsLGRF25S_5273,C-05273,9/13/2025,M,740,AI,NA,NA,NA,M,OtsLYON21S_1_0759,OtsLYON21S_1_0407,OtsLYON21S_1,4,FALL,1,CJA1,Abv
OtsLGRF25S,OtsLGRF25S_5275,C-05275,9/13/2025,M,610,AI,NA,NA,NA,M,OtsLYON22S_1_0579,OtsLYON22S_1_5106,OtsLYON22S_1,3,FALL,1,LFSO,blw
OtsLGRF25S,OtsLGRF25S_5277,C-05277,9/13/2025,M,760,AI,NA,3DD.003D7F71A1,NA,M,OtsNPFH20S_1_0825,OtsNPFH20S_1_0760,OtsNPFH20S_1,5,FALL,1,NPTH,Abv
OtsLGRF25S,OtsLGRF25S_5279,C-05279,9/13/2025,M,420,AI,NA,NA,NA,M,OtsLYON23S_1_0238,OtsLYON23S_1_2313,OtsLYON23S_1,2,FALL,1,LFSO,blw
OtsLGRF25S,OtsLGRF25S_5281,C-05281,9/14/2025,F,740,AD,1,3DD.0077754D22,NA,F,OtsLYON21S_1_0745,OtsLYON21S_1_0373,OtsLYON21S_1,4,FALL,1,CJA1,Abv
OtsLGRF25S,OtsLGRF25S_5283,C-05283,9/14/2025,F,630,AI,NA,NA,NA,F,NA,NA,Unassigned,NA,FALL,1,NA,Abv
OtsLGRF25S,OtsLGRF25S_5285,C-05285,9/14/2025,F,630,AI,NA,NA,NA,M,OtsLYON22S_1_0116,OtsLYON22S_1_2184,OtsLYON22S_1,3,FALL,1,CJA1,Abv
OtsLGRF25S,OtsLGRF25S_5287,C-05287,9/14/2025,M,440,AI,NA,NA,NA,M,OtsLYON23S_1_0265,OtsLYON23S_1_3032,OtsLYON23S_1,2,FALL,1,LFSO,blw
OtsLGRF25S,OtsLGRF25S_5289,C-05289,9/14/2025,F,750,AD,1,3DD.003D7F71BE,NA,F,OtsLYON21S_1_0884,OtsLYON21S_1_1880,OtsLYON21S_1,4,FALL,1,BCA2,Abv
OtsLGRF25S,OtsLGRF25S_5291,C-05291,9/14/2025,F,640,AD,1,NA,NA,F,OtsLYON21S_1_1001,OtsLYON21S_1_0530,OtsLYON21S_1,4,FALL,1,LFYO,blw
OtsLGRF25S,OtsLGRF25S_5293,C-05293,9/14/2025,M,690,AI,NA,NA,NA,M,OtsLYON22S_1_0240,OtsLYON22S_1_3214,OtsLYON22S_1,3,FALL,1,LFSO,blw
OtsLGRF25S,OtsLGRF25S_5295,C-05295,9/14/2025,M,550,AD,1,NA,NA,M,OtsLYON22S_1_0256,OtsLYON22S_1_3254,OtsLYON22S_1,3,FALL,1,CJA2,Abv
OtsLGRF25S,OtsLGRF25S_5297,C-05297,9/14/2025,M,610,AI,NA,NA,NA,M,OtsLYON22S_1_0096,OtsLYON22S_1_2136,OtsLYON22S_1,3,FALL,1,BCA1,Abv
OtsLGRF25S,OtsLGRF25S_5299,C-05299,9/14/2025,M,590,AD,1,NA,NA,F,OtsLYON22S_1_0258,OtsLYON22S_1_3262,OtsLYON22S_1,3,FALL,1,CJA2,Abv
OtsLGRF25S,OtsLGRF25S_5301,C-05301,9/14/2025,M,600,AD,1,NA,NA,M,OtsLYON22S_1_0289,OtsLYON22S_1_3344,OtsLYON22S_1,3,FALL,1,PLA2,Abv
OtsLGRF25S,OtsLGRF25S_5303,C-05303,9/14/2025,M,730,AD,1,3DD.003D7F719A,NA,M,OtsLYON21S_1_0838,OtsLYON21S_1_1803,OtsLYON21S_1,4,FALL,1,CJA2,Abv
OtsLGRF25S,OtsLGRF25S_5305,C-05305,9/14/2025,M,710,AD,1,3DD.003D7F718F,NA,M,OtsLYON22S_1_0287,OtsLYON22S_1_3342,OtsLYON22S_1,3,FALL,1,PLA2,Abv
OtsLGRF25S,OtsLGRF25S_5307,C-05307,9/14/2025,M,660,AI,NA,NA,NA,M,OtsLYON22S_1_0556,OtsLYON22S_1_5078,OtsLYON22S_1,3,FALL,1,LFSO,blw
OtsLGRF25S,OtsLGRF25S_5309,C-05309,9/14/2025,M,700,AI,NA,3DD.003D7F7189,NA,M,OtsNPFH22S_1_0347,OtsNPFH22S_1_0275,OtsNPFH22S_1,3,FALL,1,LGA,Abv
OtsLGRF25S,OtsLGRF25S_5311,C-05311,9/14/2025,F,670,AI,NA,NA,NA,F,OtsLYON22S_1_0403,OtsLYON22S_1_4173,OtsLYON22S_1,3,FALL,1,IPCSR,Abv
OtsLGRF25S,OtsLGRF25S_5313,C-05313,9/14/2025,F,760,AI,NA,3DD.003D96DA3B,NA,F,OtsLYON21S_1_0795,OtsLYON21S_1_1621,OtsLYON21S_1,4,FALL,1,LFSO,blw
OtsLGRF25S,OtsLGRF25S_5315,C-05315,9/14/2025,F,680,AI,NA,NA,NA,F,OtsLYON22S_1_0461,OtsLYON22S_1_4260,OtsLYON22S_1,3,FALL,1,IPCSR,Abv
OtsLGRF25S,OtsLGRF25S_5317,C-05317,9/14/2025,M,680,AD,1,NA,NA,M,OtsLYON21S_1_0855,OtsLYON21S_1_1830,OtsLYON21S_1,4,FALL,1,BCA2,Abv
OtsLGRF25S,OtsLGRF25S_5319,C-05319,9/14/2025,M,640,AI,NA,NA,NA,M,OtsLYON22S_1_0472,OtsLYON22S_1_4291,OtsLYON22S_1,3,FALL,1,IPCSR,Abv
OtsLGRF25S,OtsLGRF25S_5321,C-05321,9/14/2025,M,560,AD,1,NA,NA,M,OtsLYON22S_1_0045,OtsLYON22S_1_2079,OtsLYON22S_1,3,FALL,1,BCA1,Abv
OtsLGRF25S,OtsLGRF25S_5323,C-05323,9/14/2025,M,610,AI,NA,NA,NA,M,OtsLYON22S_1_0596,OtsLYON22S_1_5142,OtsLYON22S_1,3,FALL,1,LFSO,blw
OtsLGRF25S,OtsLGRF25S_5325,C-05325,9/14/2025,M,630,AI,NA,NA,NA,M,OtsLYON22S_1_0594,OtsLYON22S_1_5155,OtsLYON22S_1,3,FALL,1,LFSO,blw
OtsLGRF25S,OtsLGRF25S_5327,C-05327,9/14/2025,M,400,AI,NA,NA,NA,M,OtsLYON23S_1_0265,OtsLYON23S_1_3032,OtsLYON23S_1,2,FALL,1,LFSO,blw
OtsLGRF25S,OtsLGRF25S_5329,C-05329,9/14/2025,M,600,AI,NA,NA,NA,M,OtsLYON22S_1_0468,OtsLYON22S_1_4280,OtsLYON22S_1,3,FALL,1,IPCSR,Abv
OtsLGRF25S,OtsLGRF25S_5331,C-05331,9/14/2025,F,720,AI,NA,3DD.0077748712,NA,F,OtsLYON22S_1_0142,OtsLYON22S_1_3024,OtsLYON22S_1,3,FALL,1,CJA1,Abv
OtsLGRF25S,OtsLGRF25S_5333,C-05333,9/14/2025,M,650,AI,NA,NA,NA,M,OtsLYON22S_1_0092,OtsLYON22S_1_2126,OtsLYON22S_1,3,FALL,1,BCA1,Abv
OtsLGRF25S,OtsLGRF25S_5335,C-05335,9/14/2025,F,720,AD,1,3DD.0077755A64,NA,F,OtsLYON21S_1_0678,OtsLYON21S_1_0216,OtsLYON21S_1,4,FALL,1,BCA1,Abv
OtsLGRF25S,OtsLGRF25S_5337,C-05337,9/14/2025,M,590,AI,NA,NA,NA,M,OtsLYON22S_1_0106,OtsLYON22S_1_2166,OtsLYON22S_1,3,FALL,1,BCA1,Abv
OtsLGRF25S,OtsLGRF25S_5339,C-05339,9/14/2025,F,790,AI,NA,3DD.0077752CBB,NA,F,NA,NA,Unassigned,NA,FALL,1,NA,Abv
OtsLGRF25S,OtsLGRF25S_5341,C-05341,9/14/2025,F,700,AD,1,3DD.007775D0A6,NA,F,OtsLYON22S_1_0290,OtsLYON22S_1_3365,OtsLYON22S_1,3,FALL,1,PLA2,Abv
OtsLGRF25S,OtsLGRF25S_5343,C-05343,9/14/2025,M,620,AI,NA,NA,NA,M,OtsLYON22S_1_0596,OtsLYON22S_1_5142,OtsLYON22S_1,3,FALL,1,LFSO,blw
OtsLGRF25S,OtsLGRF25S_5345,C-05345,9/14/2025,F,670,AD,1,NA,NA,F,OtsLYON22S_1_0033,OtsLYON22S_1_2007,OtsLYON22S_1,3,FALL,1,PLA1,Abv
OtsLGRF25S,OtsLGRF25S_5347,C-05347,9/14/2025,F,680,AD,1,NA,NA,F,OtsLYON22S_1_0200,OtsLYON22S_1_3137,OtsLYON22S_1,3,FALL,1,LFSO,blw
OtsLGRF25S,OtsLGRF25S_5349,C-05349,9/14/2025,M,650,AD,1,NA,NA,M,OtsLYON22S_1_0171,OtsLYON22S_1_3058,OtsLYON22S_1,3,FALL,1,CJA1,Abv
OtsLGRF25S,OtsLGRF25S_5351,C-05351,9/14/2025,M,620,AD,1,NA,NA,M,OtsLYON22S_1_0286,OtsLYON22S_1_3323,OtsLYON22S_1,3,FALL,1,BCA2,Abv
OtsLGRF25S,OtsLGRF25S_5353,C-05353,9/14/2025,M,470,AI,NA,NA,NA,M,OtsLYON23S_1_0504,OtsLYON23S_1_4157,OtsLYON23S_1,2,FALL,1,IPCSR,Abv
OtsLGRF25S,OtsLGRF25S_5355,C-05355,9/14/2025,M,430,AI,NA,3DD.003D7E6C5D,NA,M,OtsLYON23S_1_0273,OtsLYON23S_1_3055,OtsLYON23S_1,2,FALL,1,LFSO,blw
OtsLGRF25S,OtsLGRF25S_5357,C-05357,9/14/2025,F,890,AI,NA,3DD.003D7F7177,NA,F,OtsNPFH20S_1_0064,OtsNPFH20S_1_0005,OtsNPFH20S_1,5,FALL,1,NPTH,Abv
OtsLGRF25S,OtsLGRF25S_5359,C-05359,9/14/2025,M,670,AD,1,NA,NA,M,OtsLYON21S_1_0922,OtsLYON21S_1_1702,OtsLYON21S_1,4,FALL,1,IPCSR,Abv
OtsLGRF25S,OtsLGRF25S_5361,C-05361,9/14/2025,M,550,AI,NA,NA,NA,M,OtsLYON22S_1_0109,OtsLYON22S_1_2159,OtsLYON22S_1,3,FALL,1,BCA1,Abv
OtsLGRF25S,OtsLGRF25S_5363,C-05363,9/14/2025,F,680,AI,NA,NA,NA,F,OtsLYON22S_1_0485,OtsLYON22S_1_4287,OtsLYON22S_1,3,FALL,1,IPCSR,Abv
OtsLGRF25S,OtsLGRF25S_5365,C-05365,9/14/2025,F,700,AI,NA,3DD.003D7F71B2,NA,F,OtsLYON21S_1_0655,OtsLYON21S_1_0117,OtsLYON21S_1,4,FALL,1,PLA1,Abv
OtsLGRF25S,OtsLGRF25S_5367,C-05367,9/14/2025,F,610,AI,NA,NA,NA,F,OtsLYON22S_1_0056,OtsLYON22S_1_2066,OtsLYON22S_1,3,FALL,1,BCA1,Abv
OtsLGRF25S,OtsLGRF25S_5369,C-05369,9/14/2025,F,630,AI,NA,NA,NA,F,OtsLYON22S_1_0215,OtsLYON22S_1_3161,OtsLYON22S_1,3,FALL,1,LFSO,blw
OtsLGRF25S,OtsLGRF25S_5371,C-05371,9/14/2025,F,640,AI,NA,NA,NA,F,OtsLYON22S_1_0370,OtsLYON22S_1_4061,OtsLYON22S_1,3,FALL,1,IPCSR,Abv
OtsLGRF25S,OtsLGRF25S_5373,C-05373,9/14/2025,M,800,AD,1,3DD.003D7F71C8,NA,M,OtsLYON21S_1_1059,OtsLYON21S_1_1225,OtsLYON21S_1,4,FALL,1,LFYO,blw
OtsLGRF25S,OtsLGRF25S_5375,C-05375,9/14/2025,M,710,AD,NA,3DD.003D7F71AB,NA,M,OtsLYON22S_1_0038,OtsLYON22S_1_2032,OtsLYON22S_1,3,FALL,1,PLA1,Abv
OtsLGRF25S,OtsLGRF25S_5377,C-05377,9/14/2025,F,640,AI,NA,NA,NA,M,NA,NA,Unassigned,NA,FALL,1,NA,Abv
OtsLGRF25S,OtsLGRF25S_5379,C-05379,9/14/2025,M,690,AI,NA,NA,NA,M,OtsLYON22S_1_0473,OtsLYON22S_1_4292,OtsLYON22S_1,3,FALL,1,IPCSR,Abv
OtsLGRF25S,OtsLGRF25S_5381,C-05381,9/14/2025,M,830,AI,NA,3DD.003D7F71C4,NA,M,OtsLYON21S_1_0960,OtsLYON21S_1_1800,OtsLYON21S_1,4,FALL,1,IPCSR,Abv
OtsLGRF25S,OtsLGRF25S_5383,C-05383,9/14/2025,F,720,AD,NA,3DD.003D7F71CB,NA,F,OtsPBT21-RSHFa-0056,OtsPBT21-RSHFa-0109,OtsPBT21-RSHFa,4,FALL,1,RSFH,blw
OtsLGRF25S,OtsLGRF25S_5385,C-05385,9/14/2025,F,690,AD,1,NA,NA,F,OtsLYON21S_1_0842,OtsLYON21S_1_1699,OtsLYON21S_1,4,FALL,1,CJA2,Abv
OtsLGRF25S,OtsLGRF25S_5387,C-05387,9/14/2025,M,630,AI,NA,NA,NA,M,OtsLYON22S_1_0422,OtsLYON22S_1_4179,OtsLYON22S_1,3,FALL,1,IPCSR,Abv
OtsLGRF25S,OtsLGRF25S_5389,C-05389,9/14/2025,F,870,AI,NA,3DD.003D7F717E,NA,M,NA,NA,Unassigned,NA,FALL,1,NA,Abv
OtsLGRF25S,OtsLGRF25S_5391,C-05391,9/14/2025,F,690,AI,NA,NA,NA,F,OtsLYON22S_1_0146,OtsLYON22S_1_3013,OtsLYON22S_1,3,FALL,1,CJA1,Abv
OtsLGRF25S,OtsLGRF25S_5393,C-05393,9/14/2025,M,620,AI,NA,NA,NA,M,OtsNPFH22S_1_0356,OtsNPFH22S_1_0293,OtsNPFH22S_1,3,FALL,1,CFA,Abv
OtsLGRF25S,OtsLGRF25S_5395,C-05395,9/14/2025,M,460,AI,NA,NA,NA,M,OtsLYON23S_1_0227,OtsLYON23S_1_2291,OtsLYON23S_1,2,FALL,1,LFSO,blw
OtsLGRF25S,OtsLGRF25S_5397,C-05397,9/14/2025,F,680,AI,NA,NA,NA,F,OtsLYON22S_1_0523,OtsLYON22S_1_4369,OtsLYON22S_1,3,FALL,1,CJA1,Abv
OtsLGRF25S,OtsLGRF25S_5399,C-05399,9/15/2025,F,670,AI,NA,NA,NA,F,OtsLYON22S_1_0239,OtsLYON22S_1_3210,OtsLYON22S_1,3,FALL,1,LFSO,blw
OtsLGRF25S,OtsLGRF25S_5401,C-05401,9/15/2025,F,760,AD,1,3DD.003D7F718C,NA,F,OtsLYON21S_1_0766,OtsLYON21S_1_0419,OtsLYON21S_1,4,FALL,1,BCA1,Abv
OtsLGRF25S,OtsLGRF25S_5403,C-05403,9/15/2025,F,790,AD,1,3DD.003D9DD3A8,NA,F,OtsLYON21S_1_0619,OtsLYON21S_1_0031,OtsLYON21S_1,4,FALL,1,PLA1,Abv
OtsLGRF25S,OtsLGRF25S_5405,C-05405,9/15/2025,F,700,AD,1,3DD.003D7F7183,NA,M,OtsLYON21S_1_0972,OtsLYON21S_1_0505,OtsLYON21S_1,4,FALL,1,LFYO,blw
OtsLGRF25S,OtsLGRF25S_5407,C-05407,9/15/2025,F,730,AD,1,3DD.003D7F716E,NA,F,OtsLYON21S_1_1061,OtsLYON21S_1_1256,OtsLYON21S_1,4,FALL,1,LFYO,blw
OtsLGRF25S,OtsLGRF25S_5409,C-05409,9/15/2025,F,840,AI,NA,3DD.003D7F717A,NA,F,NA,NA,Unassigned,NA,FALL,1,NA,Abv
OtsLGRF25S,OtsLGRF25S_5411,C-05411,9/15/2025,F,700,AD,1,3DD.003D7F71A9,NA,F,OtsLYON22S_1_0031,OtsLYON22S_1_2013,OtsLYON22S_1,3,FALL,1,PLA1,Abv
OtsLGRF25S,OtsLGRF25S_5413,C-05413,9/15/2025,M,590,AI,NA,NA,NA,M,NA,NA,Unassigned,NA,FALL,1,NA,Abv
OtsLGRF25S,OtsLGRF25S_5415,C-05415,9/15/2025,F,630,AI,NA,NA,NA,F,OtsLYON22S_1_0350,OtsLYON22S_1_4033,OtsLYON22S_1,3,FALL,1,IPCSR,Abv
OtsLGRF25S,OtsLGRF25S_5417,C-05417,9/15/2025,F,730,AI,NA,3DD.003D7F7179,NA,F,NA,NA,Unassigned,NA,FALL,1,NA,Abv
OtsLGRF25S,OtsLGRF25S_5419,C-05419,9/15/2025,F,660,AD,1,NA,NA,F,OtsNPFH22S_1_0321,OtsNPFH22S_1_0232,OtsNPFH22S_1,3,FALL,1,NLVA,Abv
OtsLGRF25S,OtsLGRF25S_5421,C-05421,9/15/2025,M,630,AI,NA,NA,NA,M,OtsLYON22S_1_0184,OtsLYON22S_1_3133,OtsLYON22S_1,3,FALL,1,LFSO,blw
OtsLGRF25S,OtsLGRF25S_5423,C-05423,9/15/2025,M,470,AI,NA,NA,NA,M,OtsLYON23S_1_0531,OtsLYON23S_1_4214,OtsLYON23S_1,2,FALL,1,IPCSR,Abv
OtsLGRF25S,OtsLGRF25S_5425,C-05425,9/15/2025,M,640,AD,1,NA,NA,M,OtsLYON22S_1_0280,OtsLYON22S_1_3308,OtsLYON22S_1,3,FALL,1,BCA2,Abv
OtsLGRF25S,OtsLGRF25S_5427,C-05427,9/15/2025,M,600,AI,NA,NA,NA,M,OtsLYON22S_1_0054,OtsLYON22S_1_2054,OtsLYON22S_1,3,FALL,1,PLA1,Abv
OtsLGRF25S,OtsLGRF25S_5429,C-05429,9/15/2025,M,770,AD,1,3DD.003D7F71A4,NA,M,NA,NA,Unassigned,NA,FALL,1,NA,Abv
OtsLGRF25S,OtsLGRF25S_5431,C-05431,9/15/2025,M,640,AI,NA,NA,NA,M,OtsLYON22S_1_0092,OtsLYON22S_1_2126,OtsLYON22S_1,3,FALL,1,BCA1,Abv
OtsLGRF25S,OtsLGRF25S_5433,C-05433,9/15/2025,M,590,AI,NA,NA,NA,M,OtsLYON22S_1_0217,OtsLYON22S_1_3170,OtsLYON22S_1,3,FALL,1,LFSO,blw
OtsLGRF25S,OtsLGRF25S_5435,C-05435,9/15/2025,M,490,AD,NA,NA,NA,M,OtsPBT23-UmaFa-0218,OtsPBT23-UmaFa-0317,OtsPBT23-UmaFa,2,FALL,1,UMFH,blw
OtsLGRF25S,OtsLGRF25S_5437,C-05437,9/15/2025,F,730,AI,NA,3DD.003D7F7186,NA,F,OtsLYON21S_1_0659,OtsLYON21S_1_0107,OtsLYON21S_1,4,FALL,1,PLA1,Abv
OtsLGRF25S,OtsLGRF25S_5439,C-05439,9/15/2025,M,590,AI,NA,NA,NA,M,OtsLYON22S_1_0337,OtsLYON22S_1_4002,OtsLYON22S_1,3,FALL,1,IPCSR,Abv
OtsLGRF25S,OtsLGRF25S_5441,C-05441,9/15/2025,M,680,AI,NA,NA,NA,M,OtsLYON22S_1_0476,OtsLYON22S_1_4296,OtsLYON22S_1,3,FALL,1,IPCSR,Abv
OtsLGRF25S,OtsLGRF25S_5443,C-05443,9/15/2025,M,620,AD,1,NA,NA,M,OtsLYON22S_1_0448,OtsLYON22S_1_4252,OtsLYON22S_1,3,FALL,1,IPCSR,Abv
OtsLGRF25S,OtsLGRF25S_5445,C-05445,9/15/2025,F,680,AI,NA,NA,NA,M,OtsLYON22S_1_0586,OtsLYON22S_1_5113,OtsLYON22S_1,3,FALL,1,LFSO,blw
OtsLGRF25S,OtsLGRF25S_5447,C-05447,9/15/2025,F,810,AI,NA,3DD.003D7F71BF,NA,F,OtsLYON21S_1_0743,OtsLYON21S_1_0362,OtsLYON21S_1,4,FALL,1,CJA1,Abv
OtsLGRF25S,OtsLGRF25S_5449,C-05449,9/15/2025,M,710,AI,NA,NA,NA,M,OtsLYON22S_1_0047,OtsLYON22S_1_2053,OtsLYON22S_1,3,FALL,1,PLA1,Abv
OtsLGRF25S,OtsLGRF25S_5451,C-05451,9/15/2025,F,700,AI,NA,3DD.003D7F71A3,NA,F,OtsLYON22S_1_0450,OtsLYON22S_1_4242,OtsLYON22S_1,3,FALL,1,IPCSR,Abv
OtsLGRF25S,OtsLGRF25S_5453,C-05453,9/15/2025,M,440,AD,1,NA,NA,M,OtsLYON23S_1_0265,OtsLYON23S_1_3032,OtsLYON23S_1,2,FALL,1,LFSO,blw
OtsLGRF25S,OtsLGRF25S_5455,C-05455,9/15/2025,F,720,AI,NA,3DD.003D7F719D,NA,F,OtsLYON21S_1_0659,OtsLYON21S_1_0107,OtsLYON21S_1,4,FALL,1,PLA1,Abv
OtsLGRF25S,OtsLGRF25S_5457,C-05457,9/15/2025,M,700,AD,1,3DD.003D7F7172,NA,M,OtsLYON22S_1_0019,OtsLYON22S_1_1048,OtsLYON22S_1,3,FALL,1,PLA1,Abv
OtsLGRF25S,OtsLGRF25S_5459,C-05459,9/15/2025,M,670,AI,NA,NA,NA,M,OtsLYON22S_1_0556,OtsLYON22S_1_5078,OtsLYON22S_1,3,FALL,1,LFSO,blw
OtsLGRF25S,OtsLGRF25S_5461,C-05461,9/15/2025,M,460,AD,1,NA,NA,M,OtsLYON22S_1_0562,OtsLYON22S_1_5048,OtsLYON22S_1,3,FALL,1,LFYO,blw
OtsLGRF25S,OtsLGRF25S_5463,C-05463,9/15/2025,F,830,AI,NA,3DD.003D7F717F,NA,F,NA,NA,Unassigned,NA,FALL,1,NA,Abv
OtsLGRF25S,OtsLGRF25S_5465,C-05465,9/15/2025,M,760,AD,1,3DD.003D7F71A6,NA,M,OtsLYON21S_1_0907,OtsLYON21S_1_1953,OtsLYON21S_1,4,FALL,1,IPCSR,Abv
OtsLGRF25S,OtsLGRF25S_5467,C-05467,9/15/2025,F,670,AI,NA,NA,NA,F,OtsLYON22S_1_0397,OtsLYON22S_1_4139,OtsLYON22S_1,3,FALL,1,IPCSR,Abv
OtsLGRF25S,OtsLGRF25S_5469,C-05469,9/15/2025,F,710,AD,1,3DD.003D7F716C,NA,F,OtsLYON21S_1_0993,OtsLYON21S_1_0535,OtsLYON21S_1,4,FALL,1,LFYO,blw
OtsLGRF25S,OtsLGRF25S_5471,C-05471,9/15/2025,M,630,AD,NA,NA,NA,M,OtsLYON22S_1_0243,OtsLYON22S_1_3239,OtsLYON22S_1,3,FALL,1,CJA2,Abv
OtsLGRF25S,OtsLGRF25S_5473,C-05473,9/15/2025,M,650,AI,NA,NA,NA,M,OtsLYON22S_1_0461,OtsLYON22S_1_4260,OtsLYON22S_1,3,FALL,1,IPCSR,Abv
OtsLGRF25S,OtsLGRF25S_5475,C-05475,9/15/2025,M,610,AI,NA,NA,NA,M,OtsLYON22S_1_0344,OtsLYON22S_1_4027,OtsLYON22S_1,3,FALL,1,IPCSR,Abv
OtsLGRF25S,OtsLGRF25S_5477,C-05477,9/15/2025,F,770,AD,1,3DD.003D7F71A5,NA,M,OtsLYON21S_1_0618,OtsLYON21S_1_0036,OtsLYON21S_1,4,FALL,1,PLA1,Abv
OtsLGRF25S,OtsLGRF25S_5479,C-05479,9/15/2025,M,650,AI,NA,NA,NA,M,OtsLYON22S_1_0390,OtsLYON22S_1_4119,OtsLYON22S_1,3,FALL,1,IPCSR,Abv
OtsLGRF25S,OtsLGRF25S_5481,C-05481,9/15/2025,M,560,AI,NA,NA,"This sample is a duplicate with OtsLGRF25S_7869, OtsLGRF25S_7965.",M,OtsLYON22S_1_0572,OtsLYON22S_1_5119,OtsLYON22S_1,3,FALL,1,LFSO,blw
OtsLGRF25S,OtsLGRF25S_5483,C-05483,9/15/2025,M,860,AI,NA,3DD.003D7F7182,NA,M,OtsLYON20S_1_0278,OtsLYON20S_1_1015,OtsLYON20S_1,5,FALL,1,BCA1,Abv
OtsLGRF25S,OtsLGRF25S_5485,C-05485,9/15/2025,F,730,AI,NA,3DD.003D7F71AD,NA,F,OtsLYON20S_1_1477,OtsLYON20S_1_1282,OtsLYON20S_1,5,FALL,1,IPCSR,Abv
OtsLGRF25S,OtsLGRF25S_5487,C-05487,9/15/2025,M,670,AD,1,NA,NA,M,OtsLYON22S_1_0066,OtsLYON22S_1_2098,OtsLYON22S_1,3,FALL,1,BCA1,Abv
OtsLGRF25S,OtsLGRF25S_5489,C-05489,9/15/2025,M,630,AD,1,NA,NA,M,OtsLYON22S_1_0523,OtsLYON22S_1_4369,OtsLYON22S_1,3,FALL,1,CJA1,Abv
OtsLGRF25S,OtsLGRF25S_5491,C-05491,9/15/2025,M,550,AI,NA,NA,NA,M,OtsLYON23S_1_0519,OtsLYON23S_1_4187,OtsLYON23S_1,2,FALL,1,IPCSR,Abv
OtsLGRF25S,OtsLGRF25S_5493,C-05493,9/15/2025,M,450,AD,1,NA,NA,M,NA,NA,Unassigned,NA,FALL,1,NA,Abv
OtsLGRF25S,OtsLGRF25S_5495,C-05495,9/15/2025,M,580,AI,NA,NA,NA,M,OtsLYON22S_1_0086,OtsLYON22S_1_2120,OtsLYON22S_1,3,FALL,1,BCA1,Abv
OtsLGRF25S,OtsLGRF25S_5497,C-05497,9/15/2025,M,660,AD,1,NA,NA,M,OtsLYON22S_1_0258,OtsLYON22S_1_3263,OtsLYON22S_1,3,FALL,1,CJA2,Abv
OtsLGRF25S,OtsLGRF25S_5499,C-05499,9/15/2025,F,710,AD,1,3DD.003D7F718A,NA,M,OtsLYON21S_1_0971,OtsLYON21S_1_0508,OtsLYON21S_1,4,FALL,1,LFYO,blw
OtsLGRF25S,OtsLGRF25S_5501,C-05501,9/15/2025,M,770,AI,NA,3DD.003D7F7191,NA,M,OtsLYON21S_1_0928,OtsLYON21S_1_1724,OtsLYON21S_1,4,FALL,1,IPCSR,Abv
OtsLGRF25S,OtsLGRF25S_5503,C-05503,9/15/2025,F,630,AD,1,NA,NA,F,OtsLYON22S_1_0029,OtsLYON22S_1_2011,OtsLYON22S_1,3,FALL,1,PLA1,Abv
OtsLGRF25S,OtsLGRF25S_5505,C-05505,9/15/2025,M,630,AI,NA,NA,NA,M,OtsLYON22S_1_0337,OtsLYON22S_1_4001,OtsLYON22S_1,3,FALL,1,IPCSR,Abv
OtsLGRF25S,OtsLGRF25S_5507,C-05507,9/15/2025,M,550,AD,1,NA,NA,M,OtsLYON22S_1_0167,OtsLYON22S_1_3047,OtsLYON22S_1,3,FALL,1,CJA1,Abv
OtsLGRF25S,OtsLGRF25S_5509,C-05509,9/15/2025,M,630,AD,1,NA,NA,M,OtsLYON22S_1_0324,OtsLYON22S_1_3393,OtsLYON22S_1,3,FALL,1,PLA2,Abv
OtsLGRF25S,OtsLGRF25S_5511,C-05511,9/15/2025,F,860,AI,NA,3DD.003D7F71B1,NA,M,OtsNPFH20S_1_0177,OtsNPFH20S_1_0121,OtsNPFH20S_1,5,FALL,1,NPTH,Abv
OtsLGRF25S,OtsLGRF25S_5513,C-05513,9/15/2025,M,800,AI,NA,3DD.003D7F71C3,NA,M,NA,NA,Unassigned,NA,FALL,1,NA,Abv
OtsLGRF25S,OtsLGRF25S_5515,C-05515,9/15/2025,M,680,AI,NA,NA,NA,M,NA,NA,Unassigned,NA,FALL,1,NA,Abv
OtsLGRF25S,OtsLGRF25S_5517,C-05517,9/15/2025,F,660,AI,NA,NA,NA,F,OtsLYON22S_1_0137,OtsLYON22S_1_3019,OtsLYON22S_1,3,FALL,1,CJA1,Abv
OtsLGRF25S,OtsLGRF25S_5519,C-05519,9/16/2025,F,660,AD,1,NA,NA,F,OtsLYON21S_1_1038,OtsLYON21S_1_1201,OtsLYON21S_1,4,FALL,1,LFYO,blw
OtsLGRF25S,OtsLGRF25S_5521,C-05521,9/16/2025,F,660,AD,1,NA,NA,F,OtsLYON22S_1_0324,OtsLYON22S_1_3392,OtsLYON22S_1,3,FALL,1,PLA2,Abv
OtsLGRF25S,OtsLGRF25S_5523,C-05523,9/16/2025,M,390,AD,1,NA,NA,M,NA,NA,Unassigned,NA,FALL,1,NA,Abv
OtsLGRF25S,OtsLGRF25S_5525,C-05525,9/16/2025,F,820,AI,NA,3DD.003D7F70ED,NA,F,OtsLYON20S_1_1482,OtsLYON20S_1_1295,OtsLYON20S_1,5,FALL,1,IPCSR,Abv
OtsLGRF25S,OtsLGRF25S_5527,C-05527,9/16/2025,M,670,AI,NA,NA,NA,M,OtsPBT22-LWSFa-6502,OtsPBT22-LWSFa-6874,OtsPBT22-LWSFa,3,FALL,1,LWSH,blw
OtsLGRF25S,OtsLGRF25S_5529,C-05529,9/16/2025,M,550,AD,1,NA,NA,M,OtsLYON23S_1_0364,OtsLYON23S_1_3221,OtsLYON23S_1,2,FALL,1,BCA2,Abv
OtsLGRF25S,OtsLGRF25S_5531,C-05531,9/16/2025,F,720,AD,1,3DD.003D7F70C6,NA,F,OtsLYON21S_1_1001,OtsLYON21S_1_0529,OtsLYON21S_1,4,FALL,1,LFYO,blw
OtsLGRF25S,OtsLGRF25S_5533,C-05533,9/16/2025,M,680,AI,NA,NA,NA,F,NA,NA,Unassigned,NA,FALL,1,NA,Abv
OtsLGRF25S,OtsLGRF25S_5535,C-05535,9/16/2025,M,680,AD,1,NA,NA,M,OtsLYON21S_1_0895,OtsLYON21S_1_1912,OtsLYON21S_1,4,FALL,1,PLA2,Abv
OtsLGRF25S,OtsLGRF25S_5537,C-05537,9/16/2025,M,580,AI,NA,NA,NA,M,OtsLYON22S_1_0436,OtsLYON22S_1_4210,OtsLYON22S_1,3,FALL,1,IPCSR,Abv
OtsLGRF25S,OtsLGRF25S_5539,C-05539,9/16/2025,M,490,AI,NA,NA,NA,M,OtsLYON23S_1_0213,OtsLYON23S_1_2259,OtsLYON23S_1,2,FALL,1,LFSO,blw
OtsLGRF25S,OtsLGRF25S_5541,C-05541,9/16/2025,F,810,AI,NA,3DD.003D7F70DF,NA,F,OtsNPFH20S_1_0844,OtsNPFH20S_1_0784,OtsNPFH20S_1,5,FALL,1,NPTH,Abv
OtsLGRF25S,OtsLGRF25S_5543,C-05543,9/16/2025,M,670,AD,1,NA,NA,M,OtsLYON21S_1_2101,OtsLYON21S_1_2306,OtsLYON21S_1,4,FALL,1,LFYO,blw
OtsLGRF25S,OtsLGRF25S_5545,C-05545,9/16/2025,F,850,AI,NA,3DD.003D7F70D8,NA,F,OtsLYON20S_1_0450,OtsLYON20S_1_1163,OtsLYON20S_1,5,FALL,1,LFSO,blw
OtsLGRF25S,OtsLGRF25S_5547,C-05547,9/16/2025,M,670,AD,1,NA,NA,M,OtsLYON22S_1_0174,OtsLYON22S_1_3078,OtsLYON22S_1,3,FALL,1,CJA1,Abv
OtsLGRF25S,OtsLGRF25S_5549,C-05549,9/16/2025,F,740,AD,1,3DD.003D7F70E1,NA,F,OtsLYON22S_1_0278,OtsLYON22S_1_3341,OtsLYON22S_1,3,FALL,1,PLA2,Abv
OtsLGRF25S,OtsLGRF25S_5551,C-05551,9/16/2025,F,790,AI,NA,3DD.003D7F70A9,NA,F,OtsNPFH20S_1_0220,OtsNPFH20S_1_0112,OtsNPFH20S_1,5,FALL,1,NPTH,Abv
OtsLGRF25S,OtsLGRF25S_5553,C-05553,9/16/2025,M,600,AD,1,NA,NA,F,OtsLYON22S_1_0256,OtsLYON22S_1_3256,OtsLYON22S_1,3,FALL,1,CJA2,Abv
OtsLGRF25S,OtsLGRF25S_5555,C-05555,9/16/2025,F,870,AI,NA,3DD.003D7F70D2,NA,F,OtsLYON20S_1_1551,OtsLYON20S_1_1710,OtsLYON20S_1,5,FALL,1,IPCSR,Abv
OtsLGRF25S,OtsLGRF25S_5557,C-05557,9/16/2025,F,780,AI,NA,3DD.003D7F70C8,NA,F,OtsLYON21S_1_0935,OtsLYON21S_1_1729,OtsLYON21S_1,4,FALL,1,IPCSR,Abv
OtsLGRF25S,OtsLGRF25S_5559,C-05559,9/16/2025,F,700,AI,NA,3DD.003D7F70F0,NA,F,OtsLYON22S_1_0157,OtsLYON22S_1_3051,OtsLYON22S_1,3,FALL,1,CJA1,Abv
OtsLGRF25S,OtsLGRF25S_5561,C-05561,9/16/2025,M,620,AI,NA,NA,NA,M,NA,NA,Unassigned,NA,FALL,1,NA,Abv
OtsLGRF25S,OtsLGRF25S_5563,C-05563,9/16/2025,M,490,AI,NA,NA,NA,M,OtsLYON23S_1_0482,OtsLYON23S_1_4116,OtsLYON23S_1,2,FALL,1,IPCSR,Abv
OtsLGRF25S,OtsLGRF25S_5565,C-05565,9/16/2025,M,600,AD,1,NA,NA,M,OtsLYON22S_1_0412,OtsLYON22S_1_4178,OtsLYON22S_1,3,FALL,1,IPCSR,Abv
OtsLGRF25S,OtsLGRF25S_5567,C-05567,9/16/2025,M,610,AD,1,NA,NA,M,OtsLYON22S_1_0421,OtsLYON22S_1_4201,OtsLYON22S_1,3,FALL,1,IPCSR,Abv
OtsLGRF25S,OtsLGRF25S_5569,C-05569,9/16/2025,M,550,AI,NA,NA,NA,M,NA,NA,Unassigned,NA,FALL,1,NA,Abv
OtsLGRF25S,OtsLGRF25S_5571,C-05571,9/16/2025,F,770,AI,NA,3DD.003D7F71B0,NA,F,NA,NA,Unassigned,NA,FALL,1,NA,Abv
OtsLGRF25S,OtsLGRF25S_5573,C-05573,9/16/2025,M,610,AI,NA,NA,This sample is a duplicate with OtsLGRF25S_7671.,M,OtsLYON22S_1_0589,OtsLYON22S_1_5126,OtsLYON22S_1,3,FALL,1,LFSO,blw
OtsLGRF25S,OtsLGRF25S_5575,C-05575,9/16/2025,F,760,AI,NA,3DD.003D7F71B5,NA,F,OtsLYON21S_1_0647,OtsLYON21S_1_0096,OtsLYON21S_1,4,FALL,1,PLA1,Abv
OtsLGRF25S,OtsLGRF25S_5577,C-05577,9/16/2025,M,670,AI,NA,NA,NA,M,OtsLYON22S_1_0389,OtsLYON22S_1_4162,OtsLYON22S_1,3,FALL,1,IPCSR,Abv
OtsLGRF25S,OtsLGRF25S_5579,C-05579,9/16/2025,F,740,AI,NA,3D6.1D5953D6EF,NA,F,NA,NA,Unassigned,NA,FALL,1,NA,Abv
OtsLGRF25S,OtsLGRF25S_5581,C-05581,9/16/2025,F,730,AD,1,3DD.003D7F7184,NA,F,OtsLYON21S_1_0740,OtsLYON21S_1_0355,OtsLYON21S_1,4,FALL,1,CJA1,Abv
OtsLGRF25S,OtsLGRF25S_5583,C-05583,9/20/2025,F,630,AD,1,NA,NA,F,OtsLYON21S_1_2106,OtsLYON21S_1_2302,OtsLYON21S_1,4,FALL,1,LFYO,blw
OtsLGRF25S,OtsLGRF25S_5585,C-05585,9/20/2025,M,670,AD,1,NA,NA,M,OtsLYON22S_1_0094,OtsLYON22S_1_2130,OtsLYON22S_1,3,FALL,1,BCA1,Abv
OtsLGRF25S,OtsLGRF25S_5587,C-05587,9/20/2025,F,790,AI,NA,3DD.003D7F71C9,NA,F,OtsLYON21S_1_1176,OtsLYON21S_1_2337,OtsLYON21S_1,4,FALL,1,IPCSR,Abv
OtsLGRF25S,OtsLGRF25S_5589,C-05589,9/20/2025,M,690,AD,1,NA,NA,M,OtsLYON21S_1_0937,OtsLYON21S_1_1734,OtsLYON21S_1,4,FALL,1,IPCSR,Abv
OtsLGRF25S,OtsLGRF25S_5591,C-05591,9/20/2025,F,700,AI,NA,3DD.003D7F719C,NA,F,OtsLYON22S_1_0237,OtsLYON22S_1_3207,OtsLYON22S_1,3,FALL,1,LFSO,blw
OtsLGRF25S,OtsLGRF25S_5593,C-05593,9/20/2025,M,650,AI,NA,NA,NA,M,OtsLYON22S_1_0109,OtsLYON22S_1_2161,OtsLYON22S_1,3,FALL,1,BCA1,Abv
OtsLGRF25S,OtsLGRF25S_5595,C-05595,9/20/2025,F,600,AD,1,NA,NA,F,OtsLYON22S_1_0370,OtsLYON22S_1_4063,OtsLYON22S_1,3,FALL,1,IPCSR,Abv
OtsLGRF25S,OtsLGRF25S_5597,C-05597,9/20/2025,M,460,AI,NA,NA,NA,M,OtsLYON23S_1_0227,OtsLYON23S_1_2291,OtsLYON23S_1,2,FALL,1,LFSO,blw
OtsLGRF25S,OtsLGRF25S_5599,C-05599,9/20/2025,F,820,AI,NA,3DD.003D7F71A2,NA,F,OtsNPFH20S_1_0056,OtsNPFH20S_1_0013,OtsNPFH20S_1,5,FALL,1,NPTH,Abv
OtsLGRF25S,OtsLGRF25S_5601,C-05601,9/20/2025,M,790,AD,1,3DD.003D7F7173,NA,M,OtsLYON21S_1_1156,OtsLYON21S_1_2312,OtsLYON21S_1,4,FALL,1,LFYO,blw
OtsLGRF25S,OtsLGRF25S_5603,C-05603,9/20/2025,F,730,AD,1,3DD.003D7F718B,NA,F,OtsLYON22S_1_0259,OtsLYON22S_1_3264,OtsLYON22S_1,3,FALL,1,CJA2,Abv
OtsLGRF25S,OtsLGRF25S_5605,C-05605,9/20/2025,F,710,AI,NA,3DD.003D7F70AA,NA,F,OtsLYON22S_1_0106,OtsLYON22S_1_2166,OtsLYON22S_1,3,FALL,1,BCA1,Abv
OtsLGRF25S,OtsLGRF25S_5607,C-05607,9/20/2025,M,670,AD,1,NA,NA,M,OtsLYON21S_1_1046,OtsLYON21S_1_1247,OtsLYON21S_1,4,FALL,1,LFYO,blw
OtsLGRF25S,OtsLGRF25S_5609,C-05609,9/20/2025,F,610,AI,NA,NA,NA,F,OtsLYON22S_1_0390,OtsLYON22S_1_4120,OtsLYON22S_1,3,FALL,1,IPCSR,Abv
OtsLGRF25S,OtsLGRF25S_5611,C-05611,9/20/2025,F,800,AD,1,3DD.003D7F70AD,NA,F,OtsLYON20S_1_0279,OtsLYON20S_1_0174,OtsLYON20S_1,5,FALL,1,BCA1,Abv
OtsLGRF25S,OtsLGRF25S_5613,C-05613,9/20/2025,F,650,AD,1,3DD.003DA65E35,NA,F,OtsLYON22S_1_0501,OtsLYON22S_1_4328,OtsLYON22S_1,3,FALL,1,GRR,Abv
OtsLGRF25S,OtsLGRF25S_5615,C-05615,9/20/2025,F,670,AI,NA,NA,NA,F,NA,NA,Unassigned,NA,FALL,1,NA,Abv
OtsLGRF25S,OtsLGRF25S_5617,C-05617,9/20/2025,M,660,AI,NA,NA,NA,M,OtsLYON22S_1_0580,OtsLYON22S_1_5101,OtsLYON22S_1,3,FALL,1,LFSO,blw
OtsLGRF25S,OtsLGRF25S_5619,C-05619,9/20/2025,M,620,AD,1,NA,NA,M,OtsLYON22S_1_0037,OtsLYON22S_1_2036,OtsLYON22S_1,3,FALL,1,PLA1,Abv
OtsLGRF25S,OtsLGRF25S_5621,C-05621,9/20/2025,F,480,AI,NA,NA,NA,M,OtsLYON23S_1_0280,OtsLYON23S_1_3066,OtsLYON23S_1,2,FALL,1,LFSO,blw
OtsLGRF25S,OtsLGRF25S_5623,C-05623,9/20/2025,F,640,AI,NA,NA,NA,F,OtsLYON22S_1_0382,OtsLYON22S_1_4128,OtsLYON22S_1,3,FALL,1,IPCSR,Abv
OtsLGRF25S,OtsLGRF25S_5625,C-05625,9/20/2025,F,700,AD,NA,3DD.003E048CA6,NA,F,OtsPBT21-PRHFa-0711,OtsPBT21-PRHFa-0623,OtsPBT21-PRHFa,4,FALL,1,PRFH,blw
OtsLGRF25S,OtsLGRF25S_5627,C-05627,9/20/2025,M,750,AI,NA,3DD.003D7F70B0,NA,M,NA,NA,Unassigned,NA,FALL,1,NA,Abv
OtsLGRF25S,OtsLGRF25S_5629,C-05629,9/20/2025,F,790,AI,NA,3DD.003D7F70A3,NA,F,NA,NA,Unassigned,NA,FALL,1,NA,Abv
OtsLGRF25S,OtsLGRF25S_5631,C-05631,9/20/2025,M,610,AI,NA,NA,NA,M,OtsPBT22-LWSFa-7855,OtsPBT22-LWSFa-7962,OtsPBT22-LWSFa,3,FALL,1,LWSH,blw
OtsLGRF25S,OtsLGRF25S_5633,C-05633,9/20/2025,F,690,AI,NA,NA,NA,F,OtsLYON22S_1_0162,OtsLYON22S_1_3042,OtsLYON22S_1,3,FALL,1,CJA1,Abv
OtsLGRF25S,OtsLGRF25S_5635,C-05635,9/20/2025,M,570,AI,NA,NA,NA,M,NA,NA,Unassigned,NA,FALL,1,NA,Abv
OtsLGRF25S,OtsLGRF25S_5637,C-05637,9/20/2025,F,760,AD,1,3DD.003D7F7104,NA,F,OtsLYON21S_1_0782,OtsLYON21S_1_0458,OtsLYON21S_1,4,FALL,1,LFSO,blw
OtsLGRF25S,OtsLGRF25S_5639,C-05639,9/20/2025,F,660,AD,NA,NA,NA,F,OtsPBT21-LWSFa-0331,OtsPBT21-LWSFa-0233,OtsPBT21-LWSFa,4,FALL,1,LWSH,blw
OtsLGRF25S,OtsLGRF25S_5641,C-05641,9/20/2025,M,580,AD,1,NA,NA,M,OtsLYON22S_1_0315,OtsLYON22S_1_3397,OtsLYON22S_1,3,FALL,1,PLA2,Abv
OtsLGRF25S,OtsLGRF25S_5643,C-05643,9/20/2025,M,460,AI,NA,NA,NA,M,OtsLYON23S_1_0526,OtsLYON23S_1_4194,OtsLYON23S_1,2,FALL,1,IPCSR,Abv
OtsLGRF25S,OtsLGRF25S_5645,C-05645,9/20/2025,F,730,AI,NA,3DD.003D7F70CD,NA,F,OtsLYON22S_1_0399,OtsLYON22S_1_4147,OtsLYON22S_1,3,FALL,1,IPCSR,Abv
OtsLGRF25S,OtsLGRF25S_5647,C-05647,9/20/2025,F,710,AI,NA,3DD.003D7F70CF,NA,F,OtsNPFH21S_1_1326,OtsNPFH21S_1_1040,OtsNPFH21S_1,4,FALL,1,NPTH,Abv
OtsLGRF25S,OtsLGRF25S_5649,C-05649,9/20/2025,M,680,AD,1,NA,NA,M,OtsLYON22S_1_0310,OtsLYON22S_1_3374,OtsLYON22S_1,3,FALL,1,PLA2,Abv
OtsLGRF25S,OtsLGRF25S_5651,C-05651,9/20/2025,M,940,AI,NA,3DD.003D7F70FE,NA,M,OtsNPFH21S_1_1172,OtsNPFH21S_1_1221,OtsNPFH21S_1,4,FALL,1,NPTH,Abv
OtsLGRF25S,OtsLGRF25S_5653,C-05653,9/20/2025,M,620,AI,NA,NA,NA,M,OtsLYON22S_1_0438,OtsLYON22S_1_4231,OtsLYON22S_1,3,FALL,1,IPCSR,Abv
OtsLGRF25S,OtsLGRF25S_5655,C-05655,9/20/2025,M,640,AD,1,NA,NA,M,NA,NA,Unassigned,NA,FALL,1,NA,Abv
OtsLGRF25S,OtsLGRF25S_5657,C-05657,9/20/2025,M,770,AI,NA,3DD.003D7F70C0,NA,M,OtsLYON22S_1_0368,OtsLYON22S_1_4069,OtsLYON22S_1,3,FALL,1,IPCSR,Abv
OtsLGRF25S,OtsLGRF25S_5659,C-05659,9/20/2025,M,610,AI,NA,NA,NA,M,OtsLYON22S_1_0448,OtsLYON22S_1_4253,OtsLYON22S_1,3,FALL,1,IPCSR,Abv
OtsLGRF25S,OtsLGRF25S_5661,C-05661,9/20/2025,M,660,AI,NA,NA,NA,M,NA,NA,Unassigned,NA,FALL,1,NA,Abv
OtsLGRF25S,OtsLGRF25S_5663,C-05663,9/20/2025,M,690,AD,1,NA,NA,M,OtsLYON22S_1_0031,OtsLYON22S_1_2015,OtsLYON22S_1,3,FALL,1,PLA1,Abv
OtsLGRF25S,OtsLGRF25S_5665,C-05665,9/20/2025,F,770,AI,NA,3DD.003D7F70CC,NA,F,OtsNPFH21S_1_1621,OtsNPFH21S_1_1537,OtsNPFH21S_1,4,FALL,1,LGA,Abv
OtsLGRF25S,OtsLGRF25S_5667,C-05667,9/20/2025,F,740,AI,NA,3DD.003D7F70EC,NA,M,NA,NA,Unassigned,NA,FALL,1,NA,Abv
OtsLGRF25S,OtsLGRF25S_5669,C-05669,9/20/2025,F,690,AI,NA,NA,NA,F,OtsLYON22S_1_0291,OtsLYON22S_1_3314,OtsLYON22S_1,3,FALL,1,BCA2,Abv
OtsLGRF25S,OtsLGRF25S_5671,C-05671,9/20/2025,F,700,AD,1,3DD.003D7F70DC,NA,F,OtsLYON21S_1_1044,OtsLYON21S_1_1208,OtsLYON21S_1,4,FALL,1,LFYO,blw
OtsLGRF25S,OtsLGRF25S_5673,C-05673,9/20/2025,M,460,AI,NA,NA,NA,M,OtsLYON23S_1_0051,OtsLYON23S_1_1112,OtsLYON23S_1,2,FALL,1,PLA1,Abv
OtsLGRF25S,OtsLGRF25S_5675,C-05675,9/20/2025,F,750,AI,NA,3DD.003D7F70AB,NA,F,OtsLYON21S_1_0814,OtsLYON21S_1_1640,OtsLYON21S_1,4,FALL,1,LFSO,blw
OtsLGRF25S,OtsLGRF25S_5677,C-05677,9/20/2025,M,790,AD,1,3DD.003D7F70F6,NA,M,OtsLYON21S_1_0770,OtsLYON21S_1_0449,OtsLYON21S_1,4,FALL,1,LFSO,blw
OtsLGRF25S,OtsLGRF25S_5679,C-05679,9/20/2025,F,690,AD,1,NA,NA,F,OtsLYON21S_1_1179,OtsLYON21S_1_2305,OtsLYON21S_1,4,FALL,1,LFYO,blw
OtsLGRF25S,OtsLGRF25S_5681,C-05681,9/20/2025,F,670,AI,NA,NA,NA,F,OtsPBT21-PRHFa-3033,OtsPBT21-PRHFa-3164,OtsPBT21-PRHFa,4,FALL,1,PRFH,blw
OtsLGRF25S,OtsLGRF25S_5683,C-05683,9/20/2025,F,690,AI,NA,NA,NA,F,OtsLYON22S_1_0382,OtsLYON22S_1_4127,OtsLYON22S_1,3,FALL,1,IPCSR,Abv
OtsLGRF25S,OtsLGRF25S_5685,C-05685,9/20/2025,F,800,AI,NA,3DD.003D7F70C9,NA,F,OtsLYON21S_1_0795,OtsLYON21S_1_1622,OtsLYON21S_1,4,FALL,1,LFSO,blw
OtsLGRF25S,OtsLGRF25S_5687,C-05687,9/20/2025,M,450,AD,1,NA,NA,M,OtsLYON23S_1_0244,OtsLYON23S_1_3005,OtsLYON23S_1,2,FALL,1,LFSO,blw
OtsLGRF25S,OtsLGRF25S_5689,C-05689,9/20/2025,M,590,AI,NA,NA,NA,M,OtsLYON22S_1_0224,OtsLYON22S_1_3186,OtsLYON22S_1,3,FALL,1,LFSO,blw
OtsLGRF25S,OtsLGRF25S_5691,C-05691,9/20/2025,F,790,AI,NA,3DD.003D7F70C3,NA,F,NA,NA,Unassigned,NA,FALL,1,NA,Abv
OtsLGRF25S,OtsLGRF25S_5693,C-05693,9/20/2025,M,690,AI,NA,NA,NA,M,OtsLYON22S_1_0548,OtsLYON22S_1_5074,OtsLYON22S_1,3,FALL,1,LFSO,blw
OtsLGRF25S,OtsLGRF25S_5695,C-05695,9/20/2025,M,670,AI,NA,NA,NA,M,OtsLYON22S_1_0383,OtsLYON22S_1_4104,OtsLYON22S_1,3,FALL,1,IPCSR,Abv
OtsLGRF25S,OtsLGRF25S_5697,C-05697,9/20/2025,M,910,AI,NA,3DD.003D7F70A7,NA,M,OtsNPFH20S_1_0057,OtsNPFH20S_1_0046,OtsNPFH20S_1,5,FALL,1,NPTH,Abv
OtsLGRF25S,OtsLGRF25S_5699,C-05699,9/20/2025,M,700,AI,NA,3DD.003D7F70E4,NA,M,NA,NA,Unassigned,NA,FALL,1,NA,Abv
OtsLGRF25S,OtsLGRF25S_5701,C-05701,9/21/2025,F,870,AI,NA,3DD.003D7F70F2,NA,F,OtsLYON20S_1_0285,OtsLYON20S_1_1036,OtsLYON20S_1,5,FALL,1,CJA1,Abv
OtsLGRF25S,OtsLGRF25S_5703,C-05703,9/21/2025,F,690,AI,NA,NA,NA,F,OtsLYON22S_1_0367,OtsLYON22S_1_4073,OtsLYON22S_1,3,FALL,1,IPCSR,Abv
OtsLGRF25S,OtsLGRF25S_5705,C-05705,9/21/2025,M,600,AI,NA,NA,NA,M,NA,NA,Unassigned,NA,FALL,1,NA,Abv
OtsLGRF25S,OtsLGRF25S_5707,C-05707,9/21/2025,M,650,AD,1,NA,NA,M,OtsLYON21S_1_1066,OtsLYON21S_1_1253,OtsLYON21S_1,4,FALL,1,LFYO,blw
OtsLGRF25S,OtsLGRF25S_5709,C-05709,9/21/2025,M,640,AD,1,NA,NA,M,OtsLYON22S_1_0368,OtsLYON22S_1_4067,OtsLYON22S_1,3,FALL,1,IPCSR,Abv
OtsLGRF25S,OtsLGRF25S_5711,C-05711,9/21/2025,M,650,AI,NA,NA,NA,M,OtsLYON22S_1_0082,OtsLYON22S_1_2115,OtsLYON22S_1,3,FALL,1,BCA1,Abv
OtsLGRF25S,OtsLGRF25S_5713,C-05713,9/21/2025,F,760,AD,1,3DD.003D7F70D5,NA,F,OtsNPFH20S_1_0586,OtsNPFH20S_1_0546,OtsNPFH20S_1,5,FALL,1,NLVA,Abv
OtsLGRF25S,OtsLGRF25S_5715,C-05715,9/21/2025,M,680,AI,NA,NA,NA,M,OtsLYON22S_1_0354,OtsLYON22S_1_4081,OtsLYON22S_1,3,FALL,1,IPCSR,Abv
OtsLGRF25S,OtsLGRF25S_5717,C-05717,9/21/2025,F,770,AD,1,3DD.003D7F70D1,NA,F,OtsLYON21S_1_0924,OtsLYON21S_1_1710,OtsLYON21S_1,4,FALL,1,IPCSR,Abv
OtsLGRF25S,OtsLGRF25S_5719,C-05719,9/21/2025,M,620,AD,1,NA,NA,M,OtsLYON22S_1_0530,OtsLYON22S_1_4360,OtsLYON22S_1,3,FALL,1,GRR,Abv
OtsLGRF25S,OtsLGRF25S_5721,C-05721,9/21/2025,M,650,AI,NA,NA,NA,M,OtsLYON22S_1_0573,OtsLYON22S_1_5117,OtsLYON22S_1,3,FALL,1,LFSO,blw
OtsLGRF25S,OtsLGRF25S_5723,C-05723,9/21/2025,M,720,AD,1,3DD.003D7F70CA,NA,M,OtsLYON21S_1_1155,OtsLYON21S_1_2307,OtsLYON21S_1,4,FALL,1,LFYO,blw
OtsLGRF25S,OtsLGRF25S_5725,C-05725,9/21/2025,F,700,AI,NA,3DD.003D7F70B7,NA,F,OtsLYON21S_1_0729,OtsLYON21S_1_0337,OtsLYON21S_1,4,FALL,1,CJA1,Abv
OtsLGRF25S,OtsLGRF25S_5727,C-05727,9/21/2025,F,620,AI,NA,NA,NA,F,OtsLYON22S_1_0193,OtsLYON22S_1_3108,OtsLYON22S_1,3,FALL,1,LFSO,blw
OtsLGRF25S,OtsLGRF25S_5729,C-05729,9/21/2025,M,620,AD,1,NA,This individual failed to genotype,U,NG,NG,NA,NA,NA,NA,NG,Abv
OtsLGRF25S,OtsLGRF25S_5731,C-05731,9/21/2025,M,520,AI,NA,NA,NA,M,OtsLYON22S_1_0170,OtsLYON22S_1_3073,OtsLYON22S_1,3,FALL,1,CJA1,Abv
OtsLGRF25S,OtsLGRF25S_5733,C-05733,9/21/2025,F,740,AD,1,3DD.003D7F70C4,NA,F,OtsLYON21S_1_1119,OtsLYON21S_1_1360,OtsLYON21S_1,4,FALL,1,LFYO,blw
OtsLGRF25S,OtsLGRF25S_5735,C-05735,9/21/2025,F,760,AI,NA,3DD.003D7F7100,NA,F,NA,NA,Unassigned,NA,FALL,1,NA,Abv
OtsLGRF25S,OtsLGRF25S_5737,C-05737,9/21/2025,F,670,AI,NA,NA,NA,F,OtsNPFH21S_1_1330,OtsNPFH21S_1_1045,OtsNPFH21S_1,4,FALL,1,NPTH,Abv
OtsLGRF25S,OtsLGRF25S_5739,C-05739,9/21/2025,M,590,AD,1,NA,NA,M,OtsLYON22S_1_0500,OtsLYON22S_1_4326,OtsLYON22S_1,3,FALL,1,GRR,Abv
OtsLGRF25S,OtsLGRF25S_5741,C-05741,9/21/2025,F,770,AI,NA,3DD.003D7F70BE,NA,F,OtsLYON21S_1_0795,OtsLYON21S_1_1622,OtsLYON21S_1,4,FALL,1,LFSO,blw
OtsLGRF25S,OtsLGRF25S_5743,C-05743,9/21/2025,F,800,AD,1,3DD.003D7F7102,NA,F,OtsLYON21S_1_0766,OtsLYON21S_1_0419,OtsLYON21S_1,4,FALL,1,BCA1,Abv
OtsLGRF25S,OtsLGRF25S_5745,C-05745,9/21/2025,F,690,AD,1,NA,NA,F,OtsLYON22S_1_0327,OtsLYON22S_1_3403,OtsLYON22S_1,3,FALL,1,LFYO,blw
OtsLGRF25S,OtsLGRF25S_5747,C-05747,9/21/2025,F,720,AI,NA,3DD.003D7F70F3,NA,F,NA,NA,Unassigned,NA,FALL,1,NA,Abv
OtsLGRF25S,OtsLGRF25S_5749,C-05749,9/21/2025,F,750,AI,NA,3DD.003D7F70E8,NA,F,OtsLYON21S_1_0662,OtsLYON21S_1_0124,OtsLYON21S_1,4,FALL,1,BCA1,Abv
OtsLGRF25S,OtsLGRF25S_5751,C-05751,9/21/2025,F,760,AI,NA,3DD.003D7F729A,NA,F,OtsLYON21S_1_0905,OtsLYON21S_1_1944,OtsLYON21S_1,4,FALL,1,IPCSR,Abv
OtsLGRF25S,OtsLGRF25S_5753,C-05753,9/21/2025,M,690,AI,NA,NA,NA,M,OtsLYON21S_1_0722,OtsLYON21S_1_0301,OtsLYON21S_1,4,FALL,1,CJA1,Abv
OtsLGRF25S,OtsLGRF25S_5755,C-05755,9/21/2025,M,620,AI,NA,NA,NA,M,OtsLYON22S_1_0469,OtsLYON22S_1_4288,OtsLYON22S_1,3,FALL,1,IPCSR,Abv
OtsLGRF25S,OtsLGRF25S_5757,C-05757,9/21/2025,M,560,AD,1,NA,NA,M,OtsLYON22S_1_0282,OtsLYON22S_1_3276,OtsLYON22S_1,3,FALL,1,CJA2,Abv
OtsLGRF25S,OtsLGRF25S_5759,C-05759,9/21/2025,M,640,AI,NA,3DD.003E26652F,NA,M,OtsLYON22S_1_0019,OtsLYON22S_1_1048,OtsLYON22S_1,3,FALL,1,PLA1,Abv
OtsLGRF25S,OtsLGRF25S_5761,C-05761,9/21/2025,M,420,AI,NA,NA,NA,M,NA,NA,Unassigned,NA,FALL,1,NA,Abv
OtsLGRF25S,OtsLGRF25S_5763,C-05763,9/21/2025,F,820,AI,NA,3DD.003D7F72B8,NA,F,OtsLYON20S_1_1488,OtsLYON20S_1_1296,OtsLYON20S_1,5,FALL,1,IPCSR,Abv
OtsLGRF25S,OtsLGRF25S_5765,C-05765,9/21/2025,M,650,AI,NA,NA,NA,M,NA,NA,Unassigned,NA,FALL,1,NA,Abv
OtsLGRF25S,OtsLGRF25S_5767,C-05767,9/21/2025,M,590,AI,NA,NA,This sample is a duplicate with OtsLGRF25S_7735.,M,OtsPBT22-LWSFa-7217,OtsPBT22-LWSFa-7031,OtsPBT22-LWSFa,3,FALL,1,LWSH,blw
OtsLGRF25S,OtsLGRF25S_5769,C-05769,9/21/2025,M,580,AI,NA,NA,NA,M,OtsLYON22S_1_0193,OtsLYON22S_1_3108,OtsLYON22S_1,3,FALL,1,LFSO,blw
OtsLGRF25S,OtsLGRF25S_5771,C-05771,9/21/2025,M,740,AI,NA,3DD.003D7F72CF,NA,M,NA,NA,Unassigned,NA,FALL,1,NA,Abv
OtsLGRF25S,OtsLGRF25S_5773,C-05773,9/21/2025,F,790,AI,NA,3DD.003D7F72AA,NA,F,NA,NA,Unassigned,NA,FALL,1,NA,Abv
OtsLGRF25S,OtsLGRF25S_5775,C-05775,9/21/2025,F,730,AD,1,3DD.003D7F70A2,NA,F,OtsLYON21S_1_0904,OtsLYON21S_1_1934,OtsLYON21S_1,4,FALL,1,PLA2,Abv
OtsLGRF25S,OtsLGRF25S_5777,C-05777,9/21/2025,F,640,AI,NA,NA,NA,F,OtsLYON22S_1_0522,OtsLYON22S_1_4377,OtsLYON22S_1,3,FALL,1,CJA1,Abv
OtsLGRF25S,OtsLGRF25S_5779,C-05779,9/21/2025,F,600,AD,1,NA,NA,F,OtsLYON22S_1_0030,OtsLYON22S_1_2003,OtsLYON22S_1,3,FALL,1,PLA1,Abv
OtsLGRF25S,OtsLGRF25S_5781,C-05781,9/21/2025,F,840,AD,1,3DD.003D7F72F3,NA,F,OtsNPFH20S_1_0804,OtsNPFH20S_1_0721,OtsNPFH20S_1,5,FALL,1,NPTH,Abv
OtsLGRF25S,OtsLGRF25S_5783,C-05783,9/21/2025,F,650,AD,1,NA,NA,F,OtsLYON21S_1_0864,OtsLYON21S_1_1850,OtsLYON21S_1,4,FALL,1,BCA2,Abv
OtsLGRF25S,OtsLGRF25S_5785,C-05785,9/21/2025,F,650,AI,NA,NA,NA,F,OtsLYON22S_1_0456,OtsLYON22S_1_4267,OtsLYON22S_1,3,FALL,1,IPCSR,Abv
OtsLGRF25S,OtsLGRF25S_5787,C-05787,9/21/2025,M,640,AD,1,NA,NA,M,NA,NA,Unassigned,NA,FALL,1,NA,Abv
OtsLGRF25S,OtsLGRF25S_5789,C-05789,9/21/2025,F,680,AD,1,NA,NA,F,OtsLYON21S_1_1125,OtsLYON21S_1_1383,OtsLYON21S_1,4,FALL,1,LFYO,blw
OtsLGRF25S,OtsLGRF25S_5791,C-05791,9/21/2025,F,750,AI,NA,3DD.003D7F72A8,NA,F,OtsNPFH21S_1_1644,OtsNPFH21S_1_1566,OtsNPFH21S_1,4,FALL,1,LGA,Abv
OtsLGRF25S,OtsLGRF25S_5793,C-05793,9/21/2025,F,620,AD,1,NA,NA,M,OtsLYON22S_1_0310,OtsLYON22S_1_3374,OtsLYON22S_1,3,FALL,1,PLA2,Abv
OtsLGRF25S,OtsLGRF25S_5795,C-05795,9/21/2025,F,860,AI,NA,3DD.003D7F70D3,NA,F,NA,NA,Unassigned,NA,FALL,1,NA,Abv
OtsLGRF25S,OtsLGRF25S_5797,C-05797,9/21/2025,F,740,AI,NA,3DD.003E0DE841,NA,F,OtsLYON21S_1_0912,OtsLYON21S_1_1992,OtsLYON21S_1,4,FALL,1,IPCSR,Abv
OtsLGRF25S,OtsLGRF25S_5799,C-05799,9/21/2025,M,740,AI,NA,3DD.003D7F70FF,NA,M,OtsLYON21S_1_0915,OtsLYON21S_1_1972,OtsLYON21S_1,4,FALL,1,IPCSR,Abv
OtsLGRF25S,OtsLGRF25S_5801,C-05801,9/21/2025,F,640,AD,1,3DD.003E2652F7,NA,F,OtsLYON22S_1_0034,OtsLYON22S_1_2021,OtsLYON22S_1,3,FALL,1,PLA1,Abv
OtsLGRF25S,OtsLGRF25S_5803,C-05803,9/21/2025,M,690,AI,NA,NA,NA,M,OtsLYON22S_1_0378,OtsLYON22S_1_4091,OtsLYON22S_1,3,FALL,1,IPCSR,Abv
OtsLGRF25S,OtsLGRF25S_5805,C-05805,9/21/2025,F,690,AD,1,NA,NA,F,OtsLYON21S_1_0965,OtsLYON21S_1_0518,OtsLYON21S_1,4,FALL,1,LFYO,blw
OtsLGRF25S,OtsLGRF25S_5807,C-05807,9/21/2025,F,660,AD,1,NA,NA,F,OtsLYON21S_1_0889,OtsLYON21S_1_1900,OtsLYON21S_1,4,FALL,1,PLA2,Abv
OtsLGRF25S,OtsLGRF25S_5809,C-05809,9/21/2025,M,620,AD,1,NA,NA,M,OtsLYON22S_1_0238,OtsLYON22S_1_3238,OtsLYON22S_1,3,FALL,1,CJA2,Abv
OtsLGRF25S,OtsLGRF25S_5811,C-05811,9/21/2025,M,440,AI,NA,NA,NA,M,OtsLYON23S_1_0460,OtsLYON23S_1_4076,OtsLYON23S_1,2,FALL,1,IPCSR,Abv
OtsLGRF25S,OtsLGRF25S_5813,C-05813,9/21/2025,F,790,AI,NA,3DD.003D7F7295,NA,F,OtsLYON21S_1_0633,OtsLYON21S_1_0076,OtsLYON21S_1,4,FALL,1,PLA1,Abv
OtsLGRF25S,OtsLGRF25S_5815,C-05815,9/21/2025,F,710,AI,NA,3DD.003D7F72B3,NA,F,OtsLYON21S_1_0820,OtsLYON21S_1_1648,OtsLYON21S_1,4,FALL,1,LFSO,blw
OtsLGRF25S,OtsLGRF25S_5817,C-05817,9/21/2025,M,690,AI,NA,NA,NA,M,OtsLYON22S_1_0394,OtsLYON22S_1_4121,OtsLYON22S_1,3,FALL,1,IPCSR,Abv
OtsLGRF25S,OtsLGRF25S_5819,C-05819,9/21/2025,F,650,AI,NA,NA,NA,F,OtsLYON22S_1_0359,OtsLYON22S_1_4057,OtsLYON22S_1,3,FALL,1,IPCSR,Abv
OtsLGRF25S,OtsLGRF25S_5821,C-05821,9/21/2025,M,570,AD,1,NA,NA,M,OtsLYON22S_1_0528,OtsLYON22S_1_4365,OtsLYON22S_1,3,FALL,1,GRR,Abv
OtsLGRF25S,OtsLGRF25S_5823,C-05823,9/21/2025,M,830,AD,1,3DD.003D7F70A1,NA,M,OtsLYON21S_1_0699,OtsLYON21S_1_0258,OtsLYON21S_1,4,FALL,1,BCA1,Abv
OtsLGRF25S,OtsLGRF25S_5825,C-05825,9/21/2025,F,740,AD,1,3DD.003D7F70BC,NA,F,OtsLYON21S_1_0941,OtsLYON21S_1_1764,OtsLYON21S_1,4,FALL,1,IPCSR,Abv
OtsLGRF25S,OtsLGRF25S_5827,C-05827,9/21/2025,F,720,AI,NA,3DD.003D7F70AC,NA,F,OtsLYON22S_1_0206,OtsLYON22S_1_3153,OtsLYON22S_1,3,FALL,1,LFSO,blw
OtsLGRF25S,OtsLGRF25S_5829,C-05829,9/21/2025,M,660,AD,1,NA,NA,M,OtsLYON22S_1_0421,OtsLYON22S_1_4201,OtsLYON22S_1,3,FALL,1,IPCSR,Abv
OtsLGRF25S,OtsLGRF25S_5831,C-05831,9/21/2025,F,660,AI,NA,NA,NA,F,OtsLYON22S_1_0242,OtsLYON22S_1_3219,OtsLYON22S_1,3,FALL,1,LFSO,blw
OtsLGRF25S,OtsLGRF25S_5833,C-05833,9/21/2025,M,620,AI,NA,NA,NA,M,OtsLYON22S_1_0383,OtsLYON22S_1_4104,OtsLYON22S_1,3,FALL,1,IPCSR,Abv
OtsLGRF25S,OtsLGRF25S_5835,C-05835,9/21/2025,M,610,AI,NA,NA,NA,M,OtsLYON22S_1_0020,OtsLYON22S_1_1061,OtsLYON22S_1,3,FALL,1,PLA1,Abv
OtsLGRF25S,OtsLGRF25S_5837,C-05837,9/21/2025,M,740,AI,NA,3DD.003D7F70F7,NA,M,NA,NA,Unassigned,NA,FALL,1,NA,Abv
OtsLGRF25S,OtsLGRF25S_5839,C-05839,9/21/2025,M,830,AI,NA,3DD.003D7F70FB,NA,M,OtsLYON20S_1_1500,OtsLYON20S_1_1618,OtsLYON20S_1,5,FALL,1,IPCSR,Abv
OtsLGRF25S,OtsLGRF25S_5841,C-05841,9/21/2025,F,700,AD,1,3DD.003D7F70F1,NA,F,OtsLYON21S_1_0894,OtsLYON21S_1_1901,OtsLYON21S_1,4,FALL,1,PLA2,Abv
OtsLGRF25S,OtsLGRF25S_5843,C-05843,9/21/2025,F,670,AD,1,NA,NA,F,OtsLYON22S_1_0283,OtsLYON22S_1_3313,OtsLYON22S_1,3,FALL,1,BCA2,Abv
OtsLGRF25S,OtsLGRF25S_5845,C-05845,9/21/2025,M,640,AD,1,NA,NA,M,OtsLYON22S_1_0487,OtsLYON22S_1_4330,OtsLYON22S_1,3,FALL,1,GRR,Abv
OtsLGRF25S,OtsLGRF25S_5847,C-05847,9/21/2025,M,650,AI,NA,NA,NA,M,OtsNPFH22S_1_0501,OtsNPFH22S_1_0446,OtsNPFH22S_1,3,FALL,1,NLVA,Abv
OtsLGRF25S,OtsLGRF25S_5849,C-05849,9/21/2025,F,820,AD,1,3DD.003D7F70BA,NA,F,OtsLYON21S_1_0774,OtsLYON21S_1_0440,OtsLYON21S_1,4,FALL,1,LFSO,blw
OtsLGRF25S,OtsLGRF25S_5851,C-05851,9/21/2025,F,750,AI,NA,3DD.003D7F72AD,NA,F,OtsNPFH21S_1_1635,OtsNPFH21S_1_1554,OtsNPFH21S_1,4,FALL,1,LGA,Abv
OtsLGRF25S,OtsLGRF25S_5853,C-05853,9/21/2025,M,680,AI,NA,NA,NA,M,NA,NA,Unassigned,NA,FALL,1,NA,Abv
OtsLGRF25S,OtsLGRF25S_5855,C-05855,9/21/2025,F,620,AD,1,NA,NA,M,OtsLYON22S_1_0022,OtsLYON22S_1_1059,OtsLYON22S_1,3,FALL,1,PLA1,Abv
OtsLGRF25S,OtsLGRF25S_5857,C-05857,9/22/2025,F,730,AD,1,3DD.003D7F72C4,NA,F,OtsLYON21S_1_0755,OtsLYON21S_1_0399,OtsLYON21S_1,4,FALL,1,CJA1,Abv
OtsLGRF25S,OtsLGRF25S_5859,C-05859,9/22/2025,M,650,AI,NA,NA,NA,M,NA,NA,Unassigned,NA,FALL,1,NA,Abv
OtsLGRF25S,OtsLGRF25S_5861,C-05861,9/22/2025,F,710,AI,NA,3DD.003D7F72E6,NA,F,NA,NA,Unassigned,NA,FALL,1,NA,Abv
OtsLGRF25S,OtsLGRF25S_5863,C-05863,9/22/2025,F,690,AI,NA,NA,NA,F,NA,NA,Unassigned,NA,FALL,1,NA,Abv
OtsLGRF25S,OtsLGRF25S_5865,C-05865,9/22/2025,M,640,AD,NA,NA,NA,M,OtsPBT22-PRHFa-2311,OtsPBT22-PRHFa-2650,OtsPBT22-PRHFa,3,FALL,1,PRFH,blw
OtsLGRF25S,OtsLGRF25S_5867,C-05867,9/22/2025,F,680,AI,NA,NA,NA,F,NA,NA,Unassigned,NA,FALL,1,NA,Abv
OtsLGRF25S,OtsLGRF25S_5869,C-05869,9/22/2025,F,700,AI,NA,3DD.003D7F72F7,NA,F,OtsLYON21S_1_0609,OtsLYON21S_1_0014,OtsLYON21S_1,4,FALL,1,PLA1,Abv
OtsLGRF25S,OtsLGRF25S_5871,C-05871,9/22/2025,F,780,AI,NA,3DD.003D7F72B7,NA,F,NA,NA,Unassigned,NA,FALL,1,NA,Abv
OtsLGRF25S,OtsLGRF25S_5873,C-05873,9/22/2025,M,680,AD,1,NA,NA,M,OtsPBT21-LWSFa-6313,OtsPBT21-LWSFa-6101,OtsPBT21-LWSFa,4,FALL,1,LWSH,blw
OtsLGRF25S,OtsLGRF25S_5875,C-05875,9/22/2025,M,420,AD,1,NA,NA,M,OtsLYON23S_1_0379,OtsLYON23S_1_3245,OtsLYON23S_1,2,FALL,1,BCA2,Abv
OtsLGRF25S,OtsLGRF25S_5877,C-05877,9/22/2025,M,580,AD,1,NA,NA,M,NA,NA,Unassigned,NA,FALL,1,NA,Abv
OtsLGRF25S,OtsLGRF25S_5879,C-05879,9/22/2025,F,800,AD,1,3DD.003D7F72F1,NA,F,OtsLYON21S_1_0789,OtsLYON21S_1_0475,OtsLYON21S_1,4,FALL,1,LFSO,blw
OtsLGRF25S,OtsLGRF25S_5881,C-05881,9/22/2025,M,700,AI,NA,3DD.003D7F729E,NA,M,OtsLYON22S_1_0389,OtsLYON22S_1_4161,OtsLYON22S_1,3,FALL,1,IPCSR,Abv
OtsLGRF25S,OtsLGRF25S_5883,C-05883,9/22/2025,F,640,AD,1,NA,This sample is a duplicate with OtsLGRF25S_6641.,F,OtsLYON22S_1_0029,OtsLYON22S_1_2011,OtsLYON22S_1,3,FALL,1,PLA1,Abv
OtsLGRF25S,OtsLGRF25S_5885,C-05885,9/22/2025,M,670,AD,1,NA,NA,M,OtsLYON22S_1_0187,OtsLYON22S_1_3097,OtsLYON22S_1,3,FALL,1,LFSO,blw
OtsLGRF25S,OtsLGRF25S_5887,C-05887,9/22/2025,M,650,AI,NA,NA,NA,M,OtsLYON22S_1_0124,OtsLYON22S_1_2203,OtsLYON22S_1,3,FALL,1,CJA1,Abv
OtsLGRF25S,OtsLGRF25S_5889,C-05889,9/22/2025,M,500,AD,1,NA,NA,M,OtsLYON22S_1_0404,OtsLYON22S_1_4184,OtsLYON22S_1,3,FALL,1,IPCSR,Abv
OtsLGRF25S,OtsLGRF25S_5891,C-05891,9/22/2025,F,670,AD,1,NA,NA,F,OtsLYON22S_1_0186,OtsLYON22S_1_3117,OtsLYON22S_1,3,FALL,1,LFSO,blw
OtsLGRF25S,OtsLGRF25S_5893,C-05893,9/22/2025,M,670,AD,1,NA,NA,M,OtsLYON22S_1_0011,OtsLYON22S_1_1030,OtsLYON22S_1,3,FALL,1,PLA1,Abv
OtsLGRF25S,OtsLGRF25S_5895,C-05895,9/22/2025,F,680,AI,NA,NA,NA,F,OtsLYON22S_1_0242,OtsLYON22S_1_3220,OtsLYON22S_1,3,FALL,1,LFSO,blw
OtsLGRF25S,OtsLGRF25S_5897,C-05897,9/22/2025,F,870,AI,NA,3DD.003D7F72DD,NA,F,OtsNPFH20S_1_0661,OtsNPFH20S_1_0623,OtsNPFH20S_1,5,FALL,1,NLVA,Abv
OtsLGRF25S,OtsLGRF25S_5899,C-05899,9/22/2025,M,670,AD,1,NA,NA,M,OtsNPFH22S_1_0324,OtsNPFH22S_1_0238,OtsNPFH22S_1,3,FALL,1,NLVA,Abv
OtsLGRF25S,OtsLGRF25S_5901,C-05901,9/22/2025,F,730,AD,1,3DD.003D7F72C3,NA,F,OtsLYON20S_1_1442,OtsLYON20S_1_1235,OtsLYON20S_1,5,FALL,1,LFYO,blw
OtsLGRF25S,OtsLGRF25S_5903,C-05903,9/22/2025,M,700,AI,NA,3DD.003D7F72BE,NA,M,OtsPBT21-PRHFa-0344,OtsPBT21-PRHFa-0509,OtsPBT21-PRHFa,4,FALL,1,PRFH,blw
OtsLGRF25S,OtsLGRF25S_5905,C-05905,9/22/2025,F,680,AI,NA,NA,NA,M,OtsNPFH22S_1_0666,OtsNPFH22S_1_0618,OtsNPFH22S_1,3,FALL,1,NPTH,Abv
OtsLGRF25S,OtsLGRF25S_5907,C-05907,9/22/2025,M,560,AI,NA,NA,NA,M,OtsLYON22S_1_0596,OtsLYON22S_1_5141,OtsLYON22S_1,3,FALL,1,LFSO,blw
OtsLGRF25S,OtsLGRF25S_5909,C-05909,9/22/2025,F,790,AI,NA,3DD.003D7F729F,NA,F,OtsLYON21S_1_0914,OtsLYON21S_1_1978,OtsLYON21S_1,4,FALL,1,IPCSR,Abv
OtsLGRF25S,OtsLGRF25S_5911,C-05911,9/22/2025,M,710,AI,NA,3DD.003D7F72E1,NA,M,NA,NA,Unassigned,NA,FALL,1,NA,Abv
OtsLGRF25S,OtsLGRF25S_5913,C-05913,9/22/2025,M,700,AI,NA,3DD.003D7F729C,NA,F,OtsLYON22S_1_0366,OtsLYON22S_1_4084,OtsLYON22S_1,3,FALL,1,IPCSR,Abv
OtsLGRF25S,OtsLGRF25S_5915,C-05915,9/22/2025,M,620,AD,1,NA,NA,M,OtsLYON22S_1_0491,OtsLYON22S_1_4308,OtsLYON22S_1,3,FALL,1,GRR,Abv
OtsLGRF25S,OtsLGRF25S_5917,C-05917,9/22/2025,F,840,AD,1,3DD.003D7F72BD,NA,F,OtsLYON20S_1_1370,OtsLYON20S_1_0929,OtsLYON20S_1,5,FALL,1,BCA2,Abv
OtsLGRF25S,OtsLGRF25S_5919,C-05919,9/22/2025,M,700,AD,1,3DD.003D7F72EB,NA,M,OtsLYON22S_1_0470,OtsLYON22S_1_4263,OtsLYON22S_1,3,FALL,1,IPCSR,Abv
OtsLGRF25S,OtsLGRF25S_5921,C-05921,9/22/2025,M,670,AD,1,NA,NA,M,OtsLYON21S_1_0622,OtsLYON21S_1_0043,OtsLYON21S_1,4,FALL,1,PLA1,Abv
OtsLGRF25S,OtsLGRF25S_5923,C-05923,9/22/2025,F,650,AI,NA,NA,NA,F,OtsLYON22S_1_0411,OtsLYON22S_1_4181,OtsLYON22S_1,3,FALL,1,IPCSR,Abv
OtsLGRF25S,OtsLGRF25S_5925,C-05925,9/22/2025,F,760,AI,NA,3DD.003D7F72E5,NA,F,OtsLYON21S_1_0705,OtsLYON21S_1_0294,OtsLYON21S_1,4,FALL,1,CJA1,Abv
OtsLGRF25S,OtsLGRF25S_5927,C-05927,9/22/2025,M,660,AI,NA,NA,NA,M,NA,NA,Unassigned,NA,FALL,1,NA,Abv
OtsLGRF25S,OtsLGRF25S_5929,C-05929,9/22/2025,M,620,AI,NA,NA,NA,M,OtsLYON22S_1_0107,OtsLYON22S_1_2162,OtsLYON22S_1,3,FALL,1,BCA1,Abv
OtsLGRF25S,OtsLGRF25S_5931,C-05931,9/22/2025,M,560,AD,1,NA,NA,M,OtsLYON22S_1_0517,OtsLYON22S_1_4372,OtsLYON22S_1,3,FALL,1,CJA1,Abv
OtsLGRF25S,OtsLGRF25S_5933,C-05933,9/22/2025,M,670,AI,NA,NA,NA,F,OtsLYON22S_1_0430,OtsLYON22S_1_4214,OtsLYON22S_1,3,FALL,1,IPCSR,Abv
OtsLGRF25S,OtsLGRF25S_5935,C-05935,9/22/2025,M,650,AD,1,NA,NA,F,OtsLYON22S_1_0184,OtsLYON22S_1_3133,OtsLYON22S_1,3,FALL,1,LFSO,blw
OtsLGRF25S,OtsLGRF25S_5937,C-05937,9/22/2025,F,770,AD,1,3DD.003D7F72BF,NA,F,OtsLYON21S_1_0791,OtsLYON21S_1_0497,OtsLYON21S_1,4,FALL,1,LFSO,blw
OtsLGRF25S,OtsLGRF25S_5939,C-05939,9/22/2025,F,720,AI,NA,3DD.003D7F72E4,NA,F,OtsLYON21S_1_0752,OtsLYON21S_1_0386,OtsLYON21S_1,4,FALL,1,CJA1,Abv
OtsLGRF25S,OtsLGRF25S_5941,C-05941,9/22/2025,F,750,AD,1,3DD.003D7F72F8,NA,F,OtsLYON20S_1_1454,OtsLYON20S_1_1248,OtsLYON20S_1,5,FALL,1,LFYO,blw
OtsLGRF25S,OtsLGRF25S_5943,C-05943,9/22/2025,M,650,AD,1,NA,NA,M,OtsLYON22S_1_0090,OtsLYON22S_1_2124,OtsLYON22S_1,3,FALL,1,BCA1,Abv
OtsLGRF25S,OtsLGRF25S_5945,C-05945,9/22/2025,M,640,AI,NA,NA,NA,M,OtsLYON22S_1_0337,OtsLYON22S_1_4002,OtsLYON22S_1,3,FALL,1,IPCSR,Abv
OtsLGRF25S,OtsLGRF25S_5947,C-05947,9/22/2025,F,680,AD,1,NA,NA,F,OtsLYON21S_1_0790,OtsLYON21S_1_0484,OtsLYON21S_1,4,FALL,1,LFSO,blw
OtsLGRF25S,OtsLGRF25S_5949,C-05949,9/22/2025,M,630,AD,1,NA,NA,M,OtsNPFH22S_1_0565,OtsNPFH22S_1_0524,OtsNPFH22S_1,3,FALL,1,CFA,Abv
OtsLGRF25S,OtsLGRF25S_5951,C-05951,9/22/2025,M,470,AD,1,NA,NA,M,OtsLYON23S_1_0272,OtsLYON23S_1_3048,OtsLYON23S_1,2,FALL,1,LFSO,blw
OtsLGRF25S,OtsLGRF25S_5953,C-05953,9/22/2025,F,880,AI,NA,3DD.003D7F72A3,NA,F,NA,NA,Unassigned,NA,FALL,1,NA,Abv
OtsLGRF25S,OtsLGRF25S_5955,C-05955,9/22/2025,F,620,AI,NA,NA,NA,F,OtsLYON22S_1_0483,OtsLYON22S_1_4285,OtsLYON22S_1,3,FALL,1,IPCSR,Abv
OtsLGRF25S,OtsLGRF25S_5957,C-05957,9/22/2025,F,700,AI,NA,3DD.003D7F72EA,NA,F,OtsLYON22S_1_0308,OtsLYON22S_1_3372,OtsLYON22S_1,3,FALL,1,PLA2,Abv
OtsLGRF25S,OtsLGRF25S_5959,C-05959,9/22/2025,F,700,AD,1,3DD.003D7F72AC,NA,F,OtsLYON21S_1_0940,OtsLYON21S_1_1752,OtsLYON21S_1,4,FALL,1,IPCSR,Abv
OtsLGRF25S,OtsLGRF25S_5961,C-05961,9/22/2025,M,680,AI,NA,3DD.003E274CB3,This sample is a duplicate with OtsLGRF25S_6301.,M,OtsLYON22S_1_0177,OtsLYON22S_1_3063,OtsLYON22S_1,3,FALL,1,CJA1,Abv
OtsLGRF25S,OtsLGRF25S_5963,C-05963,9/22/2025,M,620,AI,NA,NA,NA,M,OtsLYON21S_1_0815,OtsLYON21S_1_1646,OtsLYON21S_1,4,FALL,1,LFSO,blw
OtsLGRF25S,OtsLGRF25S_5965,C-05965,9/22/2025,M,530,AD,NA,NA,NA,M,OtsPBT22-PRHFa-5633,OtsPBT22-PRHFa-5785,OtsPBT22-PRHFa,3,FALL,1,PRFH,blw
OtsLGRF25S,OtsLGRF25S_5967,C-05967,9/22/2025,F,670,AD,1,NA,NA,F,OtsLYON21S_1_1056,OtsLYON21S_1_1259,OtsLYON21S_1,4,FALL,1,LFYO,blw
OtsLGRF25S,OtsLGRF25S_5969,C-05969,9/22/2025,M,680,AD,1,NA,NA,M,OtsLYON22S_1_0399,OtsLYON22S_1_4146,OtsLYON22S_1,3,FALL,1,IPCSR,Abv
OtsLGRF25S,OtsLGRF25S_5971,C-05971,9/22/2025,F,760,AD,NA,3DD.003D7F72CC,NA,F,OtsPBT20-RSHFa-1313,OtsPBT20-RSHFa-1202,OtsPBT20-RSHFa,5,FALL,1,RSFH,blw
OtsLGRF25S,OtsLGRF25S_5973,C-05973,9/22/2025,M,650,AD,1,NA,NA,M,OtsLYON22S_1_0272,OtsLYON22S_1_3330,OtsLYON22S_1,3,FALL,1,BCA2,Abv
OtsLGRF25S,OtsLGRF25S_5975,C-05975,9/22/2025,M,650,AI,NA,NA,NA,M,NA,NA,Unassigned,NA,FALL,1,NA,Abv
OtsLGRF25S,OtsLGRF25S_5977,C-05977,9/22/2025,F,730,AD,1,3DD.003D7F72BB,NA,F,OtsLYON21S_1_1004,OtsLYON21S_1_0563,OtsLYON21S_1,4,FALL,1,LFYO,blw
OtsLGRF25S,OtsLGRF25S_5979,C-05979,9/22/2025,M,470,AI,NA,NA,NA,M,OtsLYON23S_1_0285,OtsLYON23S_1_3068,OtsLYON23S_1,2,FALL,1,LFSO,blw
OtsLGRF25S,OtsLGRF25S_5981,C-05981,9/22/2025,M,920,AD,1,3DD.003D7F72EF,NA,M,OtsLYON21S_1_0778,OtsLYON21S_1_0460,OtsLYON21S_1,4,FALL,1,LFSO,blw
OtsLGRF25S,OtsLGRF25S_5983,C-05983,9/22/2025,M,770,AD,1,3DD.003D7F72A1,NA,M,OtsLYON21S_1_0785,OtsLYON21S_1_0453,OtsLYON21S_1,4,FALL,1,LFSO,blw
OtsLGRF25S,OtsLGRF25S_5985,C-05985,9/22/2025,F,760,AD,NA,3DD.003D7F72C0,NA,F,OtsNPFH21S_1_1141,OtsNPFH21S_1_1469,OtsNPFH21S_1,4,FALL,1,NLVA,Abv
OtsLGRF25S,OtsLGRF25S_5987,C-05987,9/22/2025,M,720,AD,1,3DD.003D7F72DC,NA,M,OtsLYON22S_1_0081,OtsLYON22S_1_2121,OtsLYON22S_1,3,FALL,1,BCA1,Abv
OtsLGRF25S,OtsLGRF25S_5989,C-05989,9/22/2025,M,620,AD,1,NA,NA,M,OtsLYON22S_1_0258,OtsLYON22S_1_3262,OtsLYON22S_1,3,FALL,1,CJA2,Abv
OtsLGRF25S,OtsLGRF25S_5991,C-05991,9/22/2025,F,660,AI,NA,NA,NA,M,OtsLYON21S_1_0757,OtsLYON21S_1_0395,OtsLYON21S_1,4,FALL,1,CJA1,Abv
OtsLGRF25S,OtsLGRF25S_5993,C-05993,9/22/2025,F,660,AI,1,NA,NA,F,OtsPBT22-PRHFa-0533,OtsPBT22-PRHFa-0661,OtsPBT22-PRHFa,3,FALL,1,PRFH,blw
OtsLGRF25S,OtsLGRF25S_5995,C-05995,9/22/2025,F,730,AI,NA,3DD.003D7F72F6,NA,F,OtsLYON21S_1_0930,OtsLYON21S_1_1716,OtsLYON21S_1,4,FALL,1,IPCSR,Abv
OtsLGRF25S,OtsLGRF25S_5997,C-05997,9/22/2025,F,730,AD,1,3DD.003D7F72D7,NA,F,OtsLYON21S_1_0921,OtsLYON21S_1_1707,OtsLYON21S_1,4,FALL,1,IPCSR,Abv
OtsLGRF25S,OtsLGRF25S_5999,C-05999,9/22/2025,M,660,AI,NA,NA,NA,M,NA,NA,Unassigned,NA,FALL,1,NA,Abv
OtsLGRF25S,OtsLGRF25S_6001,C-06001,9/22/2025,M,640,AI,NA,NA,NA,M,NA,NA,Unassigned,NA,FALL,1,NA,Abv
OtsLGRF25S,OtsLGRF25S_6003,C-06003,9/22/2025,M,620,AI,NA,NA,NA,M,OtsLYON22S_1_0136,OtsLYON22S_1_3016,OtsLYON22S_1,3,FALL,1,CJA1,Abv
OtsLGRF25S,OtsLGRF25S_6005,C-06005,9/22/2025,F,810,AI,NA,3DD.003D7F72D3,NA,M,NA,NA,Unassigned,NA,FALL,1,NA,Abv
OtsLGRF25S,OtsLGRF25S_6007,C-06007,9/22/2025,M,690,AI,NA,NA,NA,M,NA,NA,Unassigned,NA,FALL,1,NA,Abv
OtsLGRF25S,OtsLGRF25S_6009,C-06009,9/22/2025,F,680,AI,NA,NA,NA,F,NA,NA,Unassigned,NA,FALL,1,NA,Abv
OtsLGRF25S,OtsLGRF25S_6011,C-06011,9/22/2025,M,460,AD,1,NA,NA,M,OtsLYON23S_1_0342,OtsLYON23S_1_3176,OtsLYON23S_1,2,FALL,1,CJA2,Abv
OtsLGRF25S,OtsLGRF25S_6013,C-06013,9/22/2025,M,760,AI,NA,3DD.003D7F72DE,NA,M,OtsLYON20S_1_0283,OtsLYON20S_1_1032,OtsLYON20S_1,5,FALL,1,CJA1,Abv
OtsLGRF25S,OtsLGRF25S_6015,C-06015,9/22/2025,F,770,AD,1,3DD.003D7F72E7,NA,F,OtsLYON21S_1_0737,OtsLYON21S_1_0350,OtsLYON21S_1,4,FALL,1,CJA1,Abv
OtsLGRF25S,OtsLGRF25S_6017,C-06017,9/22/2025,F,690,AD,1,NA,NA,F,OtsLYON21S_1_0721,OtsLYON21S_1_0305,OtsLYON21S_1,4,FALL,1,CJA1,Abv
OtsLGRF25S,OtsLGRF25S_6019,C-06019,9/22/2025,M,640,AD,1,NA,NA,M,OtsLYON22S_1_0146,OtsLYON22S_1_3013,OtsLYON22S_1,3,FALL,1,CJA1,Abv
OtsLGRF25S,OtsLGRF25S_6021,C-06021,9/22/2025,F,610,AI,NA,NA,NA,F,OtsLYON22S_1_0595,OtsLYON22S_1_5122,OtsLYON22S_1,3,FALL,1,LFSO,blw
OtsLGRF25S,OtsLGRF25S_6023,C-06023,9/22/2025,F,720,AI,NA,3DD.003D7F72EC,NA,F,OtsLYON21S_1_0649,OtsLYON21S_1_0094,OtsLYON21S_1,4,FALL,1,PLA1,Abv
OtsLGRF25S,OtsLGRF25S_6025,C-06025,9/22/2025,F,800,AI,NA,3DD.003D7F72B0,NA,F,NA,NA,Unassigned,NA,FALL,1,NA,Abv
OtsLGRF25S,OtsLGRF25S_6027,C-06027,9/22/2025,M,560,AI,NA,NA,NA,F,OtsLYON20S_1_0289,OtsLYON20S_1_1018,OtsLYON20S_1,5,FALL,1,BCA1,Abv
OtsLGRF25S,OtsLGRF25S_6029,C-06029,9/22/2025,M,460,AI,NA,NA,NA,M,OtsLYON23S_1_0526,OtsLYON23S_1_4194,OtsLYON23S_1,2,FALL,1,IPCSR,Abv
OtsLGRF25S,OtsLGRF25S_6031,C-06031,9/22/2025,M,590,AI,NA,NA,NA,M,NA,NA,Unassigned,NA,FALL,1,NA,Abv
OtsLGRF25S,OtsLGRF25S_6033,C-06033,9/22/2025,M,680,AD,1,NA,NA,M,OtsLYON21S_1_1146,OtsLYON21S_1_1411,OtsLYON21S_1,4,FALL,1,LFYO,blw
OtsLGRF25S,OtsLGRF25S_6035,C-06035,9/22/2025,M,590,AI,NA,NA,NA,M,OtsLYON22S_1_0027,OtsLYON22S_1_2005,OtsLYON22S_1,3,FALL,1,PLA1,Abv
OtsLGRF25S,OtsLGRF25S_6037,C-06037,9/22/2025,M,520,AD,1,NA,NA,M,OtsLYON23S_1_0698,OtsLYON23S_1_5128,OtsLYON23S_1,2,FALL,1,GRR,Abv
OtsLGRF25S,OtsLGRF25S_6039,C-06039,9/22/2025,F,660,AI,NA,NA,NA,F,OtsLYON22S_1_0364,OtsLYON22S_1_4055,OtsLYON22S_1,3,FALL,1,IPCSR,Abv
OtsLGRF25S,OtsLGRF25S_6041,C-06041,9/22/2025,F,790,AI,NA,3DD.003D7F72D0,NA,F,NA,NA,Unassigned,NA,FALL,1,NA,Abv
OtsLGRF25S,OtsLGRF25S_6043,C-06043,9/22/2025,M,680,AI,NA,NA,NA,M,OtsLYON22S_1_0173,OtsLYON22S_1_3060,OtsLYON22S_1,3,FALL,1,CJA1,Abv
OtsLGRF25S,OtsLGRF25S_6045,C-06045,9/22/2025,F,660,AI,NA,NA,NA,F,OtsLYON22S_1_0348,OtsLYON22S_1_4012,OtsLYON22S_1,3,FALL,1,IPCSR,Abv
OtsLGRF25S,OtsLGRF25S_6047,C-06047,9/22/2025,F,690,AD,1,NA,NA,F,OtsLYON20S_1_0668,OtsLYON20S_1_0783,OtsLYON20S_1,5,FALL,1,CJA2,Abv
OtsLGRF25S,OtsLGRF25S_6049,C-06049,9/22/2025,M,600,AD,1,NA,NA,M,OtsLYON22S_1_0414,OtsLYON22S_1_4193,OtsLYON22S_1,3,FALL,1,IPCSR,Abv
OtsLGRF25S,OtsLGRF25S_6051,C-06051,9/22/2025,F,770,AI,NA,3DD.003D7F72A4,NA,F,OtsLYON21S_1_1164,OtsLYON21S_1_2323,OtsLYON21S_1,4,FALL,1,IPCSR,Abv
OtsLGRF25S,OtsLGRF25S_6053,C-06053,9/22/2025,M,660,AI,NA,NA,NA,M,NA,NA,Unassigned,NA,FALL,1,NA,Abv
OtsLGRF25S,OtsLGRF25S_6055,C-06055,9/22/2025,F,690,AI,NA,NA,NA,F,OtsLYON22S_1_0582,OtsLYON22S_1_5121,OtsLYON22S_1,3,FALL,1,LFSO,blw
OtsLGRF25S,OtsLGRF25S_6057,C-06057,9/23/2025,F,720,AD,1,3DD.003D7F66E5,NA,F,OtsLYON20S_1_1421,OtsLYON20S_1_1207,OtsLYON20S_1,5,FALL,1,LFYO,blw
OtsLGRF25S,OtsLGRF25S_6059,C-06059,9/23/2025,F,810,AD,1,3DD.003D7F6723,NA,F,OtsLYON21S_1_1105,OtsLYON21S_1_1324,OtsLYON21S_1,4,FALL,1,LFYO,blw
OtsLGRF25S,OtsLGRF25S_6061,C-06061,9/23/2025,F,740,AI,NA,3DD.003D7F6732,NA,F,NA,NA,Unassigned,NA,FALL,1,NA,Abv
OtsLGRF25S,OtsLGRF25S_6063,C-06063,9/23/2025,M,710,AI,NA,3DD.003D7F673C,NA,M,OtsLYON22S_1_0117,OtsLYON22S_1_2195,OtsLYON22S_1,3,FALL,1,CJA1,Abv
OtsLGRF25S,OtsLGRF25S_6065,C-06065,9/23/2025,F,680,AI,NA,NA,NA,M,OtsLYON22S_1_0107,OtsLYON22S_1_2163,OtsLYON22S_1,3,FALL,1,BCA1,Abv
OtsLGRF25S,OtsLGRF25S_6067,C-06067,9/23/2025,M,640,AI,NA,NA,NA,M,OtsLYON22S_1_0145,OtsLYON22S_1_3020,OtsLYON22S_1,3,FALL,1,CJA1,Abv
OtsLGRF25S,OtsLGRF25S_6069,C-06069,9/23/2025,F,600,AI,NA,NA,NA,M,OtsLYON22S_1_0469,OtsLYON22S_1_4288,OtsLYON22S_1,3,FALL,1,IPCSR,Abv
OtsLGRF25S,OtsLGRF25S_6071,C-06071,9/23/2025,F,700,AD,1,3DD.003D7F6708,NA,F,OtsLYON21S_1_1145,OtsLYON21S_1_1409,OtsLYON21S_1,4,FALL,1,LFYO,blw
OtsLGRF25S,OtsLGRF25S_6073,C-06073,9/23/2025,F,680,AD,1,NA,NA,F,OtsLYON21S_1_1005,OtsLYON21S_1_0550,OtsLYON21S_1,4,FALL,1,LFYO,blw
OtsLGRF25S,OtsLGRF25S_6075,C-06075,9/23/2025,M,670,AI,NA,NA,NA,M,OtsLYON22S_1_0394,OtsLYON22S_1_4122,OtsLYON22S_1,3,FALL,1,IPCSR,Abv
OtsLGRF25S,OtsLGRF25S_6077,C-06077,9/23/2025,M,710,AI,NA,3DD.003D7F66DE,NA,M,OtsPBT21-LWSFa-5329,OtsPBT21-LWSFa-5460,OtsPBT21-LWSFa,4,FALL,1,LWSH,blw
OtsLGRF25S,OtsLGRF25S_6079,C-06079,9/23/2025,F,680,AD,1,NA,NA,F,OtsLYON21S_1_1104,OtsLYON21S_1_1340,OtsLYON21S_1,4,FALL,1,LFYO,blw
OtsLGRF25S,OtsLGRF25S_6081,C-06081,9/23/2025,M,680,AI,NA,NA,NA,M,OtsLYON22S_1_0392,OtsLYON22S_1_4154,OtsLYON22S_1,3,FALL,1,IPCSR,Abv
OtsLGRF25S,OtsLGRF25S_6083,C-06083,9/23/2025,M,460,AI,NA,NA,NA,M,NA,NA,Unassigned,NA,FALL,1,NA,Abv
OtsLGRF25S,OtsLGRF25S_6085,C-06085,9/23/2025,F,830,AD,1,3DD.003D7F66EB,NA,F,OtsLYON20S_1_0496,OtsLYON20S_1_0569,OtsLYON20S_1,5,FALL,1,LFSO,blw
OtsLGRF25S,OtsLGRF25S_6087,C-06087,9/23/2025,F,650,AD,1,NA,NA,F,OtsLYON20S_1_1426,OtsLYON20S_1_1209,OtsLYON20S_1,5,FALL,1,LFYO,blw
OtsLGRF25S,OtsLGRF25S_6089,C-06089,9/23/2025,F,760,AI,NA,3DD.003D7F673D,NA,F,OtsLYON21S_1_0933,OtsLYON21S_1_1746,OtsLYON21S_1,4,FALL,1,IPCSR,Abv
OtsLGRF25S,OtsLGRF25S_6091,C-06091,9/23/2025,M,710,AD,1,3DD.003D7F7299,NA,M,OtsLYON22S_1_0521,OtsLYON22S_1_4362,OtsLYON22S_1,3,FALL,1,GRR,Abv
OtsLGRF25S,OtsLGRF25S_6093,C-06093,9/23/2025,M,730,AD,1,3DD.003D7F72ED,NA,M,OtsLYON22S_1_0273,OtsLYON22S_1_3316,OtsLYON22S_1,3,FALL,1,BCA2,Abv
OtsLGRF25S,OtsLGRF25S_6095,C-06095,9/23/2025,M,640,AI,NA,NA,NA,M,NA,NA,Unassigned,NA,FALL,1,NA,Abv
OtsLGRF25S,OtsLGRF25S_6097,C-06097,9/23/2025,F,770,AD,1,3DD.003D7F72C7,NA,F,OtsLYON21S_1_0960,OtsLYON21S_1_2002,OtsLYON21S_1,4,FALL,1,IPCSR,Abv
OtsLGRF25S,OtsLGRF25S_6099,C-06099,9/23/2025,M,660,AD,1,NA,NA,M,OtsLYON22S_1_0295,OtsLYON22S_1_3337,OtsLYON22S_1,3,FALL,1,PLA2,Abv
OtsLGRF25S,OtsLGRF25S_6101,C-06101,9/23/2025,M,620,AI,NA,NA,NA,M,NA,NA,Unassigned,NA,FALL,1,NA,Abv
OtsLGRF25S,OtsLGRF25S_6103,C-06103,9/23/2025,M,700,AD,1,3DD.003D7F72BC,NA,M,OtsLYON21S_1_0740,OtsLYON21S_1_0355,OtsLYON21S_1,4,FALL,1,CJA1,Abv
OtsLGRF25S,OtsLGRF25S_6105,C-06105,9/23/2025,M,510,AI,NA,NA,NA,M,NA,NA,Unassigned,NA,FALL,1,NA,Abv
OtsLGRF25S,OtsLGRF25S_6107,C-06107,9/23/2025,F,680,AD,1,NA,NA,F,OtsLYON22S_1_0251,OtsLYON22S_1_3233,OtsLYON22S_1,3,FALL,1,CJA2,Abv
OtsLGRF25S,OtsLGRF25S_6109,C-06109,9/23/2025,F,700,AI,NA,3DD.003D7F66F3,NA,F,OtsNPFH22S_1_0333,OtsNPFH22S_1_0254,OtsNPFH22S_1,3,FALL,1,LGA,Abv
OtsLGRF25S,OtsLGRF25S_6111,C-06111,9/23/2025,M,690,AI,NA,NA,NA,M,OtsNPFH22S_1_0510,OtsNPFH22S_1_0455,OtsNPFH22S_1,3,FALL,1,NLVA,Abv
OtsLGRF25S,OtsLGRF25S_6113,C-06113,9/23/2025,M,640,AD,1,NA,This sample is a duplicate with OtsLGRF25S_6661.,M,OtsLYON22S_1_0414,OtsLYON22S_1_4194,OtsLYON22S_1,3,FALL,1,IPCSR,Abv
OtsLGRF25S,OtsLGRF25S_6115,C-06115,9/23/2025,M,620,AI,NA,NA,NA,M,OtsLYON22S_1_0354,OtsLYON22S_1_4081,OtsLYON22S_1,3,FALL,1,IPCSR,Abv
OtsLGRF25S,OtsLGRF25S_6117,C-06117,9/23/2025,M,640,AI,NA,NA,NA,M,OtsLYON22S_1_0367,OtsLYON22S_1_4074,OtsLYON22S_1,3,FALL,1,IPCSR,Abv
OtsLGRF25S,OtsLGRF25S_6119,C-06119,9/23/2025,F,830,AI,NA,3DD.003D7F6722,NA,M,NA,NA,Unassigned,NA,FALL,1,NA,Abv
OtsLGRF25S,OtsLGRF25S_6121,C-06121,9/23/2025,M,600,AI,NA,NA,NA,M,OtsPBT22-LWSFa-8566,OtsPBT22-LWSFa-8627,OtsPBT22-LWSFa,3,FALL,1,LWSH,blw
OtsLGRF25S,OtsLGRF25S_6123,C-06123,9/23/2025,F,680,AI,NA,NA,NA,F,OtsLYON22S_1_0365,OtsLYON22S_1_4064,OtsLYON22S_1,3,FALL,1,IPCSR,Abv
OtsLGRF25S,OtsLGRF25S_6125,C-06125,9/23/2025,F,640,AI,NA,NA,NA,M,OtsLYON22S_1_0059,OtsLYON22S_1_2068,OtsLYON22S_1,3,FALL,1,BCA1,Abv
OtsLGRF25S,OtsLGRF25S_6127,C-06127,9/23/2025,M,660,AD,1,NA,NA,M,OtsLYON21S_1_1142,OtsLYON21S_1_1377,OtsLYON21S_1,4,FALL,1,LFYO,blw
OtsLGRF25S,OtsLGRF25S_6129,C-06129,9/23/2025,M,580,AD,1,NA,NA,M,OtsLYON22S_1_0260,OtsLYON22S_1_3267,OtsLYON22S_1,3,FALL,1,CJA2,Abv
OtsLGRF25S,OtsLGRF25S_6131,C-06131,9/23/2025,M,720,AI,NA,3DD.003D7F66E8,NA,M,OtsLYON21S_1_0750,OtsLYON21S_1_0376,OtsLYON21S_1,4,FALL,1,CJA1,Abv
OtsLGRF25S,OtsLGRF25S_6133,C-06133,9/23/2025,F,660,AI,NA,NA,NA,F,OtsLYON22S_1_0159,OtsLYON22S_1_3053,OtsLYON22S_1,3,FALL,1,CJA1,Abv
OtsLGRF25S,OtsLGRF25S_6135,C-06135,9/23/2025,F,710,AD,1,3DD.003D7F671A,NA,F,OtsNPFH21S_1_1141,OtsNPFH21S_1_1471,OtsNPFH21S_1,4,FALL,1,NLVA,Abv
OtsLGRF25S,OtsLGRF25S_6137,C-06137,9/23/2025,F,690,AD,1,NA,NA,F,OtsLYON22S_1_0147,OtsLYON22S_1_3018,OtsLYON22S_1,3,FALL,1,CJA1,Abv
OtsLGRF25S,OtsLGRF25S_6139,C-06139,9/23/2025,F,780,AI,NA,3DD.003D7F670B,NA,F,OtsLYON21S_1_0775,OtsLYON21S_1_0441,OtsLYON21S_1,4,FALL,1,LFSO,blw
OtsLGRF25S,OtsLGRF25S_6141,C-06141,9/23/2025,M,710,AI,NA,3DD.003D7F66F2,NA,M,OtsLYON21S_1_0803,OtsLYON21S_1_1610,OtsLYON21S_1,4,FALL,1,LFSO,blw
OtsLGRF25S,OtsLGRF25S_6143,C-06143,9/23/2025,M,600,AI,NA,NA,NA,M,NA,NA,Unassigned,NA,FALL,1,NA,Abv
OtsLGRF25S,OtsLGRF25S_6145,C-06145,9/23/2025,M,620,AI,NA,NA,NA,F,OtsLYON22S_1_0417,OtsLYON22S_1_4203,OtsLYON22S_1,3,FALL,1,IPCSR,Abv
OtsLGRF25S,OtsLGRF25S_6147,C-06147,9/23/2025,M,420,AI,NA,NA,NA,M,OtsLYON23S_1_0036,OtsLYON23S_1_1078,OtsLYON23S_1,2,FALL,1,PLA1,Abv
OtsLGRF25S,OtsLGRF25S_6149,C-06149,9/23/2025,F,790,AI,NA,3DD.003D7F6740,NA,M,OtsLYON20S_1_0254,OtsLYON20S_1_0133,OtsLYON20S_1,5,FALL,1,BCA1,Abv
OtsLGRF25S,OtsLGRF25S_6151,C-06151,9/23/2025,F,690,AI,NA,NA,NA,F,OtsLYON21S_1_0704,OtsLYON21S_1_0273,OtsLYON21S_1,4,FALL,1,BCA1,Abv
OtsLGRF25S,OtsLGRF25S_6153,C-06153,9/23/2025,F,760,AD,1,3DD.003D7F671B,NA,F,OtsLYON21S_1_0743,OtsLYON21S_1_0362,OtsLYON21S_1,4,FALL,1,CJA1,Abv
OtsLGRF25S,OtsLGRF25S_6155,C-06155,9/23/2025,F,730,AD,1,3DD.003D7F6733,NA,F,OtsLYON21S_1_0930,OtsLYON21S_1_1716,OtsLYON21S_1,4,FALL,1,IPCSR,Abv
OtsLGRF25S,OtsLGRF25S_6157,C-06157,9/23/2025,F,840,AI,NA,3DD.003D7F6731,NA,F,NA,NA,Unassigned,NA,FALL,1,NA,Abv
OtsLGRF25S,OtsLGRF25S_6159,C-06159,9/23/2025,F,730,AD,1,3DD.003D7F670A,NA,F,OtsLYON20S_1_0479,OtsLYON20S_1_0517,OtsLYON20S_1,5,FALL,1,LFSO,blw
OtsLGRF25S,OtsLGRF25S_6161,C-06161,9/23/2025,F,680,AD,1,NA,NA,U,OtsNPFH22S_1_0321,OtsNPFH22S_1_0230,OtsNPFH22S_1,3,FALL,1,NLVA,Abv
OtsLGRF25S,OtsLGRF25S_6163,C-06163,9/23/2025,M,710,AI,NA,3DD.003D7F6735,NA,M,NA,NA,Unassigned,NA,FALL,1,NA,Abv
OtsLGRF25S,OtsLGRF25S_6165,C-06165,9/23/2025,F,640,AI,NA,NA,NA,F,OtsLYON22S_1_0383,OtsLYON22S_1_4104,OtsLYON22S_1,3,FALL,1,IPCSR,Abv
OtsLGRF25S,OtsLGRF25S_6167,C-06167,9/23/2025,M,440,AD,1,NA,NA,M,OtsLYON23S_1_0273,OtsLYON23S_1_3054,OtsLYON23S_1,2,FALL,1,LFSO,blw
OtsLGRF25S,OtsLGRF25S_6169,C-06169,9/23/2025,F,850,AI,NA,3DD.003D7F671D,NA,F,NA,NA,Unassigned,NA,FALL,1,NA,Abv
OtsLGRF25S,OtsLGRF25S_6171,C-06171,9/23/2025,F,800,AI,NA,3DD.003D7F6720,NA,F,OtsLYON21S_1_0755,OtsLYON21S_1_0397,OtsLYON21S_1,4,FALL,1,CJA1,Abv
OtsLGRF25S,OtsLGRF25S_6173,C-06173,9/23/2025,M,680,AI,NA,NA,NA,M,NA,NA,Unassigned,NA,FALL,1,NA,Abv
OtsLGRF25S,OtsLGRF25S_6175,C-06175,9/23/2025,F,610,AI,NA,NA,NA,F,NA,NA,Unassigned,NA,FALL,1,NA,Abv
OtsLGRF25S,OtsLGRF25S_6177,C-06177,9/23/2025,M,630,AD,1,NA,NA,M,OtsLYON22S_1_0299,OtsLYON22S_1_3351,OtsLYON22S_1,3,FALL,1,PLA2,Abv
OtsLGRF25S,OtsLGRF25S_6179,C-06179,9/23/2025,F,650,AD,1,NA,NA,M,OtsLYON22S_1_0142,OtsLYON22S_1_3024,OtsLYON22S_1,3,FALL,1,CJA1,Abv
OtsLGRF25S,OtsLGRF25S_6181,C-06181,9/23/2025,M,650,AD,1,NA,NA,M,OtsLYON22S_1_0256,OtsLYON22S_1_3256,OtsLYON22S_1,3,FALL,1,CJA2,Abv
OtsLGRF25S,OtsLGRF25S_6183,C-06183,9/24/2025,F,720,AI,NA,3DD.003D7F66FD,NA,M,NA,NA,Unassigned,NA,FALL,1,NA,Abv
OtsLGRF25S,OtsLGRF25S_6185,C-06185,9/24/2025,F,660,AI,NA,NA,NA,F,OtsLYON22S_1_0358,OtsLYON22S_1_4037,OtsLYON22S_1,3,FALL,1,IPCSR,Abv
OtsLGRF25S,OtsLGRF25S_6187,C-06187,9/24/2025,F,750,AI,NA,3DD.003D7F6700,NA,F,OtsNPFH21S_1_1651,OtsNPFH21S_1_1577,OtsNPFH21S_1,4,FALL,1,LGA,Abv
OtsLGRF25S,OtsLGRF25S_6189,C-06189,9/24/2025,F,710,AI,NA,3DD.003D7F6718,NA,F,OtsLYON22S_1_0585,OtsLYON22S_1_5112,OtsLYON22S_1,3,FALL,1,LFSO,blw
OtsLGRF25S,OtsLGRF25S_6191,C-06191,9/24/2025,M,730,AD,1,3DD.003D7F6702,NA,M,OtsLYON22S_1_0110,OtsLYON22S_1_2156,OtsLYON22S_1,3,FALL,1,BCA1,Abv
OtsLGRF25S,OtsLGRF25S_6193,C-06193,9/24/2025,M,770,AD,1,3DD.003D7F6707,NA,M,OtsLYON21S_1_0902,OtsLYON21S_1_1930,OtsLYON21S_1,4,FALL,1,PLA2,Abv
OtsLGRF25S,OtsLGRF25S_6195,C-06195,9/24/2025,F,650,AI,NA,NA,NA,F,OtsLYON22S_1_0187,OtsLYON22S_1_3097,OtsLYON22S_1,3,FALL,1,LFSO,blw
OtsLGRF25S,OtsLGRF25S_6197,C-06197,9/24/2025,M,680,AD,1,NA,NA,M,OtsLYON21S_1_0861,OtsLYON21S_1_1835,OtsLYON21S_1,4,FALL,1,BCA2,Abv
OtsLGRF25S,OtsLGRF25S_6199,C-06199,9/24/2025,F,800,AI,NA,3DD.003D7F6719,NA,F,NA,NA,Unassigned,NA,FALL,1,NA,Abv
OtsLGRF25S,OtsLGRF25S_6201,C-06201,9/24/2025,F,650,AI,NA,NA,NA,F,OtsLYON22S_1_0589,OtsLYON22S_1_5127,OtsLYON22S_1,3,FALL,1,LFSO,blw
OtsLGRF25S,OtsLGRF25S_6203,C-06203,9/24/2025,F,800,AI,NA,3DD.003D7F6738,NA,F,NA,NA,Unassigned,NA,FALL,1,NA,Abv
OtsLGRF25S,OtsLGRF25S_6205,C-06205,9/24/2025,F,670,AI,NA,NA,NA,F,OtsNPFH22S_1_0651,OtsNPFH22S_1_0598,OtsNPFH22S_1,3,FALL,1,NLVA,Abv
OtsLGRF25S,OtsLGRF25S_6207,C-06207,9/24/2025,F,740,AI,NA,3DD.003D7F6726,NA,F,OtsLYON21S_1_0732,OtsLYON21S_1_0334,OtsLYON21S_1,4,FALL,1,CJA1,Abv
OtsLGRF25S,OtsLGRF25S_6209,C-06209,9/24/2025,M,610,AI,NA,NA,NA,M,OtsLYON23S_1_0519,OtsLYON23S_1_4187,OtsLYON23S_1,2,FALL,1,IPCSR,Abv
OtsLGRF25S,OtsLGRF25S_6211,C-06211,9/24/2025,M,590,AI,NA,NA,NA,M,OtsLYON22S_1_0172,OtsLYON22S_1_3075,OtsLYON22S_1,3,FALL,1,CJA1,Abv
OtsLGRF25S,OtsLGRF25S_6213,C-06213,9/24/2025,M,700,AD,1,3DD.003D7F6711,NA,M,OtsLYON22S_1_0503,OtsLYON22S_1_4348,OtsLYON22S_1,3,FALL,1,GRR,Abv
OtsLGRF25S,OtsLGRF25S_6215,C-06215,9/24/2025,F,650,AI,NA,NA,NA,F,OtsLYON22S_1_0215,OtsLYON22S_1_3163,OtsLYON22S_1,3,FALL,1,LFSO,blw
OtsLGRF25S,OtsLGRF25S_6217,C-06217,9/24/2025,F,740,AI,NA,3DD.003D7F66E3,NA,F,OtsLYON20S_1_0277,OtsLYON20S_1_0183,OtsLYON20S_1,5,FALL,1,BCA1,Abv
OtsLGRF25S,OtsLGRF25S_6219,C-06219,9/24/2025,M,620,AD,1,NA,NA,M,OtsLYON22S_1_0317,OtsLYON22S_1_3398,OtsLYON22S_1,3,FALL,1,PLA2,Abv
OtsLGRF25S,OtsLGRF25S_6221,C-06221,9/24/2025,F,750,AD,1,3DD.003D7F673E,NA,M,OtsLYON20S_1_1815,OtsLYON20S_1_2019,OtsLYON20S_1,5,FALL,1,GRR,Abv
OtsLGRF25S,OtsLGRF25S_6223,C-06223,9/24/2025,M,690,AD,NA,NA,NA,M,OtsPBT21-LWSFa-6057,OtsPBT21-LWSFa-6101,OtsPBT21-LWSFa,4,FALL,1,LWSH,blw
OtsLGRF25S,OtsLGRF25S_6225,C-06225,9/24/2025,F,720,AD,1,3DD.003D7F6730,NA,F,OtsNPFH21S_1_1156,OtsNPFH21S_1_1496,OtsNPFH21S_1,4,FALL,1,NPTH,Abv
OtsLGRF25S,OtsLGRF25S_6227,C-06227,9/24/2025,F,630,AI,NA,NA,NA,M,OtsLYON22S_1_0337,OtsLYON22S_1_4002,OtsLYON22S_1,3,FALL,1,IPCSR,Abv
OtsLGRF25S,OtsLGRF25S_6229,C-06229,9/24/2025,M,600,AI,NA,NA,NA,M,OtsLYON22S_1_0584,OtsLYON22S_1_5103,OtsLYON22S_1,3,FALL,1,LFSO,blw
OtsLGRF25S,OtsLGRF25S_6231,C-06231,9/24/2025,F,740,AD,1,3DD.003D7F6701,NA,F,OtsNPFH21S_1_1132,OtsNPFH21S_1_1456,OtsNPFH21S_1,4,FALL,1,NLVA,Abv
OtsLGRF25S,OtsLGRF25S_6233,C-06233,9/24/2025,F,640,AI,NA,NA,NA,F,OtsLYON22S_1_0372,OtsLYON22S_1_4102,OtsLYON22S_1,3,FALL,1,IPCSR,Abv
OtsLGRF25S,OtsLGRF25S_6235,C-06235,9/24/2025,M,590,AD,1,NA,NA,M,OtsLYON22S_1_0568,OtsLYON22S_1_5094,OtsLYON22S_1,3,FALL,1,LFYO,blw
OtsLGRF25S,OtsLGRF25S_6237,C-06237,9/24/2025,F,670,AD,1,NA,NA,F,OtsLYON22S_1_0519,OtsLYON22S_1_4354,OtsLYON22S_1,3,FALL,1,GRR,Abv
OtsLGRF25S,OtsLGRF25S_6239,C-06239,9/24/2025,M,700,AI,NA,3DD.003D7F673A,NA,M,NA,NA,Unassigned,NA,FALL,1,NA,Abv
OtsLGRF25S,OtsLGRF25S_6241,C-06241,9/24/2025,M,700,AI,NA,3DD.003D7F66F7,NA,M,OtsLYON22S_1_0107,OtsLYON22S_1_2162,OtsLYON22S_1,3,FALL,1,BCA1,Abv
OtsLGRF25S,OtsLGRF25S_6243,C-06243,9/24/2025,F,660,AD,1,NA,NA,F,OtsLYON22S_1_0491,OtsLYON22S_1_4308,OtsLYON22S_1,3,FALL,1,GRR,Abv
OtsLGRF25S,OtsLGRF25S_6245,C-06245,9/24/2025,M,690,AD,1,NA,NA,M,OtsLYON22S_1_0091,OtsLYON22S_1_2125,OtsLYON22S_1,3,FALL,1,BCA1,Abv
OtsLGRF25S,OtsLGRF25S_6247,C-06247,9/24/2025,F,610,AD,1,NA,NA,F,OtsLYON22S_1_0063,OtsLYON22S_1_2082,OtsLYON22S_1,3,FALL,1,BCA1,Abv
OtsLGRF25S,OtsLGRF25S_6249,C-06249,9/24/2025,M,620,AD,1,NA,NA,M,OtsLYON22S_1_0217,OtsLYON22S_1_3171,OtsLYON22S_1,3,FALL,1,LFSO,blw
OtsLGRF25S,OtsLGRF25S_6251,C-06251,9/24/2025,M,500,AD,1,NA,NA,M,OtsLYON22S_1_0254,OtsLYON22S_1_3253,OtsLYON22S_1,3,FALL,1,CJA2,Abv
OtsLGRF25S,OtsLGRF25S_6253,C-06253,9/24/2025,M,620,AI,NA,NA,NA,M,OtsLYON22S_1_0059,OtsLYON22S_1_2068,OtsLYON22S_1,3,FALL,1,BCA1,Abv
OtsLGRF25S,OtsLGRF25S_6255,C-06255,9/24/2025,F,740,AI,NA,3DD.003D7F672F,NA,M,OtsLYON21S_1_0797,OtsLYON21S_1_1613,OtsLYON21S_1,4,FALL,1,LFSO,blw
OtsLGRF25S,OtsLGRF25S_6257,C-06257,9/24/2025,M,720,AD,1,3DD.003D7F6729,NA,M,OtsNPFH22S_1_0485,OtsNPFH22S_1_0426,OtsNPFH22S_1,3,FALL,1,LGA,Abv
OtsLGRF25S,OtsLGRF25S_6259,C-06259,9/24/2025,F,650,AI,NA,NA,NA,F,OtsLYON22S_1_0352,OtsLYON22S_1_4016,OtsLYON22S_1,3,FALL,1,IPCSR,Abv
OtsLGRF25S,OtsLGRF25S_6261,C-06261,9/24/2025,F,690,AD,1,NA,NA,F,OtsLYON20S_1_1413,OtsLYON20S_1_0987,OtsLYON20S_1,5,FALL,1,LFYO,blw
OtsLGRF25S,OtsLGRF25S_6263,C-06263,9/24/2025,F,770,AI,NA,3DD.0077CC9F6E,NA,F,NA,NA,Unassigned,NA,FALL,1,NA,Abv
OtsLGRF25S,OtsLGRF25S_6265,C-06265,9/24/2025,M,680,AI,NA,NA,NA,M,OtsLYON22S_1_0579,OtsLYON22S_1_5106,OtsLYON22S_1,3,FALL,1,LFSO,blw
OtsLGRF25S,OtsLGRF25S_6267,C-06267,9/24/2025,F,800,AD,1,3DD.0077B3E2B0,NA,F,NA,NA,Unassigned,NA,FALL,1,NA,Abv
OtsLGRF25S,OtsLGRF25S_6269,C-06269,9/24/2025,F,810,AI,NA,NA,NA,F,OtsLYON20S_1_0440,OtsLYON20S_1_1164,OtsLYON20S_1,5,FALL,1,LFSO,blw
OtsLGRF25S,OtsLGRF25S_6271,C-06271,9/24/2025,F,770,AD,1,3DD.0077B40CC3,NA,F,OtsLYON21S_1_0959,OtsLYON21S_1_2013,OtsLYON21S_1,4,FALL,1,IPCSR,Abv
OtsLGRF25S,OtsLGRF25S_6273,C-06273,9/24/2025,M,590,AI,NA,NA,NA,M,NA,NA,Unassigned,NA,FALL,1,NA,Abv
OtsLGRF25S,OtsLGRF25S_6275,C-06275,9/24/2025,F,720,AI,NA,3DD.0077B46605,NA,F,OtsLYON21S_1_0797,OtsLYON21S_1_1614,OtsLYON21S_1,4,FALL,1,LFSO,blw
OtsLGRF25S,OtsLGRF25S_6277,C-06277,9/24/2025,M,660,AI,1,NA,NA,M,OtsLYON22S_1_0096,OtsLYON22S_1_2136,OtsLYON22S_1,3,FALL,1,BCA1,Abv
OtsLGRF25S,OtsLGRF25S_6279,C-06279,9/24/2025,F,690,AI,NA,NA,NA,F,OtsLYON22S_1_0360,OtsLYON22S_1_4054,OtsLYON22S_1,3,FALL,1,IPCSR,Abv
OtsLGRF25S,OtsLGRF25S_6281,C-06281,9/24/2025,M,600,AI,NA,NA,NA,M,NA,NA,Unassigned,NA,FALL,1,NA,Abv
OtsLGRF25S,OtsLGRF25S_6283,C-06283,9/24/2025,F,720,AI,NA,3DD.003D7F66EC,NA,M,NA,NA,Unassigned,NA,FALL,1,NA,Abv
OtsLGRF25S,OtsLGRF25S_6285,C-06285,9/24/2025,F,800,AD,1,3DD.003D7F6709,NA,F,OtsLYON20S_1_1415,OtsLYON20S_1_0995,OtsLYON20S_1,5,FALL,1,LFYO,blw
OtsLGRF25S,OtsLGRF25S_6287,C-06287,9/24/2025,M,630,AI,NA,NA,NA,F,OtsLYON22S_1_0401,OtsLYON22S_1_4143,OtsLYON22S_1,3,FALL,1,IPCSR,Abv
OtsLGRF25S,OtsLGRF25S_6289,C-06289,9/24/2025,M,390,AD,1,NA,NA,M,OtsLYON23S_1_0461,OtsLYON23S_1_4057,OtsLYON23S_1,2,FALL,1,IPCSR,Abv
OtsLGRF25S,OtsLGRF25S_6291,C-06291,9/24/2025,M,700,AD,1,3DD.003D7F672D,NA,M,OtsLYON21S_1_1010,OtsLYON21S_1_0555,OtsLYON21S_1,4,FALL,1,LFYO,blw
OtsLGRF25S,OtsLGRF25S_6293,C-06293,9/24/2025,F,740,AD,1,3DD.003D7F6703,NA,F,OtsLYON21S_1_0875,OtsLYON21S_1_1861,OtsLYON21S_1,4,FALL,1,BCA2,Abv
OtsLGRF25S,OtsLGRF25S_6295,C-06295,9/24/2025,F,680,AD,1,NA,NA,F,OtsLYON21S_1_1123,OtsLYON21S_1_1385,OtsLYON21S_1,4,FALL,1,LFYO,blw
OtsLGRF25S,OtsLGRF25S_6297,C-06297,9/24/2025,M,690,AD,1,NA,NA,M,OtsLYON21S_1_1021,OtsLYON21S_1_0566,OtsLYON21S_1,4,FALL,1,LFYO,blw
OtsLGRF25S,OtsLGRF25S_6299,C-06299,9/24/2025,M,710,AI,NA,3DD.003D7F66DF,NA,M,NA,NA,Unassigned,NA,FALL,1,NA,Abv
OtsLGRF25S,OtsLGRF25S_6301,C-06301,9/24/2025,F,680,AI,NA,3DD.003E274CB3,This sample is a duplicate with OtsLGRF25S_5961.,M,OtsLYON22S_1_0177,OtsLYON22S_1_3063,OtsLYON22S_1,3,FALL,1,CJA1,Abv
OtsLGRF25S,OtsLGRF25S_6303,C-06303,9/24/2025,F,680,AD,1,NA,NA,M,OtsLYON22S_1_0011,OtsLYON22S_1_1030,OtsLYON22S_1,3,FALL,1,PLA1,Abv
OtsLGRF25S,OtsLGRF25S_6305,C-06305,9/24/2025,F,740,AI,NA,3DD.0077B54320,NA,M,NA,NA,Unassigned,NA,FALL,1,NA,Abv
OtsLGRF25S,OtsLGRF25S_6307,C-06307,9/24/2025,M,730,AD,1,3DD.0077CC6818,NA,M,OtsLYON21S_1_0893,OtsLYON21S_1_1905,OtsLYON21S_1,4,FALL,1,PLA2,Abv
OtsLGRF25S,OtsLGRF25S_6309,C-06309,9/24/2025,M,710,AI,NA,3DD.0077B3BD6D,NA,M,OtsLYON22S_1_0107,OtsLYON22S_1_2162,OtsLYON22S_1,3,FALL,1,BCA1,Abv
OtsLGRF25S,OtsLGRF25S_6311,C-06311,9/24/2025,F,810,AD,1,3DD.003D7F6716,NA,F,OtsLYON21S_1_0859,OtsLYON21S_1_1816,OtsLYON21S_1,4,FALL,1,CJA2,Abv
OtsLGRF25S,OtsLGRF25S_6313,C-06313,9/24/2025,F,670,AD,1,NA,NA,F,OtsLYON22S_1_0175,OtsLYON22S_1_3086,OtsLYON22S_1,3,FALL,1,LFSO,blw
OtsLGRF25S,OtsLGRF25S_6315,C-06315,9/24/2025,M,690,AI,NA,NA,NA,M,NA,NA,Unassigned,NA,FALL,1,NA,Abv
OtsLGRF25S,OtsLGRF25S_6317,C-06317,9/24/2025,F,710,AD,1,3DD.0077CCE16B,NA,F,OtsLYON21S_1_0976,OtsLYON21S_1_0526,OtsLYON21S_1,4,FALL,1,LFYO,blw
OtsLGRF25S,OtsLGRF25S_6319,C-06319,9/24/2025,M,620,AI,NA,NA,NA,M,OtsLYON22S_1_0178,OtsLYON22S_1_3066,OtsLYON22S_1,3,FALL,1,CJA1,Abv
OtsLGRF25S,OtsLGRF25S_6321,C-06321,9/24/2025,F,620,AD,1,NA,NA,F,OtsLYON22S_1_0256,OtsLYON22S_1_3254,OtsLYON22S_1,3,FALL,1,CJA2,Abv
OtsLGRF25S,OtsLGRF25S_6323,C-06323,9/24/2025,M,770,AI,NA,3DD.0077CCBDC1,NA,M,OtsLYON22S_1_0372,OtsLYON22S_1_4100,OtsLYON22S_1,3,FALL,1,IPCSR,Abv
OtsLGRF25S,OtsLGRF25S_6325,C-06325,9/24/2025,M,650,AD,1,NA,NA,F,OtsLYON22S_1_0403,OtsLYON22S_1_4173,OtsLYON22S_1,3,FALL,1,IPCSR,Abv
OtsLGRF25S,OtsLGRF25S_6327,C-06327,9/24/2025,M,650,AI,NA,NA,NA,F,OtsLYON22S_1_0349,OtsLYON22S_1_4036,OtsLYON22S_1,3,FALL,1,IPCSR,Abv
OtsLGRF25S,OtsLGRF25S_6329,C-06329,9/24/2025,F,610,AD,1,NA,NA,F,OtsNPFH22S_1_0322,OtsNPFH22S_1_0235,OtsNPFH22S_1,3,FALL,1,NLVA,Abv
OtsLGRF25S,OtsLGRF25S_6331,C-06331,9/24/2025,M,660,AI,NA,NA,NA,M,OtsNPFH21S_1_0512,OtsNPFH21S_1_0500,OtsNPFH21S_1,4,FALL,1,NPTH,Abv
OtsLGRF25S,OtsLGRF25S_6333,C-06333,9/24/2025,M,690,AI,NA,NA,NA,M,OtsLYON22S_1_0412,OtsLYON22S_1_4178,OtsLYON22S_1,3,FALL,1,IPCSR,Abv
OtsLGRF25S,OtsLGRF25S_6335,C-06335,9/24/2025,F,700,AD,1,3DD.0077B582C7,NA,F,OtsNPFH21S_1_1139,OtsNPFH21S_1_1467,OtsNPFH21S_1,4,FALL,1,NLVA,Abv
OtsLGRF25S,OtsLGRF25S_6337,C-06337,9/24/2025,F,690,AI,NA,NA,NA,F,NA,NA,Unassigned,NA,FALL,1,NA,Abv
OtsLGRF25S,OtsLGRF25S_6339,C-06339,9/24/2025,M,660,AI,NA,NA,NA,M,NA,NA,Unassigned,NA,FALL,1,NA,Abv
OtsLGRF25S,OtsLGRF25S_6341,C-06341,9/24/2025,M,650,AI,NA,NA,NA,M,OtsLYON22S_1_0353,OtsLYON22S_1_4070,OtsLYON22S_1,3,FALL,1,IPCSR,Abv
OtsLGRF25S,OtsLGRF25S_6343,C-06343,9/24/2025,F,660,AD,1,NA,NA,F,OtsLYON21S_1_1046,OtsLYON21S_1_1247,OtsLYON21S_1,4,FALL,1,LFYO,blw
OtsLGRF25S,OtsLGRF25S_6345,C-06345,9/24/2025,F,700,AI,NA,3DD.003D7F66EE,NA,F,OtsLYON22S_1_0137,OtsLYON22S_1_3019,OtsLYON22S_1,3,FALL,1,CJA1,Abv
OtsLGRF25S,OtsLGRF25S_6347,C-06347,9/24/2025,F,620,AI,NA,NA,NA,F,OtsLYON22S_1_0397,OtsLYON22S_1_4139,OtsLYON22S_1,3,FALL,1,IPCSR,Abv
OtsLGRF25S,OtsLGRF25S_6349,C-06349,9/24/2025,F,770,AI,NA,3DD.0077B4197F,NA,F,NA,NA,Unassigned,NA,FALL,1,NA,Abv
OtsLGRF25S,OtsLGRF25S_6351,C-06351,9/24/2025,M,720,AI,NA,3DD.0077B5903F,NA,M,OtsLYON22S_1_0098,OtsLYON22S_1_2152,OtsLYON22S_1,3,FALL,1,BCA1,Abv
OtsLGRF25S,OtsLGRF25S_6353,C-06353,9/24/2025,F,740,AI,NA,3DD.0077B356DC,NA,F,NA,NA,Unassigned,NA,FALL,1,NA,Abv
OtsLGRF25S,OtsLGRF25S_6355,C-06355,9/24/2025,M,680,AI,NA,NA,NA,M,NA,NA,Unassigned,NA,FALL,1,NA,Abv
OtsLGRF25S,OtsLGRF25S_6357,C-06357,9/24/2025,F,690,AD,1,NA,NA,F,OtsLYON21S_1_1143,OtsLYON21S_1_1399,OtsLYON21S_1,4,FALL,1,LFYO,blw
OtsLGRF25S,OtsLGRF25S_6359,C-06359,9/25/2025,F,820,AI,NA,3DD.0077B45B05,NA,F,NA,NA,Unassigned,NA,FALL,1,NA,Abv
OtsLGRF25S,OtsLGRF25S_6361,C-06361,9/25/2025,F,780,AI,NA,3DD.0077B57A36,NA,F,OtsLYON21S_1_0744,OtsLYON21S_1_0360,OtsLYON21S_1,4,FALL,1,CJA1,Abv
OtsLGRF25S,OtsLGRF25S_6363,C-06363,9/25/2025,M,710,AI,NA,3DD.0077B5C57B,NA,M,OtsLYON22S_1_0455,OtsLYON22S_1_4258,OtsLYON22S_1,3,FALL,1,IPCSR,Abv
OtsLGRF25S,OtsLGRF25S_6365,C-06365,9/25/2025,F,710,AD,1,3DD.0077B591C9,NA,F,OtsLYON22S_1_0283,OtsLYON22S_1_3313,OtsLYON22S_1,3,FALL,1,BCA2,Abv
OtsLGRF25S,OtsLGRF25S_6367,C-06367,9/25/2025,F,650,AI,NA,NA,NA,F,OtsLYON22S_1_0337,OtsLYON22S_1_4002,OtsLYON22S_1,3,FALL,1,IPCSR,Abv
OtsLGRF25S,OtsLGRF25S_6369,C-06369,9/25/2025,M,480,AI,NA,NA,NA,M,OtsLYON23S_1_0566,OtsLYON23S_1_4268,OtsLYON23S_1,2,FALL,1,IPCSR,Abv
OtsLGRF25S,OtsLGRF25S_6371,C-06371,9/25/2025,F,680,AD,1,NA,NA,F,OtsLYON21S_1_0642,OtsLYON21S_1_0088,OtsLYON21S_1,4,FALL,1,PLA1,Abv
OtsLGRF25S,OtsLGRF25S_6373,C-06373,9/25/2025,M,620,AD,1,NA,NA,M,OtsLYON22S_1_0090,OtsLYON22S_1_2124,OtsLYON22S_1,3,FALL,1,BCA1,Abv
OtsLGRF25S,OtsLGRF25S_6375,C-06375,9/25/2025,M,660,AI,NA,NA,NA,M,OtsLYON21S_1_0742,OtsLYON21S_1_0389,OtsLYON21S_1,4,FALL,1,CJA1,Abv
OtsLGRF25S,OtsLGRF25S_6377,C-06377,9/25/2025,F,740,AI,NA,3DD.0077B4220C,NA,F,OtsLYON21S_1_0806,OtsLYON21S_1_1603,OtsLYON21S_1,4,FALL,1,LFSO,blw
OtsLGRF25S,OtsLGRF25S_6379,C-06379,9/25/2025,M,690,AI,NA,NA,NA,M,OtsLYON22S_1_0470,OtsLYON22S_1_4263,OtsLYON22S_1,3,FALL,1,IPCSR,Abv
OtsLGRF25S,OtsLGRF25S_6381,C-06381,9/25/2025,F,620,AI,NA,NA,NA,F,NA,NA,Unassigned,NA,FALL,1,NA,Abv
OtsLGRF25S,OtsLGRF25S_6383,C-06383,9/25/2025,M,450,AI,NA,NA,NA,M,NA,NA,Unassigned,NA,FALL,1,NA,Abv
OtsLGRF25S,OtsLGRF25S_6385,C-06385,9/25/2025,F,820,AD,1,3DD.0077B4073E,NA,F,OtsPBT20-LWSFa-3432,OtsPBT20-LWSFa-3391,OtsPBT20-LWSFa,5,FALL,1,LWSH,blw
OtsLGRF25S,OtsLGRF25S_6387,C-06387,9/25/2025,M,640,AD,1,NA,NA,M,OtsLYON22S_1_0015,OtsLYON22S_1_1035,OtsLYON22S_1,3,FALL,1,PLA1,Abv
OtsLGRF25S,OtsLGRF25S_6389,C-06389,9/25/2025,F,680,AD,1,NA,NA,F,OtsNPFH21S_1_0477,OtsNPFH21S_1_0412,OtsNPFH21S_1,4,FALL,1,LGA,Abv
OtsLGRF25S,OtsLGRF25S_6391,C-06391,9/25/2025,F,750,AD,1,3DD.0077CC9B21,NA,F,OtsLYON21S_1_0838,OtsLYON21S_1_1802,OtsLYON21S_1,4,FALL,1,CJA2,Abv
OtsLGRF25S,OtsLGRF25S_6393,C-06393,9/25/2025,M,660,AI,NA,NA,NA,M,OtsLYON22S_1_0224,OtsLYON22S_1_3186,OtsLYON22S_1,3,FALL,1,LFSO,blw
OtsLGRF25S,OtsLGRF25S_6395,C-06395,9/25/2025,M,580,AD,1,3DD.003E268963,NA,M,OtsLYON22S_1_0150,OtsLYON22S_1_3032,OtsLYON22S_1,3,FALL,1,CJA1,Abv
OtsLGRF25S,OtsLGRF25S_6397,C-06397,9/25/2025,F,750,AD,1,3DD.0077CCAD8E,NA,F,OtsLYON21S_1_0614,OtsLYON21S_1_0023,OtsLYON21S_1,4,FALL,1,PLA1,Abv
OtsLGRF25S,OtsLGRF25S_6399,C-06399,9/25/2025,F,750,AI,NA,3DD.0077B5C1B5,NA,F,OtsLYON20S_1_0243,OtsLYON20S_1_0089,OtsLYON20S_1,5,FALL,1,PLA1,Abv
OtsLGRF25S,OtsLGRF25S_6401,C-06401,9/25/2025,M,690,AI,NA,NA,NA,F,OtsLYON22S_1_0152,OtsLYON22S_1_3030,OtsLYON22S_1,3,FALL,1,CJA1,Abv
OtsLGRF25S,OtsLGRF25S_6403,C-06403,9/25/2025,F,710,AI,NA,3DD.0077B54DA1,NA,F,OtsLYON21S_1_2102,OtsLYON21S_1_2343,OtsLYON21S_1,4,FALL,1,IPCSR,Abv
OtsLGRF25S,OtsLGRF25S_6405,C-06405,9/25/2025,F,640,AD,1,NA,NA,F,OtsLYON22S_1_0510,OtsLYON22S_1_4339,OtsLYON22S_1,3,FALL,1,GRR,Abv
OtsLGRF25S,OtsLGRF25S_6407,C-06407,9/25/2025,M,620,AI,NA,NA,NA,M,OtsLYON22S_1_0232,OtsLYON22S_1_3197,OtsLYON22S_1,3,FALL,1,LFSO,blw
OtsLGRF25S,OtsLGRF25S_6409,C-06409,9/25/2025,F,780,AD,1,3DD.003D7F73AD,NA,F,OtsLYON21S_1_0895,OtsLYON21S_1_1911,OtsLYON21S_1,4,FALL,1,PLA2,Abv
OtsLGRF25S,OtsLGRF25S_6411,C-06411,9/25/2025,M,690,AI,NA,NA,NA,M,NA,NA,Unassigned,NA,FALL,1,NA,Abv
OtsLGRF25S,OtsLGRF25S_6413,C-06413,9/25/2025,M,590,AI,NA,NA,NA,M,NA,NA,Unassigned,NA,FALL,1,NA,Abv
OtsLGRF25S,OtsLGRF25S_6415,C-06415,9/25/2025,F,740,AI,NA,3DD.0077B4570D,NA,F,OtsLYON21S_1_0751,OtsLYON21S_1_0381,OtsLYON21S_1,4,FALL,1,CJA1,Abv
OtsLGRF25S,OtsLGRF25S_6417,C-06417,9/25/2025,F,720,AI,NA,3DD.0077CC6CB7,NA,F,NA,NA,Unassigned,NA,FALL,1,NA,Abv
OtsLGRF25S,OtsLGRF25S_6419,C-06419,9/25/2025,M,640,AD,1,NA,NA,M,OtsLYON21S_1_1034,OtsLYON21S_1_0595,OtsLYON21S_1,4,FALL,1,LFYO,blw
OtsLGRF25S,OtsLGRF25S_6421,C-06421,9/25/2025,F,660,AD,1,NA,NA,F,OtsLYON22S_1_0270,OtsLYON22S_1_3274,OtsLYON22S_1,3,FALL,1,CJA2,Abv
OtsLGRF25S,OtsLGRF25S_6423,C-06423,9/25/2025,M,580,AI,NA,NA,NA,U,NA,NA,Unassigned,NA,FALL,1,NA,Abv
OtsLGRF25S,OtsLGRF25S_6425,C-06425,9/25/2025,F,700,AI,NA,3DD.0077B543AB,NA,F,OtsLYON22S_1_0182,OtsLYON22S_1_3089,OtsLYON22S_1,3,FALL,1,LFSO,blw
OtsLGRF25S,OtsLGRF25S_6427,C-06427,9/25/2025,M,620,AI,NA,NA,NA,M,OtsPBT22-ProsserFa-0047,OtsPBT22-ProsserFa-0062,OtsPBT22-ProsserFa,3,FALL,1,Prosser,blw
OtsLGRF25S,OtsLGRF25S_6429,C-06429,9/25/2025,M,880,AD,1,3DD.0077B457DA,NA,M,OtsLYON20S_1_0469,OtsLYON20S_1_0510,OtsLYON20S_1,5,FALL,1,LFSO,blw
OtsLGRF25S,OtsLGRF25S_6431,C-06431,9/25/2025,M,760,AD,NA,3DD.0077B5CC38,NA,M,OtsPBT21-PRHFa-2738,OtsPBT21-PRHFa-2874,OtsPBT21-PRHFa,4,FALL,1,PRFH,blw
OtsLGRF25S,OtsLGRF25S_6433,C-06433,9/25/2025,M,670,AI,NA,NA,NA,M,OtsLYON22S_1_0358,OtsLYON22S_1_4037,OtsLYON22S_1,3,FALL,1,IPCSR,Abv
OtsLGRF25S,OtsLGRF25S_6435,C-06435,9/25/2025,F,670,AD,1,NA,NA,F,OtsLYON21S_1_0905,OtsLYON21S_1_1940,OtsLYON21S_1,4,FALL,1,PLA2,Abv
OtsLGRF25S,OtsLGRF25S_6437,C-06437,9/25/2025,M,630,AI,NA,NA,NA,M,OtsLYON22S_1_0047,OtsLYON22S_1_2053,OtsLYON22S_1,3,FALL,1,PLA1,Abv
OtsLGRF25S,OtsLGRF25S_6439,C-06439,9/25/2025,M,630,AI,NA,NA,NA,M,OtsLYON22S_1_0235,OtsLYON22S_1_3199,OtsLYON22S_1,3,FALL,1,LFSO,blw
OtsLGRF25S,OtsLGRF25S_6441,C-06441,9/25/2025,M,620,AI,NA,NA,NA,M,OtsLYON22S_1_0117,OtsLYON22S_1_2195,OtsLYON22S_1,3,FALL,1,CJA1,Abv
OtsLGRF25S,OtsLGRF25S_6443,C-06443,9/25/2025,M,440,AD,1,NA,NA,M,OtsLYON23S_1_0265,OtsLYON23S_1_3032,OtsLYON23S_1,2,FALL,1,LFSO,blw
OtsLGRF25S,OtsLGRF25S_6445,C-06445,9/25/2025,F,770,AI,NA,3DD.0077B418CB,NA,F,OtsNPFH21S_1_0491,OtsNPFH21S_1_0437,OtsNPFH21S_1,4,FALL,1,NLVA,Abv
OtsLGRF25S,OtsLGRF25S_6447,C-06447,9/25/2025,F,720,AI,NA,3DD.0077B59FBA,NA,F,NA,NA,Unassigned,NA,FALL,1,NA,Abv
OtsLGRF25S,OtsLGRF25S_6449,C-06449,9/25/2025,F,740,AD,1,3DD.0077CCEA90,NA,F,OtsLYON21S_1_0904,OtsLYON21S_1_1936,OtsLYON21S_1,4,FALL,1,PLA2,Abv
OtsLGRF25S,OtsLGRF25S_6451,C-06451,9/25/2025,M,770,AI,NA,3DD.0077B46C11,NA,M,NA,NA,Unassigned,NA,FALL,1,NA,Abv
OtsLGRF25S,OtsLGRF25S_6453,C-06453,9/25/2025,M,700,AI,NA,3DD.0077B426F6,NA,M,NA,NA,Unassigned,NA,FALL,1,NA,Abv
OtsLGRF25S,OtsLGRF25S_6455,C-06455,9/25/2025,M,610,AD,1,NA,NA,M,OtsPBT22-LWSFa-4768,OtsPBT22-LWSFa-4986,OtsPBT22-LWSFa,3,FALL,1,LWSH,blw
OtsLGRF25S,OtsLGRF25S_6457,C-06457,9/25/2025,M,610,AD,1,NA,NA,M,OtsLYON22S_1_0354,OtsLYON22S_1_4081,OtsLYON22S_1,3,FALL,1,IPCSR,Abv
OtsLGRF25S,OtsLGRF25S_6459,C-06459,9/25/2025,F,760,AI,NA,3DD.0077CCBB26,NA,F,NA,NA,Unassigned,NA,FALL,1,NA,Abv
OtsLGRF25S,OtsLGRF25S_6461,C-06461,9/25/2025,M,750,AI,NA,3DD.003D7F7380,NA,M,OtsLYON21S_1_0669,OtsLYON21S_1_0137,OtsLYON21S_1,4,FALL,1,BCA1,Abv
OtsLGRF25S,OtsLGRF25S_6463,C-06463,9/25/2025,M,440,AI,NA,NA,NA,M,OtsLYON23S_1_0496,OtsLYON23S_1_4141,OtsLYON23S_1,2,FALL,1,IPCSR,Abv
OtsLGRF25S,OtsLGRF25S_6465,C-06465,9/25/2025,M,720,AD,1,3DD.003D7F73B7,NA,M,OtsLYON22S_1_0192,OtsLYON22S_1_3111,OtsLYON22S_1,3,FALL,1,LFSO,blw
OtsLGRF25S,OtsLGRF25S_6467,C-06467,9/25/2025,F,760,AI,NA,3DD.003D7F7365,NA,F,OtsLYON21S_1_0798,OtsLYON21S_1_1616,OtsLYON21S_1,4,FALL,1,LFSO,blw
OtsLGRF25S,OtsLGRF25S_6469,C-06469,9/25/2025,M,480,AD,1,NA,NA,M,OtsLYON23S_1_0261,OtsLYON23S_1_3035,OtsLYON23S_1,2,FALL,1,LFSO,blw
OtsLGRF25S,OtsLGRF25S_6471,C-06471,9/25/2025,M,710,AI,NA,3DD.003D7F73B1,NA,M,OtsLYON22S_1_0395,OtsLYON22S_1_4153,OtsLYON22S_1,3,FALL,1,IPCSR,Abv
OtsLGRF25S,OtsLGRF25S_6473,C-06473,9/25/2025,F,630,AD,1,NA,NA,F,OtsLYON21S_1_0991,OtsLYON21S_1_0524,OtsLYON21S_1,4,FALL,1,LFYO,blw
OtsLGRF25S,OtsLGRF25S_6475,C-06475,9/25/2025,M,600,AI,NA,NA,NA,M,NA,NA,Unassigned,NA,FALL,1,NA,Abv
OtsLGRF25S,OtsLGRF25S_6477,C-06477,9/25/2025,M,620,AD,1,NA,NA,M,OtsLYON21S_1_0993,OtsLYON21S_1_0536,OtsLYON21S_1,4,FALL,1,LFYO,blw
OtsLGRF25S,OtsLGRF25S_6479,C-06479,9/25/2025,F,720,AI,NA,3DD.0077B567B7,NA,F,OtsNPFH21S_1_1166,OtsNPFH21S_1_1212,OtsNPFH21S_1,4,FALL,1,NLVA,Abv
OtsLGRF25S,OtsLGRF25S_6481,C-06481,9/25/2025,F,770,AD,1,3DD.0077CC78AD,NA,F,OtsLYON20S_1_1312,OtsLYON20S_1_0835,OtsLYON20S_1,5,FALL,1,LFYO,blw
OtsLGRF25S,OtsLGRF25S_6483,C-06483,9/25/2025,M,790,AI,NA,3DD.0077B588A7,NA,M,NA,NA,Unassigned,NA,FALL,1,NA,Abv
OtsLGRF25S,OtsLGRF25S_6485,C-06485,9/25/2025,M,630,AD,1,NA,NA,M,OtsLYON22S_1_0324,OtsLYON22S_1_3393,OtsLYON22S_1,3,FALL,1,PLA2,Abv
OtsLGRF25S,OtsLGRF25S_6487,C-06487,9/25/2025,F,760,AI,NA,3DD.0077CC7FA8,NA,F,OtsPBT21-LWSFa-5302,OtsPBT21-LWSFa-5214,OtsPBT21-LWSFa,4,FALL,1,LWSH,blw
OtsLGRF25S,OtsLGRF25S_6489,C-06489,9/25/2025,M,700,AI,NA,3DD.0077CCD43F,NA,M,OtsLYON22S_1_0583,OtsLYON22S_1_5109,OtsLYON22S_1,3,FALL,1,LFSO,blw
OtsLGRF25S,OtsLGRF25S_6491,C-06491,9/25/2025,M,640,AI,NA,NA,NA,M,OtsLYON22S_1_0367,OtsLYON22S_1_4074,OtsLYON22S_1,3,FALL,1,IPCSR,Abv
OtsLGRF25S,OtsLGRF25S_6493,C-06493,9/25/2025,F,690,AI,NA,NA,NA,F,OtsLYON22S_1_0600,OtsLYON22S_1_5139,OtsLYON22S_1,3,FALL,1,LFSO,blw
OtsLGRF25S,OtsLGRF25S_6495,C-06495,9/25/2025,F,810,AI,NA,3DD.0077CCBB6C,NA,F,OtsLYON21S_1_0657,OtsLYON21S_1_0110,OtsLYON21S_1,4,FALL,1,PLA1,Abv
OtsLGRF25S,OtsLGRF25S_6497,C-06497,9/25/2025,F,660,AD,1,NA,NA,F,OtsLYON22S_1_0101,OtsLYON22S_1_2144,OtsLYON22S_1,3,FALL,1,BCA1,Abv
OtsLGRF25S,OtsLGRF25S_6499,C-06499,9/25/2025,F,680,AD,1,NA,NA,F,OtsLYON22S_1_0267,OtsLYON22S_1_3290,OtsLYON22S_1,3,FALL,1,BCA2,Abv
OtsLGRF25S,OtsLGRF25S_6501,C-06501,9/25/2025,F,780,AI,NA,3DD.0077B54FD4,NA,F,OtsLYON20S_1_1494,OtsLYON20S_1_1610,OtsLYON20S_1,5,FALL,1,IPCSR,Abv
OtsLGRF25S,OtsLGRF25S_6503,C-06503,9/25/2025,M,840,AD,1,3DD.0077B5B9D9,NA,M,OtsLYON21S_1_0716,OtsLYON21S_1_0304,OtsLYON21S_1,4,FALL,1,CJA1,Abv
OtsLGRF25S,OtsLGRF25S_6505,C-06505,9/25/2025,F,550,AD,1,NA,NA,M,OtsLYON22S_1_0260,OtsLYON22S_1_3269,OtsLYON22S_1,3,FALL,1,CJA2,Abv
OtsLGRF25S,OtsLGRF25S_6507,C-06507,9/25/2025,F,710,AD,1,3DD.0077CCC96C,NA,F,OtsLYON20S_1_1388,OtsLYON20S_1_0966,OtsLYON20S_1,5,FALL,1,LFYO,blw
OtsLGRF25S,OtsLGRF25S_6509,C-06509,9/25/2025,M,590,AI,NA,NA,NA,M,NA,NA,Unassigned,NA,FALL,1,NA,Abv
OtsLGRF25S,OtsLGRF25S_6511,C-06511,9/25/2025,F,620,AI,NA,NA,NA,F,OtsLYON22S_1_0459,OtsLYON22S_1_4272,OtsLYON22S_1,3,FALL,1,IPCSR,Abv
OtsLGRF25S,OtsLGRF25S_6513,C-06513,9/25/2025,M,790,AD,1,3DD.0077B44099,NA,M,OtsNPFH21S_1_1155,OtsNPFH21S_1_1493,OtsNPFH21S_1,4,FALL,1,NPTH,Abv
OtsLGRF25S,OtsLGRF25S_6515,C-06515,9/25/2025,F,700,AD,1,3DD.0077CC67AE,NA,F,OtsLYON21S_1_1145,OtsLYON21S_1_1409,OtsLYON21S_1,4,FALL,1,LFYO,blw
OtsLGRF25S,OtsLGRF25S_6517,C-06517,9/25/2025,M,580,AD,1,NA,NA,M,OtsLYON22S_1_0377,OtsLYON22S_1_4112,OtsLYON22S_1,3,FALL,1,IPCSR,Abv
OtsLGRF25S,OtsLGRF25S_6519,C-06519,9/26/2025,F,650,AI,NA,NA,NA,M,OtsLYON22S_1_0042,OtsLYON22S_1_2043,OtsLYON22S_1,3,FALL,1,PLA1,Abv
OtsLGRF25S,OtsLGRF25S_6521,C-06521,9/26/2025,M,840,AD,1,3DD.0077CCC81B,NA,M,OtsLYON21S_1_0698,OtsLYON21S_1_0243,OtsLYON21S_1,4,FALL,1,BCA1,Abv
OtsLGRF25S,OtsLGRF25S_6523,C-06523,9/26/2025,F,790,AD,1,3DD.0077CCED00,NA,F,OtsPBT21-LWSFa-2301,OtsPBT21-LWSFa-2205,OtsPBT21-LWSFa,4,FALL,1,LWSH,blw
OtsLGRF25S,OtsLGRF25S_6525,C-06525,9/26/2025,F,670,AD,1,NA,NA,F,OtsLYON22S_1_0394,OtsLYON22S_1_4122,OtsLYON22S_1,3,FALL,1,IPCSR,Abv
OtsLGRF25S,OtsLGRF25S_6527,C-06527,9/26/2025,M,590,AI,NA,NA,NA,M,OtsLYON22S_1_0270,OtsLYON22S_1_3273,OtsLYON22S_1,3,FALL,1,CJA2,Abv
OtsLGRF25S,OtsLGRF25S_6529,C-06529,9/26/2025,F,810,AD,1,3DD.0077B353A6,NA,F,OtsLYON21S_1_0852,OtsLYON21S_1_1814,OtsLYON21S_1,4,FALL,1,CJA2,Abv
OtsLGRF25S,OtsLGRF25S_6531,C-06531,9/26/2025,F,760,AD,1,3DD.003D7F7373,NA,F,OtsLYON20S_1_1372,OtsLYON20S_1_0927,OtsLYON20S_1,5,FALL,1,BCA2,Abv
OtsLGRF25S,OtsLGRF25S_6533,C-06533,9/26/2025,F,700,AD,1,3DD.003D7F736E,NA,F,OtsLYON21S_1_1143,OtsLYON21S_1_1398,OtsLYON21S_1,4,FALL,1,LFYO,blw
OtsLGRF25S,OtsLGRF25S_6535,C-06535,9/26/2025,F,700,AD,1,3DD.003D7F7369,NA,F,OtsLYON21S_1_0788,OtsLYON21S_1_0490,OtsLYON21S_1,4,FALL,1,LFSO,blw
OtsLGRF25S,OtsLGRF25S_6537,C-06537,9/26/2025,F,740,AD,NA,3DD.003D7F73B6,NA,F,OtsLYON21S_1_0961,OtsLYON21S_1_2011,OtsLYON21S_1,4,FALL,1,IPCSR,Abv
OtsLGRF25S,OtsLGRF25S_6539,C-06539,9/26/2025,M,650,AI,NA,3DD.003E269481,NA,M,OtsLYON22S_1_0150,OtsLYON22S_1_3032,OtsLYON22S_1,3,FALL,1,CJA1,Abv
OtsLGRF25S,OtsLGRF25S_6541,C-06541,9/26/2025,F,700,AD,1,3DD.003D7F7392,NA,F,OtsLYON22S_1_0406,OtsLYON22S_1_4171,OtsLYON22S_1,3,FALL,1,IPCSR,Abv
OtsLGRF25S,OtsLGRF25S_6543,C-06543,9/26/2025,F,720,AI,NA,3DD.003D7F73B2,NA,F,NA,NA,Unassigned,NA,FALL,1,NA,Abv
OtsLGRF25S,OtsLGRF25S_6545,C-06545,9/26/2025,M,600,AD,1,NA,NA,F,OtsLYON22S_1_0541,OtsLYON22S_1_5013,OtsLYON22S_1,3,FALL,1,LFYO,blw
OtsLGRF25S,OtsLGRF25S_6547,C-06547,9/26/2025,F,850,AI,NA,3DD.003D7F738C,NA,F,OtsNPFH20S_1_0063,OtsNPFH20S_1_0031,OtsNPFH20S_1,5,FALL,1,NPTH,Abv
OtsLGRF25S,OtsLGRF25S_6549,C-06549,9/26/2025,M,660,AI,NA,NA,NA,M,OtsLYON22S_1_0391,OtsLYON22S_1_4152,OtsLYON22S_1,3,FALL,1,IPCSR,Abv
OtsLGRF25S,OtsLGRF25S_6551,C-06551,9/26/2025,M,620,AI,NA,NA,NA,M,OtsLYON22S_1_0226,OtsLYON22S_1_3187,OtsLYON22S_1,3,FALL,1,LFSO,blw
OtsLGRF25S,OtsLGRF25S_6553,C-06553,9/26/2025,M,700,AI,NA,3DD.003D7F73A2,NA,M,OtsLYON22S_1_0111,OtsLYON22S_1_2196,OtsLYON22S_1,3,FALL,1,CJA1,Abv
OtsLGRF25S,OtsLGRF25S_6555,C-06555,9/26/2025,M,680,AD,1,NA,NA,M,OtsLYON22S_1_0101,OtsLYON22S_1_2144,OtsLYON22S_1,3,FALL,1,BCA1,Abv
OtsLGRF25S,OtsLGRF25S_6557,C-06557,9/26/2025,M,620,AI,NA,NA,NA,M,OtsLYON22S_1_0342,OtsLYON22S_1_4008,OtsLYON22S_1,3,FALL,1,IPCSR,Abv
OtsLGRF25S,OtsLGRF25S_6559,C-06559,9/26/2025,M,540,AD,1,NA,NA,M,OtsLYON23S_1_0336,OtsLYON23S_1_3174,OtsLYON23S_1,2,FALL,1,CJA2,Abv
OtsLGRF25S,OtsLGRF25S_6561,C-06561,9/26/2025,M,820,AI,NA,3DD.003D7F7383,NA,M,NA,NA,Unassigned,NA,FALL,1,NA,Abv
OtsLGRF25S,OtsLGRF25S_6563,C-06563,9/26/2025,F,680,AD,1,NA,NA,F,OtsLYON22S_1_0212,OtsLYON22S_1_3154,OtsLYON22S_1,3,FALL,1,LFSO,blw
OtsLGRF25S,OtsLGRF25S_6565,C-06565,9/26/2025,M,690,AD,1,NA,NA,M,OtsLYON21S_1_0737,OtsLYON21S_1_0350,OtsLYON21S_1,4,FALL,1,CJA1,Abv
OtsLGRF25S,OtsLGRF25S_6567,C-06567,9/26/2025,M,730,AI,NA,3DD.003D7F7391,NA,M,NA,NA,Unassigned,NA,FALL,1,NA,Abv
OtsLGRF25S,OtsLGRF25S_6569,C-06569,9/26/2025,F,710,AI,NA,3DD.003D7F73B3,NA,F,OtsLYON21S_1_0819,OtsLYON21S_1_1655,OtsLYON21S_1,4,FALL,1,LFSO,blw
OtsLGRF25S,OtsLGRF25S_6571,C-06571,9/26/2025,F,520,AI,NA,NA,NA,F,OtsLYON21S_1_0744,OtsLYON21S_1_0360,OtsLYON21S_1,4,FALL,1,CJA1,Abv
OtsLGRF25S,OtsLGRF25S_6573,C-06573,9/26/2025,F,780,AI,NA,3DD.003D7F73A4,NA,F,OtsLYON21S_1_0795,OtsLYON21S_1_1622,OtsLYON21S_1,4,FALL,1,LFSO,blw
OtsLGRF25S,OtsLGRF25S_6575,C-06575,9/26/2025,M,630,AI,NA,NA,NA,M,OtsLYON22S_1_0127,OtsLYON22S_1_2198,OtsLYON22S_1,3,FALL,1,CJA1,Abv
OtsLGRF25S,OtsLGRF25S_6577,C-06577,9/26/2025,F,790,AI,NA,3DD.003D7F73AA,NA,F,OtsLYON20S_1_0457,OtsLYON20S_1_1196,OtsLYON20S_1,5,FALL,1,LFSO,blw
OtsLGRF25S,OtsLGRF25S_6579,C-06579,9/26/2025,F,820,AI,NA,3DD.003D7F7377,NA,M,NA,NA,Unassigned,NA,FALL,1,NA,Abv
OtsLGRF25S,OtsLGRF25S_6581,C-06581,9/26/2025,F,700,AI,NA,3DD.003D7F7378,NA,F,OtsLYON22S_1_0169,OtsLYON22S_1_3055,OtsLYON22S_1,3,FALL,1,CJA1,Abv
OtsLGRF25S,OtsLGRF25S_6583,C-06583,9/26/2025,M,630,AI,NA,NA,NA,M,NA,NA,Unassigned,NA,FALL,1,NA,Abv
OtsLGRF25S,OtsLGRF25S_6585,C-06585,9/26/2025,F,650,AI,NA,NA,NA,F,OtsLYON22S_1_0572,OtsLYON22S_1_5119,OtsLYON22S_1,3,FALL,1,LFSO,blw
OtsLGRF25S,OtsLGRF25S_6587,C-06587,9/26/2025,F,720,AD,1,3DD.003D7F737D,NA,F,OtsLYON21S_1_0637,OtsLYON21S_1_0070,OtsLYON21S_1,4,FALL,1,PLA1,Abv
OtsLGRF25S,OtsLGRF25S_6589,C-06589,9/26/2025,M,630,AI,NA,NA,NA,M,OtsLYON22S_1_0045,OtsLYON22S_1_2079,OtsLYON22S_1,3,FALL,1,BCA1,Abv
OtsLGRF25S,OtsLGRF25S_6591,C-06591,9/26/2025,F,670,AI,NA,NA,NA,F,OtsLYON22S_1_0393,OtsLYON22S_1_4125,OtsLYON22S_1,3,FALL,1,IPCSR,Abv
OtsLGRF25S,OtsLGRF25S_6593,C-06593,9/26/2025,F,770,AI,NA,3DD.003D7F7367,NA,F,OtsNPFH21S_1_1610,OtsNPFH21S_1_1520,OtsNPFH21S_1,4,FALL,1,CFA,Abv
OtsLGRF25S,OtsLGRF25S_6595,C-06595,9/26/2025,F,630,AI,NA,NA,NA,M,OtsLYON22S_1_0082,OtsLYON22S_1_2116,OtsLYON22S_1,3,FALL,1,BCA1,Abv
OtsLGRF25S,OtsLGRF25S_6597,C-06597,9/26/2025,M,540,AD,1,NA,NA,M,OtsLYON22S_1_0328,OtsLYON22S_1_3432,OtsLYON22S_1,3,FALL,1,LFYO,blw
OtsLGRF25S,OtsLGRF25S_6599,C-06599,9/26/2025,F,720,AI,NA,3DD.003D7F73BB,NA,F,OtsLYON21S_1_0800,OtsLYON21S_1_1602,OtsLYON21S_1,4,FALL,1,LFSO,blw
OtsLGRF25S,OtsLGRF25S_6601,C-06601,9/26/2025,M,710,AI,NA,3DD.003D7F73AC,NA,M,NA,NA,Unassigned,NA,FALL,1,NA,Abv
OtsLGRF25S,OtsLGRF25S_6603,C-06603,9/26/2025,F,660,AI,NA,NA,NA,F,OtsLYON22S_1_0223,OtsLYON22S_1_3188,OtsLYON22S_1,3,FALL,1,LFSO,blw
OtsLGRF25S,OtsLGRF25S_6605,C-06605,9/26/2025,M,590,AD,1,NA,NA,M,OtsLYON22S_1_0213,OtsLYON22S_1_3158,OtsLYON22S_1,3,FALL,1,LFSO,blw
OtsLGRF25S,OtsLGRF25S_6607,C-06607,9/26/2025,M,490,AI,NA,NA,NA,M,OtsLYON22S_1_0425,OtsLYON22S_1_4176,OtsLYON22S_1,3,FALL,1,IPCSR,Abv
OtsLGRF25S,OtsLGRF25S_6609,C-06609,9/26/2025,M,760,AI,NA,3DD.003D7F7398,NA,M,NA,NA,Unassigned,NA,FALL,1,NA,Abv
OtsLGRF25S,OtsLGRF25S_6611,C-06611,9/26/2025,M,660,AI,NA,NA,NA,F,OtsLYON22S_1_0580,OtsLYON22S_1_5101,OtsLYON22S_1,3,FALL,1,LFSO,blw
OtsLGRF25S,OtsLGRF25S_6613,C-06613,9/26/2025,M,690,AD,1,NA,NA,M,OtsLYON22S_1_0299,OtsLYON22S_1_3350,OtsLYON22S_1,3,FALL,1,PLA2,Abv
OtsLGRF25S,OtsLGRF25S_6615,C-06615,9/26/2025,M,680,AD,1,NA,NA,M,OtsLYON21S_1_0836,OtsLYON21S_1_1682,OtsLYON21S_1,4,FALL,1,CJA2,Abv
OtsLGRF25S,OtsLGRF25S_6617,C-06617,9/26/2025,F,700,AD,1,3DD.003D7F73AF,NA,F,OtsLYON22S_1_0479,OtsLYON22S_1_4315,OtsLYON22S_1,3,FALL,1,GRR,Abv
OtsLGRF25S,OtsLGRF25S_6619,C-06619,9/26/2025,F,680,AI,NA,NA,NA,F,OtsLYON22S_1_0226,OtsLYON22S_1_3187,OtsLYON22S_1,3,FALL,1,LFSO,blw
OtsLGRF25S,OtsLGRF25S_6621,C-06621,9/26/2025,M,670,AD,NA,NA,This individual failed to genotype,U,NG,NG,NA,NA,NA,NA,NG,Abv
OtsLGRF25S,OtsLGRF25S_6623,C-06623,9/26/2025,M,780,AD,1,3DD.003D7F73BD,NA,M,OtsLYON21S_1_0920,OtsLYON21S_1_1994,OtsLYON21S_1,4,FALL,1,IPCSR,Abv
OtsLGRF25S,OtsLGRF25S_6625,C-06625,9/26/2025,F,640,AI,NA,NA,NA,F,OtsLYON22S_1_0394,OtsLYON22S_1_4122,OtsLYON22S_1,3,FALL,1,IPCSR,Abv
OtsLGRF25S,OtsLGRF25S_6627,C-06627,9/26/2025,M,630,AI,NA,NA,NA,M,OtsLYON22S_1_0354,OtsLYON22S_1_4082,OtsLYON22S_1,3,FALL,1,IPCSR,Abv
OtsLGRF25S,OtsLGRF25S_6629,C-06629,9/26/2025,F,760,AI,NA,3DD.003D7F73A7,NA,F,OtsLYON21S_1_0900,OtsLYON21S_1_1947,OtsLYON21S_1,4,FALL,1,IPCSR,Abv
OtsLGRF25S,OtsLGRF25S_6631,C-06631,9/26/2025,F,690,AD,1,NA,NA,F,OtsPBT21-PRHFa-0727,OtsPBT21-PRHFa-0653,OtsPBT21-PRHFa,4,FALL,1,PRFH,blw
OtsLGRF25S,OtsLGRF25S_6633,C-06633,9/26/2025,M,640,AD,1,NA,NA,M,OtsLYON22S_1_0521,OtsLYON22S_1_4362,OtsLYON22S_1,3,FALL,1,GRR,Abv
OtsLGRF25S,OtsLGRF25S_6635,C-06635,9/26/2025,M,710,AD,1,3DD.003D7F73A9,NA,M,OtsLYON22S_1_0031,OtsLYON22S_1_2013,OtsLYON22S_1,3,FALL,1,PLA1,Abv
OtsLGRF25S,OtsLGRF25S_6637,C-06637,9/26/2025,M,730,AI,NA,3DD.003D7F7385,NA,M,NA,NA,Unassigned,NA,FALL,1,NA,Abv
OtsLGRF25S,OtsLGRF25S_6639,C-06639,9/26/2025,F,660,AD,1,NA,NA,F,OtsLYON22S_1_0053,OtsLYON22S_1_2060,OtsLYON22S_1,3,FALL,1,BCA1,Abv
OtsLGRF25S,OtsLGRF25S_6641,C-06641,9/26/2025,F,640,AD,1,NA,This sample is a duplicate with OtsLGRF25S_5883.,F,OtsLYON22S_1_0029,OtsLYON22S_1_2011,OtsLYON22S_1,3,FALL,1,PLA1,Abv
OtsLGRF25S,OtsLGRF25S_6643,C-06643,9/26/2025,M,600,AI,NA,NA,NA,M,OtsLYON22S_1_0042,OtsLYON22S_1_2045,OtsLYON22S_1,3,FALL,1,PLA1,Abv
OtsLGRF25S,OtsLGRF25S_6645,C-06645,9/26/2025,M,510,AD,1,NA,NA,M,OtsLYON23S_1_0695,OtsLYON23S_1_5125,OtsLYON23S_1,2,FALL,1,GRR,Abv
OtsLGRF25S,OtsLGRF25S_6647,C-06647,9/26/2025,F,680,AD,1,NA,NA,M,OtsLYON22S_1_0308,OtsLYON22S_1_3373,OtsLYON22S_1,3,FALL,1,PLA2,Abv
OtsLGRF25S,OtsLGRF25S_6649,C-06649,9/26/2025,F,730,AD,NA,3DD.003D7F7368,NA,F,OtsPBT20-LWSFa-3498,OtsPBT20-LWSFa-3588,OtsPBT20-LWSFa,5,FALL,1,LWSH,blw
OtsLGRF25S,OtsLGRF25S_6651,C-06651,9/26/2025,M,590,AD,1,NA,NA,M,OtsPBT22-PRHFa-2044,OtsPBT22-PRHFa-1986,OtsPBT22-PRHFa,3,FALL,1,PRFH,blw
OtsLGRF25S,OtsLGRF25S_6653,C-06653,9/26/2025,M,750,AI,NA,3DD.003D7F739C,NA,M,OtsLYON21S_1_0958,OtsLYON21S_1_2018,OtsLYON21S_1,4,FALL,1,IPCSR,Abv
OtsLGRF25S,OtsLGRF25S_6655,C-06655,9/26/2025,F,730,AI,NA,3DD.003D7F78C5,NA,F,OtsNPFH21S_1_0486,OtsNPFH21S_1_0429,OtsNPFH21S_1,4,FALL,1,NLVA,Abv
OtsLGRF25S,OtsLGRF25S_6657,C-06657,9/26/2025,M,670,AI,NA,NA,NA,M,OtsLYON22S_1_0389,OtsLYON22S_1_4160,OtsLYON22S_1,3,FALL,1,IPCSR,Abv
OtsLGRF25S,OtsLGRF25S_6659,C-06659,9/26/2025,M,670,AD,1,3DD.003E2783E7,NA,M,OtsLYON22S_1_0094,OtsLYON22S_1_2129,OtsLYON22S_1,3,FALL,1,BCA1,Abv
OtsLGRF25S,OtsLGRF25S_6661,C-06661,9/26/2025,M,640,AD,1,NA,This sample is a duplicate with OtsLGRF25S_6113.,M,OtsLYON22S_1_0414,OtsLYON22S_1_4194,OtsLYON22S_1,3,FALL,1,IPCSR,Abv
OtsLGRF25S,OtsLGRF25S_6663,C-06663,9/26/2025,M,650,AI,NA,NA,NA,M,NA,NA,Unassigned,NA,FALL,1,NA,Abv
OtsLGRF25S,OtsLGRF25S_6665,C-06665,9/26/2025,M,600,AI,NA,NA,NA,M,OtsLYON23S_1_0559,OtsLYON23S_1_4263,OtsLYON23S_1,2,FALL,1,IPCSR,Abv
OtsLGRF25S,OtsLGRF25S_6667,C-06667,9/26/2025,M,720,AI,NA,3DD.003D7F7874,NA,M,OtsLYON21S_1_0757,OtsLYON21S_1_0395,OtsLYON21S_1,4,FALL,1,CJA1,Abv
OtsLGRF25S,OtsLGRF25S_6669,C-06669,9/26/2025,F,750,AI,NA,3DD.003D7F73B0,NA,F,OtsPBT21-LWSFa-5164,OtsPBT21-LWSFa-5407,OtsPBT21-LWSFa,4,FALL,1,LWSH,blw
OtsLGRF25S,OtsLGRF25S_6671,C-06671,9/26/2025,F,890,AI,NA,3DD.003D7F7880,NA,F,OtsNPFH20S_1_0810,OtsNPFH20S_1_0735,OtsNPFH20S_1,5,FALL,1,LGA,Abv
OtsLGRF25S,OtsLGRF25S_6673,C-06673,9/26/2025,M,720,AD,1,3DD.003D7F7386,NA,M,OtsLYON22S_1_0501,OtsLYON22S_1_4329,OtsLYON22S_1,3,FALL,1,GRR,Abv
OtsLGRF25S,OtsLGRF25S_6675,C-06675,9/26/2025,M,760,AI,NA,3DD.003D7F78A3,NA,M,OtsLYON20S_1_0299,OtsLYON20S_1_1048,OtsLYON20S_1,5,FALL,1,CJA1,Abv
OtsLGRF25S,OtsLGRF25S_6677,C-06677,9/26/2025,M,710,AI,NA,3DD.003D7F7875,NA,M,OtsLYON22S_1_0150,OtsLYON22S_1_3031,OtsLYON22S_1,3,FALL,1,CJA1,Abv
OtsLGRF25S,OtsLGRF25S_6679,C-06679,9/26/2025,F,820,AI,NA,3DD.003D7F735E,NA,F,NA,NA,Unassigned,NA,FALL,1,NA,Abv
OtsLGRF25S,OtsLGRF25S_6681,C-06681,9/26/2025,F,720,AD,NA,3DD.003D7F78A4,NA,F,OtsPBT21-RSHFa-1005,OtsPBT21-RSHFa-0496,OtsPBT21-RSHFa,4,FALL,1,RSFH,blw
OtsLGRF25S,OtsLGRF25S_6683,C-06683,9/26/2025,F,860,AD,1,3DD.003D7F78A9,NA,F,OtsLYON20S_1_1338,OtsLYON20S_1_0882,OtsLYON20S_1,5,FALL,1,PLA2,Abv
OtsLGRF25S,OtsLGRF25S_6685,C-06685,9/26/2025,M,670,AD,NA,NA,NA,M,OtsPBT21-PRHFa-5244,OtsPBT21-PRHFa-5481,OtsPBT21-PRHFa,4,FALL,1,PRFH,blw
OtsLGRF25S,OtsLGRF25S_6687,C-06687,9/26/2025,F,740,AD,1,3DD.003D7F78AC,NA,F,OtsLYON20S_1_1400,OtsLYON20S_1_0957,OtsLYON20S_1,5,FALL,1,LFYO,blw
OtsLGRF25S,OtsLGRF25S_6689,C-06689,9/26/2025,F,640,AI,NA,NA,NA,F,OtsLYON22S_1_0593,OtsLYON22S_1_5131,OtsLYON22S_1,3,FALL,1,LFSO,blw
OtsLGRF25S,OtsLGRF25S_6691,C-06691,9/26/2025,F,810,AI,NA,3DD.003D7F7881,NA,F,NA,NA,Unassigned,NA,FALL,1,NA,Abv
OtsLGRF25S,OtsLGRF25S_6693,C-06693,9/26/2025,M,640,AI,NA,NA,NA,M,OtsPBT22-LWSFa-8437,OtsPBT22-LWSFa-8247,OtsPBT22-LWSFa,3,FALL,1,LWSH,blw
OtsLGRF25S,OtsLGRF25S_6695,C-06695,9/26/2025,M,770,AI,NA,3DD.003D7F788F,NA,M,NA,NA,Unassigned,NA,FALL,1,NA,Abv
OtsLGRF25S,OtsLGRF25S_6697,C-06697,9/26/2025,F,750,AD,1,3DD.003D7F7891,NA,F,OtsLYON21S_1_0950,OtsLYON21S_1_1799,OtsLYON21S_1,4,FALL,1,IPCSR,Abv
OtsLGRF25S,OtsLGRF25S_6699,C-06699,9/26/2025,F,750,AI,NA,3DD.003D7F78BB,NA,F,NA,NA,Unassigned,NA,FALL,1,NA,Abv
OtsLGRF25S,OtsLGRF25S_6701,C-06701,9/26/2025,M,490,AI,NA,NA,NA,M,NA,NA,Unassigned,NA,FALL,1,NA,Abv
OtsLGRF25S,OtsLGRF25S_6703,C-06703,9/26/2025,F,640,AD,1,NA,NA,F,OtsLYON22S_1_0257,OtsLYON22S_1_3260,OtsLYON22S_1,3,FALL,1,CJA2,Abv
OtsLGRF25S,OtsLGRF25S_6705,C-06705,9/26/2025,M,690,AD,1,NA,NA,M,OtsLYON22S_1_0278,OtsLYON22S_1_3341,OtsLYON22S_1,3,FALL,1,PLA2,Abv
OtsLGRF25S,OtsLGRF25S_6707,C-06707,9/26/2025,M,660,AI,NA,NA,NA,M,OtsLYON22S_1_0385,OtsLYON22S_1_4133,OtsLYON22S_1,3,FALL,1,IPCSR,Abv
OtsLGRF25S,OtsLGRF25S_6709,C-06709,9/26/2025,F,570,AI,NA,NA,NA,M,NA,NA,Unassigned,NA,FALL,1,NA,Abv
OtsLGRF25S,OtsLGRF25S_6711,C-06711,9/27/2025,M,630,AI,NA,NA,NA,M,OtsLYON22S_1_0584,OtsLYON22S_1_5103,OtsLYON22S_1,3,FALL,1,LFSO,blw
OtsLGRF25S,OtsLGRF25S_6713,C-06713,9/27/2025,M,660,AD,NA,NA,NA,M,OtsPBT21-LWSFa-6385,OtsPBT21-LWSFa-6460,OtsPBT21-LWSFa,4,FALL,1,LWSH,blw
OtsLGRF25S,OtsLGRF25S_6715,C-06715,9/27/2025,M,810,AD,1,3DD.003D7F737E,NA,M,OtsLYON21S_1_0697,OtsLYON21S_1_0264,OtsLYON21S_1,4,FALL,1,BCA1,Abv
OtsLGRF25S,OtsLGRF25S_6717,C-06717,9/27/2025,F,620,AI,NA,NA,NA,M,NA,NA,Unassigned,NA,FALL,1,NA,Abv
OtsLGRF25S,OtsLGRF25S_6719,C-06719,9/27/2025,M,420,AD,1,NA,NA,M,OtsLYON23S_1_0690,OtsLYON23S_1_5108,OtsLYON23S_1,2,FALL,1,GRR,Abv
OtsLGRF25S,OtsLGRF25S_6721,C-06721,9/27/2025,M,700,AI,NA,3DD.003D7F7382,NA,M,OtsLYON22S_1_0154,OtsLYON22S_1_3027,OtsLYON22S_1,3,FALL,1,CJA1,Abv
OtsLGRF25S,OtsLGRF25S_6723,C-06723,9/27/2025,M,670,AI,NA,NA,NA,M,OtsLYON22S_1_0345,OtsLYON22S_1_4009,OtsLYON22S_1,3,FALL,1,IPCSR,Abv
OtsLGRF25S,OtsLGRF25S_6725,C-06725,9/27/2025,M,650,AD,1,NA,NA,M,OtsLYON22S_1_0499,OtsLYON22S_1_4334,OtsLYON22S_1,3,FALL,1,GRR,Abv
OtsLGRF25S,OtsLGRF25S_6727,C-06727,9/27/2025,F,650,AD,1,NA,NA,F,OtsLYON21S_1_1039,OtsLYON21S_1_0600,OtsLYON21S_1,4,FALL,1,LFYO,blw
OtsLGRF25S,OtsLGRF25S_6729,C-06729,9/27/2025,M,670,AD,NA,NA,NA,M,OtsPBT21-PRHFa-1083,OtsPBT21-PRHFa-1165,OtsPBT21-PRHFa,4,FALL,1,PRFH,blw
OtsLGRF25S,OtsLGRF25S_6731,C-06731,9/27/2025,F,700,AD,1,3DD.003D7F7388,NA,F,OtsLYON21S_1_0979,OtsLYON21S_1_0584,OtsLYON21S_1,4,FALL,1,LFYO,blw
OtsLGRF25S,OtsLGRF25S_6733,C-06733,9/27/2025,F,640,AI,NA,NA,NA,F,OtsLYON22S_1_0119,OtsLYON22S_1_2206,OtsLYON22S_1,3,FALL,1,CJA1,Abv
OtsLGRF25S,OtsLGRF25S_6735,C-06735,9/27/2025,F,670,AD,1,NA,NA,F,OtsLYON21S_1_1132,OtsLYON21S_1_1370,OtsLYON21S_1,4,FALL,1,LFYO,blw
OtsLGRF25S,OtsLGRF25S_6737,C-06737,9/27/2025,M,660,AI,NA,NA,NA,M,OtsLYON22S_1_0145,OtsLYON22S_1_3020,OtsLYON22S_1,3,FALL,1,CJA1,Abv
OtsLGRF25S,OtsLGRF25S_6739,C-06739,9/27/2025,F,730,AD,1,3DD.003D7F736D,NA,F,OtsNPFH21S_1_1639,OtsNPFH21S_1_1559,OtsNPFH21S_1,4,FALL,1,CFA,Abv
OtsLGRF25S,OtsLGRF25S_6741,C-06741,9/27/2025,F,740,AI,NA,3DD.003D7F73A8,NA,F,OtsLYON21S_1_0751,OtsLYON21S_1_0381,OtsLYON21S_1,4,FALL,1,CJA1,Abv
OtsLGRF25S,OtsLGRF25S_6743,C-06743,9/27/2025,M,730,AD,1,3DD.003D7F7360,NA,M,OtsNPFH22S_1_0510,OtsNPFH22S_1_0455,OtsNPFH22S_1,3,FALL,1,NLVA,Abv
OtsLGRF25S,OtsLGRF25S_6745,C-06745,9/27/2025,M,640,AI,NA,NA,NA,M,NA,NA,Unassigned,NA,FALL,1,NA,Abv
OtsLGRF25S,OtsLGRF25S_6747,C-06747,9/27/2025,F,630,AD,1,NA,NA,F,OtsPBT21-LWSFa-6085,OtsPBT21-LWSFa-6271,OtsPBT21-LWSFa,4,FALL,1,LWSH,blw
OtsLGRF25S,OtsLGRF25S_6749,C-06749,9/27/2025,M,640,AD,1,NA,NA,M,OtsLYON21S_1_2108,OtsLYON21S_1_2314,OtsLYON21S_1,4,FALL,1,LFYO,blw
OtsLGRF25S,OtsLGRF25S_6751,C-06751,9/27/2025,F,740,AI,NA,3DD.003D7F738B,NA,F,OtsNPFH21S_1_1622,OtsNPFH21S_1_1541,OtsNPFH21S_1,4,FALL,1,LGA,Abv
OtsLGRF25S,OtsLGRF25S_6753,C-06753,9/27/2025,F,760,AD,1,3DD.003D7F78C8,NA,F,OtsLYON21S_1_1080,OtsLYON21S_1_1289,OtsLYON21S_1,4,FALL,1,LFYO,blw
OtsLGRF25S,OtsLGRF25S_6755,C-06755,9/27/2025,M,740,AI,NA,3DD.003D7F78B1,NA,M,OtsLYON22S_1_0164,OtsLYON22S_1_3068,OtsLYON22S_1,3,FALL,1,CJA1,Abv
OtsLGRF25S,OtsLGRF25S_6757,C-06757,9/27/2025,F,750,AI,NA,3DD.003D7F789B,NA,F,NA,NA,Unassigned,NA,FALL,1,NA,Abv
OtsLGRF25S,OtsLGRF25S_6759,C-06759,9/27/2025,F,680,AI,NA,NA,NA,F,OtsLYON22S_1_0113,OtsLYON22S_1_2181,OtsLYON22S_1,3,FALL,1,BCA1,Abv
OtsLGRF25S,OtsLGRF25S_6761,C-06761,9/27/2025,F,760,AI,NA,3DD.003D7F789F,NA,F,OtsLYON21S_1_0754,OtsLYON21S_1_0391,OtsLYON21S_1,4,FALL,1,CJA1,Abv
OtsLGRF25S,OtsLGRF25S_6763,C-06763,9/27/2025,M,790,AI,NA,3DD.003D7F78CD,NA,M,OtsLYON20S_1_1556,OtsLYON20S_1_1715,OtsLYON20S_1,5,FALL,1,IPCSR,Abv
OtsLGRF25S,OtsLGRF25S_6765,C-06765,9/27/2025,M,480,AI,NA,NA,NA,M,NA,NA,Unassigned,NA,FALL,1,NA,Abv
OtsLGRF25S,OtsLGRF25S_6767,C-06767,9/27/2025,M,700,AD,1,3DD.003D7F78AB,NA,M,OtsLYON22S_1_0109,OtsLYON22S_1_2159,OtsLYON22S_1,3,FALL,1,BCA1,Abv
OtsLGRF25S,OtsLGRF25S_6769,C-06769,9/27/2025,F,610,AD,1,NA,NA,F,OtsLYON21S_1_1179,OtsLYON21S_1_2305,OtsLYON21S_1,4,FALL,1,LFYO,blw
OtsLGRF25S,OtsLGRF25S_6771,C-06771,9/27/2025,M,670,AI,NA,NA,NA,M,OtsLYON22S_1_0107,OtsLYON22S_1_2162,OtsLYON22S_1,3,FALL,1,BCA1,Abv
OtsLGRF25S,OtsLGRF25S_6773,C-06773,9/27/2025,M,630,AI,NA,NA,NA,M,OtsLYON22S_1_0191,OtsLYON22S_1_3105,OtsLYON22S_1,3,FALL,1,LFSO,blw
OtsLGRF25S,OtsLGRF25S_6775,C-06775,9/27/2025,F,800,AI,NA,3DD.003D7F788E,NA,F,OtsNPFH20S_1_0818,OtsNPFH20S_1_0749,OtsNPFH20S_1,5,FALL,1,LGA,Abv
OtsLGRF25S,OtsLGRF25S_6777,C-06777,9/27/2025,M,530,AI,NA,NA,NA,M,OtsLYON23S_1_0616,OtsLYON23S_1_5057,OtsLYON23S_1,2,FALL,1,IPCSR,Abv
OtsLGRF25S,OtsLGRF25S_6779,C-06779,9/27/2025,M,650,AI,NA,NA,NA,M,OtsNPFH22S_1_0581,OtsNPFH22S_1_0542,OtsNPFH22S_1,3,FALL,1,NLVA,Abv
OtsLGRF25S,OtsLGRF25S_6781,C-06781,9/27/2025,M,660,AD,1,NA,NA,M,OtsLYON22S_1_0420,OtsLYON22S_1_4185,OtsLYON22S_1,3,FALL,1,IPCSR,Abv
OtsLGRF25S,OtsLGRF25S_6783,C-06783,9/27/2025,F,780,AI,NA,3DD.003D7F78A5,NA,F,NA,NA,Unassigned,NA,FALL,1,NA,Abv
OtsLGRF25S,OtsLGRF25S_6785,C-06785,9/27/2025,F,770,AD,1,3DD.003D7F78CB,NA,F,NA,NA,Unassigned,NA,FALL,1,NA,Abv
OtsLGRF25S,OtsLGRF25S_6787,C-06787,9/27/2025,F,640,AI,NA,NA,NA,F,OtsLYON22S_1_0121,OtsLYON22S_1_2176,OtsLYON22S_1,3,FALL,1,BCA1,Abv
OtsLGRF25S,OtsLGRF25S_6789,C-06789,9/27/2025,F,720,AD,1,3DD.003D7F787C,NA,F,OtsLYON21S_1_0747,OtsLYON21S_1_0367,OtsLYON21S_1,4,FALL,1,CJA1,Abv
OtsLGRF25S,OtsLGRF25S_6791,C-06791,9/27/2025,F,690,AD,1,NA,NA,F,OtsPBT22-LWSFa-5326,OtsPBT22-LWSFa-5147,OtsPBT22-LWSFa,3,FALL,1,LWSH,blw
OtsLGRF25S,OtsLGRF25S_6793,C-06793,9/27/2025,F,700,AI,NA,3DD.003D7F78BD,NA,F,OtsNPFH22S_1_0651,OtsNPFH22S_1_0598,OtsNPFH22S_1,3,FALL,1,NLVA,Abv
OtsLGRF25S,OtsLGRF25S_6795,C-06795,9/27/2025,F,700,AI,NA,3DD.003D7F7889,NA,F,OtsLYON21S_1_0605,OtsLYON21S_1_0010,OtsLYON21S_1,4,FALL,1,PLA1,Abv
OtsLGRF25S,OtsLGRF25S_6797,C-06797,9/27/2025,M,610,AI,NA,NA,NA,M,OtsLYON22S_1_0439,OtsLYON22S_1_4249,OtsLYON22S_1,3,FALL,1,IPCSR,Abv
OtsLGRF25S,OtsLGRF25S_6799,C-06799,9/27/2025,F,600,AD,1,NA,NA,F,OtsLYON21S_1_0855,OtsLYON21S_1_1831,OtsLYON21S_1,4,FALL,1,BCA2,Abv
OtsLGRF25S,OtsLGRF25S_6801,C-06801,9/27/2025,F,760,AI,NA,3DD.003D7F78D4,NA,F,NA,NA,Unassigned,NA,FALL,1,NA,Abv
OtsLGRF25S,OtsLGRF25S_6803,C-06803,9/27/2025,M,810,AI,NA,3DD.003D7F78BE,NA,M,OtsLYON21S_1_0958,OtsLYON21S_1_1795,OtsLYON21S_1,4,FALL,1,IPCSR,Abv
OtsLGRF25S,OtsLGRF25S_6805,C-06805,9/27/2025,F,790,AI,NA,3DD.003D7F78A8,NA,F,OtsNPFH21S_1_1630,OtsNPFH21S_1_1549,OtsNPFH21S_1,4,FALL,1,LGA,Abv
OtsLGRF25S,OtsLGRF25S_6807,C-06807,9/27/2025,M,670,AD,1,NA,NA,M,OtsLYON22S_1_0288,OtsLYON22S_1_3326,OtsLYON22S_1,3,FALL,1,BCA2,Abv
OtsLGRF25S,OtsLGRF25S_6809,C-06809,9/27/2025,M,610,AI,NA,NA,NA,M,NA,NA,Unassigned,NA,FALL,1,NA,Abv
OtsLGRF25S,OtsLGRF25S_6811,C-06811,9/27/2025,F,720,AD,1,3DD.003D7F78B2,NA,F,OtsLYON21S_1_1144,OtsLYON21S_1_1405,OtsLYON21S_1,4,FALL,1,LFYO,blw
OtsLGRF25S,OtsLGRF25S_6813,C-06813,9/28/2025,M,810,AD,1,3DD.003D7F78AD,NA,M,OtsLYON21S_1_0773,OtsLYON21S_1_0443,OtsLYON21S_1,4,FALL,1,LFSO,blw
OtsLGRF25S,OtsLGRF25S_6815,C-06815,9/28/2025,F,690,AI,NA,NA,NA,F,OtsLYON21S_1_0957,OtsLYON21S_1_1790,OtsLYON21S_1,4,FALL,1,IPCSR,Abv
OtsLGRF25S,OtsLGRF25S_6817,C-06817,9/28/2025,M,730,AI,NA,3DD.003D7F78B7,NA,M,NA,NA,Unassigned,NA,FALL,1,NA,Abv
OtsLGRF25S,OtsLGRF25S_6819,C-06819,9/28/2025,M,620,AI,NA,NA,NA,M,OtsLYON22S_1_0386,OtsLYON22S_1_4136,OtsLYON22S_1,3,FALL,1,IPCSR,Abv
OtsLGRF25S,OtsLGRF25S_6821,C-06821,9/28/2025,F,700,AD,1,3DD.003D7F788B,NA,F,OtsLYON21S_1_0790,OtsLYON21S_1_0487,OtsLYON21S_1,4,FALL,1,LFSO,blw
OtsLGRF25S,OtsLGRF25S_6823,C-06823,9/28/2025,F,650,AD,1,NA,NA,F,OtsLYON21S_1_1044,OtsLYON21S_1_1207,OtsLYON21S_1,4,FALL,1,LFYO,blw
OtsLGRF25S,OtsLGRF25S_6825,C-06825,9/28/2025,M,500,AI,NA,NA,NA,M,NA,NA,Unassigned,NA,FALL,1,NA,Abv
OtsLGRF25S,OtsLGRF25S_6827,C-06827,9/28/2025,M,670,AI,NA,NA,NA,M,OtsLYON22S_1_0340,OtsLYON22S_1_4006,OtsLYON22S_1,3,FALL,1,IPCSR,Abv
OtsLGRF25S,OtsLGRF25S_6829,C-06829,9/28/2025,M,710,AI,NA,3DD.003D7F787B,NA,M,NA,NA,Unassigned,NA,FALL,1,NA,Abv
OtsLGRF25S,OtsLGRF25S_6831,C-06831,9/28/2025,M,620,AD,NA,NA,NA,M,OtsPBT22-LWSFa-4705,OtsPBT22-LWSFa-4923,OtsPBT22-LWSFa,3,FALL,1,LWSH,blw
OtsLGRF25S,OtsLGRF25S_6833,C-06833,9/28/2025,M,460,AD,1,NA,NA,M,OtsLYON23S_1_0269,OtsLYON23S_1_3044,OtsLYON23S_1,2,FALL,1,LFSO,blw
OtsLGRF25S,OtsLGRF25S_6835,C-06835,9/28/2025,F,700,AD,1,3DD.003D7F7895,NA,F,NA,NA,Unassigned,NA,FALL,1,NA,Abv
OtsLGRF25S,OtsLGRF25S_6837,C-06837,9/28/2025,M,660,AD,1,NA,NA,M,OtsLYON22S_1_0491,OtsLYON22S_1_4308,OtsLYON22S_1,3,FALL,1,GRR,Abv
OtsLGRF25S,OtsLGRF25S_6839,C-06839,9/28/2025,F,670,AI,NA,NA,NA,F,OtsNPFH21S_1_0488,OtsNPFH21S_1_0432,OtsNPFH21S_1,4,FALL,1,NLVA,Abv
OtsLGRF25S,OtsLGRF25S_6841,C-06841,9/28/2025,F,740,AI,NA,3DD.003D7F788D,NA,F,OtsNPFH21S_1_1331,OtsNPFH21S_1_1048,OtsNPFH21S_1,4,FALL,1,NPTH,Abv
OtsLGRF25S,OtsLGRF25S_6843,C-06843,9/28/2025,F,670,AI,NA,NA,NA,F,OtsNPFH22S_1_0356,OtsNPFH22S_1_0293,OtsNPFH22S_1,3,FALL,1,CFA,Abv
OtsLGRF25S,OtsLGRF25S_6845,C-06845,9/28/2025,M,440,AI,NA,NA,NA,M,OtsLYON23S_1_0272,OtsLYON23S_1_3048,OtsLYON23S_1,2,FALL,1,LFSO,blw
OtsLGRF25S,OtsLGRF25S_6847,C-06847,9/28/2025,F,790,AI,NA,3DD.003D7F7873,NA,F,OtsLYON20S_1_0467,OtsLYON20S_1_0522,OtsLYON20S_1,5,FALL,1,LFSO,blw
OtsLGRF25S,OtsLGRF25S_6849,C-06849,9/28/2025,F,730,AI,NA,NA,NA,F,OtsLYON21S_1_0661,OtsLYON21S_1_0120,OtsLYON21S_1,4,FALL,1,BCA1,Abv
OtsLGRF25S,OtsLGRF25S_6851,C-06851,9/28/2025,M,670,AD,1,NA,NA,M,OtsLYON22S_1_0025,OtsLYON22S_1_1055,OtsLYON22S_1,3,FALL,1,PLA1,Abv
OtsLGRF25S,OtsLGRF25S_6853,C-06853,9/28/2025,F,820,AI,NA,NA,NA,F,NA,NA,Unassigned,NA,FALL,1,NA,Abv
OtsLGRF25S,OtsLGRF25S_6855,C-06855,9/28/2025,M,580,AD,1,NA,NA,M,OtsLYON22S_1_0286,OtsLYON22S_1_3324,OtsLYON22S_1,3,FALL,1,BCA2,Abv
OtsLGRF25S,OtsLGRF25S_6857,C-06857,9/28/2025,F,800,AI,NA,NA,NA,F,OtsLYON21S_1_0793,OtsLYON21S_1_0494,OtsLYON21S_1,4,FALL,1,LFSO,blw
OtsLGRF25S,OtsLGRF25S_6859,C-06859,9/28/2025,F,610,AI,NA,NA,NA,F,OtsLYON22S_1_0001,OtsLYON22S_1_1007,OtsLYON22S_1,3,FALL,1,PLA1,Abv
OtsLGRF25S,OtsLGRF25S_6861,C-06861,9/28/2025,F,840,AI,NA,NA,NA,F,OtsLYON20S_1_1809,OtsLYON20S_1_2030,OtsLYON20S_1,5,FALL,1,LFSO,blw
OtsLGRF25S,OtsLGRF25S_6863,C-06863,9/28/2025,F,640,AD,1,NA,NA,F,OtsLYON21S_1_0786,OtsLYON21S_1_0467,OtsLYON21S_1,4,FALL,1,LFSO,blw
OtsLGRF25S,OtsLGRF25S_6865,C-06865,9/28/2025,M,730,AI,NA,3DD.003D7F78C0,NA,M,OtsLYON21S_1_0803,OtsLYON21S_1_1610,OtsLYON21S_1,4,FALL,1,LFSO,blw
OtsLGRF25S,OtsLGRF25S_6867,C-06867,9/28/2025,F,740,AD,NA,NA,NA,F,OtsPBT21-PRHFa-1269,OtsPBT21-PRHFa-1434,OtsPBT21-PRHFa,4,FALL,1,PRFH,blw
OtsLGRF25S,OtsLGRF25S_6869,C-06869,9/28/2025,F,710,AD,1,NA,NA,F,OtsLYON21S_1_0883,OtsLYON21S_1_1876,OtsLYON21S_1,4,FALL,1,BCA2,Abv
OtsLGRF25S,OtsLGRF25S_6871,C-06871,9/28/2025,M,550,AI,NA,NA,NA,M,OtsLYON21S_1_0677,OtsLYON21S_1_0205,OtsLYON21S_1,4,FALL,1,BCA1,Abv
OtsLGRF25S,OtsLGRF25S_6873,C-06873,9/28/2025,F,750,AI,NA,NA,NA,F,NA,NA,Unassigned,NA,FALL,1,NA,Abv
OtsLGRF25S,OtsLGRF25S_6875,C-06875,9/28/2025,M,560,AD,1,NA,NA,M,OtsLYON22S_1_0536,OtsLYON22S_1_5027,OtsLYON22S_1,3,FALL,1,LFYO,blw
OtsLGRF25S,OtsLGRF25S_6877,C-06877,9/28/2025,F,760,AD,1,NA,NA,F,OtsLYON21S_1_0786,OtsLYON21S_1_0465,OtsLYON21S_1,4,FALL,1,LFSO,blw
OtsLGRF25S,OtsLGRF25S_6879,C-06879,9/28/2025,M,560,AI,NA,NA,NA,M,OtsLYON22S_1_0602,OtsLYON22S_1_5153,OtsLYON22S_1,3,FALL,1,LFSO,blw
OtsLGRF25S,OtsLGRF25S_6881,C-06881,9/28/2025,F,760,AI,NA,NA,NA,F,NA,NA,Unassigned,NA,FALL,1,NA,Abv
OtsLGRF25S,OtsLGRF25S_6883,C-06883,9/28/2025,M,680,AI,NA,NA,NA,M,OtsLYON22S_1_0379,OtsLYON22S_1_4110,OtsLYON22S_1,3,FALL,1,IPCSR,Abv
OtsLGRF25S,OtsLGRF25S_6885,C-06885,9/28/2025,F,780,AD,1,NA,NA,F,OtsLYON20S_1_0479,OtsLYON20S_1_0517,OtsLYON20S_1,5,FALL,1,LFSO,blw
OtsLGRF25S,OtsLGRF25S_6887,C-06887,9/28/2025,F,660,AI,NA,NA,NA,F,OtsLYON22S_1_0439,OtsLYON22S_1_4249,OtsLYON22S_1,3,FALL,1,IPCSR,Abv
OtsLGRF25S,OtsLGRF25S_6889,C-06889,9/28/2025,F,740,AI,NA,NA,NA,F,NA,NA,Unassigned,NA,FALL,1,NA,Abv
OtsLGRF25S,OtsLGRF25S_6891,C-06891,9/28/2025,M,620,AI,NA,NA,NA,M,OtsPBT22-LWSFa-8120,OtsPBT22-LWSFa-8229,OtsPBT22-LWSFa,3,FALL,1,LWSH,blw
OtsLGRF25S,OtsLGRF25S_6893,C-06893,9/28/2025,F,800,AD,1,NA,NA,F,OtsLYON20S_1_1443,OtsLYON20S_1_1237,OtsLYON20S_1,5,FALL,1,LFYO,blw
OtsLGRF25S,OtsLGRF25S_6895,C-06895,9/28/2025,M,420,AD,1,NA,NA,M,OtsLYON23S_1_0227,OtsLYON23S_1_2291,OtsLYON23S_1,2,FALL,1,LFSO,blw
OtsLGRF25S,OtsLGRF25S_6897,C-06897,9/28/2025,F,710,AD,1,NA,NA,F,OtsLYON22S_1_0410,OtsLYON22S_1_4168,OtsLYON22S_1,3,FALL,1,IPCSR,Abv
OtsLGRF25S,OtsLGRF25S_6899,C-06899,9/28/2025,F,700,AI,NA,NA,NA,F,NA,NA,Unassigned,NA,FALL,1,NA,Abv
OtsLGRF25S,OtsLGRF25S_6901,C-06901,9/28/2025,F,720,AD,1,NA,NA,F,OtsLYON20S_1_1409,OtsLYON20S_1_0984,OtsLYON20S_1,5,FALL,1,LFYO,blw
OtsLGRF25S,OtsLGRF25S_6903,C-06903,9/29/2025,M,720,AI,NA,3DD.003D7F7878,NA,M,NA,NA,Unassigned,NA,FALL,1,NA,Abv
OtsLGRF25S,OtsLGRF25S_6905,C-06905,9/29/2025,M,630,AD,1,NA,NA,M,OtsLYON22S_1_0315,OtsLYON22S_1_3395,OtsLYON22S_1,3,FALL,1,LFYO,blw
OtsLGRF25S,OtsLGRF25S_6907,C-06907,9/29/2025,F,760,AI,NA,NA,NA,F,OtsLYON21S_1_0806,OtsLYON21S_1_1604,OtsLYON21S_1,4,FALL,1,LFSO,blw
OtsLGRF25S,OtsLGRF25S_6909,C-06909,9/29/2025,F,750,AI,NA,NA,NA,F,NA,NA,Unassigned,NA,FALL,1,NA,Abv
OtsLGRF25S,OtsLGRF25S_6911,C-06911,9/29/2025,F,640,AD,1,NA,NA,M,OtsLYON22S_1_0060,OtsLYON22S_1_2074,OtsLYON22S_1,3,FALL,1,BCA1,Abv
OtsLGRF25S,OtsLGRF25S_6913,C-06913,9/29/2025,M,670,AI,NA,NA,NA,M,NA,NA,Unassigned,NA,FALL,1,NA,Abv
OtsLGRF25S,OtsLGRF25S_6915,C-06915,9/29/2025,M,680,AI,NA,NA,NA,M,OtsLYON22S_1_0566,OtsLYON22S_1_5072,OtsLYON22S_1,3,FALL,1,LFSO,blw
OtsLGRF25S,OtsLGRF25S_6917,C-06917,9/29/2025,F,770,AD,1,NA,NA,F,OtsLYON21S_1_0946,OtsLYON21S_1_1779,OtsLYON21S_1,4,FALL,1,IPCSR,Abv
OtsLGRF25S,OtsLGRF25S_6919,C-06919,9/29/2025,F,740,AI,NA,NA,NA,F,NA,NA,Unassigned,NA,FALL,1,NA,Abv
OtsLGRF25S,OtsLGRF25S_6921,C-06921,9/29/2025,M,670,AD,1,NA,NA,M,OtsNPFH21S_1_1156,OtsNPFH21S_1_1494,OtsNPFH21S_1,4,FALL,1,NPTH,Abv
OtsLGRF25S,OtsLGRF25S_6923,C-06923,9/29/2025,M,760,AI,NA,3DD.003D7F78B3,NA,M,NA,NA,Unassigned,NA,FALL,1,NA,Abv
OtsLGRF25S,OtsLGRF25S_6925,C-06925,9/29/2025,F,680,AI,NA,NA,NA,F,NA,NA,Unassigned,NA,FALL,1,NA,Abv
OtsLGRF25S,OtsLGRF25S_6927,C-06927,9/29/2025,F,730,AI,NA,NA,NA,M,NA,NA,Unassigned,NA,FALL,1,NA,Abv
OtsLGRF25S,OtsLGRF25S_6929,C-06929,9/29/2025,F,750,AI,NA,NA,NA,M,OtsLYON21S_1_0816,OtsLYON21S_1_1639,OtsLYON21S_1,4,FALL,1,LFSO,blw
OtsLGRF25S,OtsLGRF25S_6931,C-06931,9/29/2025,F,750,AD,1,NA,NA,F,OtsNPFH22S_1_0321,OtsNPFH22S_1_0230,OtsNPFH22S_1,3,FALL,1,NLVA,Abv
OtsLGRF25S,OtsLGRF25S_6933,C-06933,9/29/2025,F,710,AI,NA,NA,NA,F,OtsLYON22S_1_0474,OtsLYON22S_1_4294,OtsLYON22S_1,3,FALL,1,IPCSR,Abv
OtsLGRF25S,OtsLGRF25S_6935,C-06935,9/29/2025,F,690,AD,1,NA,NA,F,OtsLYON22S_1_0171,OtsLYON22S_1_3058,OtsLYON22S_1,3,FALL,1,CJA1,Abv
OtsLGRF25S,OtsLGRF25S_6937,C-06937,9/29/2025,M,670,AD,NA,NA,NA,M,OtsLYON22S_1_0502,OtsLYON22S_1_4343,OtsLYON22S_1,3,FALL,1,GRR,Abv
OtsLGRF25S,OtsLGRF25S_6939,C-06939,9/29/2025,M,680,AD,1,NA,NA,M,OtsLYON22S_1_0336,OtsLYON22S_1_3387,OtsLYON22S_1,3,FALL,1,PLA2,Abv
OtsLGRF25S,OtsLGRF25S_6941,C-06941,9/29/2025,F,760,AI,NA,NA,NA,F,NA,NA,Unassigned,NA,FALL,1,NA,Abv
OtsLGRF25S,OtsLGRF25S_6943,C-06943,9/29/2025,F,800,AI,NA,NA,NA,M,NA,NA,Unassigned,NA,FALL,1,NA,Abv
OtsLGRF25S,OtsLGRF25S_6945,C-06945,9/29/2025,F,860,AD,1,NA,NA,F,OtsNPFH20S_1_0561,OtsNPFH20S_1_0517,OtsNPFH20S_1,5,FALL,1,LGA,Abv
OtsLGRF25S,OtsLGRF25S_6947,C-06947,9/29/2025,F,730,AI,NA,NA,NA,F,OtsLYON21S_1_0693,OtsLYON21S_1_0250,OtsLYON21S_1,4,FALL,1,BCA1,Abv
OtsLGRF25S,OtsLGRF25S_6949,C-06949,9/29/2025,M,640,AI,NA,NA,NA,M,OtsLYON22S_1_0050,OtsLYON22S_1_2064,OtsLYON22S_1,3,FALL,1,BCA1,Abv
OtsLGRF25S,OtsLGRF25S_6951,C-06951,9/29/2025,F,680,AI,NA,NA,NA,F,OtsLYON22S_1_0171,OtsLYON22S_1_3057,OtsLYON22S_1,3,FALL,1,CJA1,Abv
OtsLGRF25S,OtsLGRF25S_6953,C-06953,9/29/2025,M,690,AI,NA,NA,NA,M,NA,NA,Unassigned,NA,FALL,1,NA,Abv
OtsLGRF25S,OtsLGRF25S_6955,C-06955,9/29/2025,M,640,AI,NA,NA,NA,M,OtsLYON22S_1_0270,OtsLYON22S_1_3274,OtsLYON22S_1,3,FALL,1,CJA2,Abv
OtsLGRF25S,OtsLGRF25S_6957,C-06957,9/29/2025,M,660,AI,NA,NA,NA,F,OtsLYON22S_1_0399,OtsLYON22S_1_4147,OtsLYON22S_1,3,FALL,1,IPCSR,Abv
OtsLGRF25S,OtsLGRF25S_6959,C-06959,9/29/2025,M,630,AI,NA,NA,NA,M,OtsLYON22S_1_0358,OtsLYON22S_1_4037,OtsLYON22S_1,3,FALL,1,IPCSR,Abv
OtsLGRF25S,OtsLGRF25S_6961,C-06961,9/29/2025,F,710,AD,NA,NA,This sample is a duplicate with OtsLGRF25S_7347.,F,OtsPBT20-LWSFa-4552,OtsPBT20-LWSFa-4858,OtsPBT20-LWSFa,5,FALL,1,LWSH,blw
OtsLGRF25S,OtsLGRF25S_6963,C-06963,9/29/2025,M,410,AI,NA,NA,NA,M,OtsLYON23S_1_0195,OtsLYON23S_1_2227,OtsLYON23S_1,2,FALL,1,BCA1,Abv
OtsLGRF25S,OtsLGRF25S_6965,C-06965,9/29/2025,M,900,AI,NA,3DD.003D7F789E,NA,M,OtsLYON20S_1_1534,OtsLYON20S_1_1698,OtsLYON20S_1,5,FALL,1,IPCSR,Abv
OtsLGRF25S,OtsLGRF25S_6967,C-06967,9/29/2025,M,560,AI,NA,NA,NA,M,OtsLYON23S_1_0567,OtsLYON23S_1_4283,OtsLYON23S_1,2,FALL,1,IPCSR,Abv
OtsLGRF25S,OtsLGRF25S_6969,C-06969,9/29/2025,M,630,AD,NA,NA,This sample is a duplicate with OtsLGRF25S_7665.,M,OtsPBT22-RSHFa3M-0101,OtsPBT22-RSHFa3M-0077,OtsPBT22-RSHFa,3,FALL,1,RSFH,blw
OtsLGRF25S,OtsLGRF25S_6971,C-06971,9/29/2025,M,650,AI,NA,NA,NA,M,OtsLYON22S_1_0523,OtsLYON22S_1_4368,OtsLYON22S_1,3,FALL,1,CJA1,Abv
OtsLGRF25S,OtsLGRF25S_6973,C-06973,9/29/2025,F,730,AD,1,NA,NA,F,OtsLYON21S_1_0967,OtsLYON21S_1_0540,OtsLYON21S_1,4,FALL,1,LFYO,blw
OtsLGRF25S,OtsLGRF25S_6975,C-06975,9/29/2025,M,670,AD,1,NA,NA,M,OtsLYON22S_1_0300,OtsLYON22S_1_3352,OtsLYON22S_1,3,FALL,1,PLA2,Abv
OtsLGRF25S,OtsLGRF25S_6977,C-06977,9/29/2025,F,630,AD,NA,NA,NA,F,OtsPBT22-PRHFa-5817,OtsPBT22-PRHFa-6276,OtsPBT22-PRHFa,3,FALL,1,PRFH,blw
OtsLGRF25S,OtsLGRF25S_6979,C-06979,9/29/2025,F,800,AI,NA,NA,NA,F,NA,NA,Unassigned,NA,FALL,1,NA,Abv
OtsLGRF25S,OtsLGRF25S_6981,C-06981,9/29/2025,F,740,AI,NA,NA,NA,F,NA,NA,Unassigned,NA,FALL,1,NA,Abv
OtsLGRF25S,OtsLGRF25S_6983,C-06983,9/29/2025,F,890,AI,NA,NA,NA,F,NA,NA,Unassigned,NA,FALL,1,NA,Abv
OtsLGRF25S,OtsLGRF25S_6985,C-06985,9/29/2025,F,770,AD,1,NA,NA,F,OtsLYON21S_1_0618,OtsLYON21S_1_0037,OtsLYON21S_1,4,FALL,1,PLA1,Abv
OtsLGRF25S,OtsLGRF25S_6987,C-06987,9/29/2025,F,640,AI,NA,NA,NA,M,OtsLYON22S_1_0039,OtsLYON22S_1_2041,OtsLYON22S_1,3,FALL,1,PLA1,Abv
OtsLGRF25S,OtsLGRF25S_6989,C-06989,9/29/2025,M,670,AD,NA,NA,NA,M,OtsPBT22-PRHFa-4773,OtsPBT22-PRHFa-4943,OtsPBT22-PRHFa,3,FALL,1,PRFH,blw
OtsLGRF25S,OtsLGRF25S_6991,C-06991,9/29/2025,M,660,AD,NA,NA,NA,M,OtsPBT21-LWSFa-6360,OtsPBT21-LWSFa-6430,OtsPBT21-LWSFa,4,FALL,1,LWSH,blw
OtsLGRF25S,OtsLGRF25S_6993,C-06993,9/29/2025,M,590,AD,1,NA,NA,M,OtsLYON22S_1_0315,OtsLYON22S_1_3397,OtsLYON22S_1,3,FALL,1,PLA2,Abv
OtsLGRF25S,OtsLGRF25S_6995,C-06995,9/29/2025,M,460,AI,NA,NA,NA,M,OtsLYON23S_1_0272,OtsLYON23S_1_3048,OtsLYON23S_1,2,FALL,1,LFSO,blw
OtsLGRF25S,OtsLGRF25S_6997,C-06997,9/29/2025,M,640,AI,NA,NA,NA,M,OtsLYON22S_1_0412,OtsLYON22S_1_4177,OtsLYON22S_1,3,FALL,1,IPCSR,Abv
OtsLGRF25S,OtsLGRF25S_6999,C-06999,9/29/2025,F,830,AD,1,NA,NA,F,OtsLYON21S_1_0836,OtsLYON21S_1_1683,OtsLYON21S_1,4,FALL,1,CJA2,Abv
OtsLGRF25S,OtsLGRF25S_7001,C-07001,9/29/2025,F,670,AD,1,NA,NA,F,OtsLYON22S_1_0247,OtsLYON22S_1_3246,OtsLYON22S_1,3,FALL,1,CJA2,Abv
OtsLGRF25S,OtsLGRF25S_7003,C-07003,9/29/2025,M,640,AD,NA,NA,NA,F,OtsPBT22-LWSFa-5257,OtsPBT22-LWSFa-5079,OtsPBT22-LWSFa,3,FALL,1,LWSH,blw
OtsLGRF25S,OtsLGRF25S_7005,C-07005,9/29/2025,M,910,AI,NA,3DD.003D7F787E,NA,M,OtsNPFH21S_1_0475,OtsNPFH21S_1_0405,OtsNPFH21S_1,4,FALL,1,NLVA,Abv
OtsLGRF25S,OtsLGRF25S_7007,C-07007,9/29/2025,F,800,AI,NA,NA,NA,F,OtsLYON20S_1_1820,OtsLYON20S_1_2022,OtsLYON20S_1,5,FALL,1,LFSO,blw
OtsLGRF25S,OtsLGRF25S_7009,C-07009,9/29/2025,M,680,AI,NA,NA,NA,F,NA,NA,Unassigned,NA,FALL,1,NA,Abv
OtsLGRF25S,OtsLGRF25S_7011,C-07011,9/29/2025,M,610,AI,NA,NA,NA,M,NA,NA,Unassigned,NA,FALL,1,NA,Abv
OtsLGRF25S,OtsLGRF25S_7013,C-07013,9/29/2025,M,680,AD,1,NA,NA,M,OtsLYON22S_1_0137,OtsLYON22S_1_3019,OtsLYON22S_1,3,FALL,1,CJA1,Abv
OtsLGRF25S,OtsLGRF25S_7015,C-07015,9/29/2025,M,680,AD,1,NA,NA,M,OtsLYON21S_1_1141,OtsLYON21S_1_1397,OtsLYON21S_1,4,FALL,1,LFYO,blw
OtsLGRF25S,OtsLGRF25S_7017,C-07017,9/29/2025,M,610,AD,NA,NA,This sample is a duplicate with OtsLGRF25S_7091.,M,OtsPBT22-LWSFa-4727,OtsPBT22-LWSFa-4945,OtsPBT22-LWSFa,3,FALL,1,LWSH,blw
OtsLGRF25S,OtsLGRF25S_7019,C-07019,9/29/2025,M,680,AI,NA,NA,NA,M,NA,NA,Unassigned,NA,FALL,1,NA,Abv
OtsLGRF25S,OtsLGRF25S_7021,C-07021,9/29/2025,M,610,AI,NA,NA,NA,M,NA,NA,Unassigned,NA,FALL,1,NA,Abv
OtsLGRF25S,OtsLGRF25S_7023,C-07023,9/29/2025,M,680,AD,1,NA,NA,M,OtsLYON22S_1_0287,OtsLYON22S_1_3343,OtsLYON22S_1,3,FALL,1,PLA2,Abv
OtsLGRF25S,OtsLGRF25S_7025,C-07025,9/29/2025,M,870,AI,NA,3DD.003D7F7892,NA,M,NA,NA,Unassigned,NA,FALL,1,NA,Abv
OtsLGRF25S,OtsLGRF25S_7027,C-07027,9/29/2025,F,760,AI,NA,NA,NA,F,OtsLYON21S_1_0913,OtsLYON21S_1_1970,OtsLYON21S_1,4,FALL,1,IPCSR,Abv
OtsLGRF25S,OtsLGRF25S_7029,C-07029,9/30/2025,F,670,AD,NA,NA,NA,F,OtsLYON22S_1_0096,OtsLYON22S_1_2136,OtsLYON22S_1,3,FALL,1,BCA1,Abv
OtsLGRF25S,OtsLGRF25S_7031,C-07031,9/30/2025,F,740,AD,NA,NA,NA,F,OtsLYON21S_1_0756,OtsLYON21S_1_0436,OtsLYON21S_1,4,FALL,1,LFSO,blw
OtsLGRF25S,OtsLGRF25S_7033,C-07033,9/30/2025,F,790,AI,NA,NA,NA,F,OtsLYON21S_1_0816,OtsLYON21S_1_1638,OtsLYON21S_1,4,FALL,1,LFSO,blw
OtsLGRF25S,OtsLGRF25S_7035,C-07035,9/30/2025,M,600,AD,NA,NA,NA,M,OtsLYON22S_1_0263,OtsLYON22S_1_3270,OtsLYON22S_1,3,FALL,1,CJA2,Abv
OtsLGRF25S,OtsLGRF25S_7037,C-07037,9/30/2025,F,700,AD,NA,NA,NA,F,OtsPBT21-LWSFa-6323,OtsPBT21-LWSFa-6152,OtsPBT21-LWSFa,4,FALL,1,LWSH,blw
OtsLGRF25S,OtsLGRF25S_7039,C-07039,9/30/2025,F,720,AD,1,NA,NA,F,OtsLYON21S_1_1020,OtsLYON21S_1_0556,OtsLYON21S_1,4,FALL,1,LFYO,blw
OtsLGRF25S,OtsLGRF25S_7041,C-07041,9/30/2025,F,810,AI,NA,NA,NA,F,NA,NA,Unassigned,NA,FALL,1,NA,Abv
OtsLGRF25S,OtsLGRF25S_7043,C-07043,9/30/2025,F,710,AD,1,NA,NA,F,OtsLYON21S_1_0891,OtsLYON21S_1_1896,OtsLYON21S_1,4,FALL,1,PLA2,Abv
OtsLGRF25S,OtsLGRF25S_7045,C-07045,9/30/2025,F,660,AI,NA,NA,NA,F,OtsLYON22S_1_0462,OtsLYON22S_1_4261,OtsLYON22S_1,3,FALL,1,IPCSR,Abv
OtsLGRF25S,OtsLGRF25S_7047,C-07047,9/30/2025,M,550,AI,NA,NA,NA,M,NA,NA,Unassigned,NA,FALL,1,NA,Abv
OtsLGRF25S,OtsLGRF25S_7049,C-07049,9/30/2025,F,700,AD,1,NA,NA,F,OtsPBT21-UmaFa-3276,OtsPBT21-UmaFa-3288,OtsPBT21-UmaFa,4,FALL,1,UMFH,blw
OtsLGRF25S,OtsLGRF25S_7051,C-07051,9/30/2025,M,450,AI,NA,NA,NA,M,OtsLYON23S_1_0278,OtsLYON23S_1_3065,OtsLYON23S_1,2,FALL,1,LFSO,blw
OtsLGRF25S,OtsLGRF25S_7053,C-07053,9/30/2025,M,580,AD,1,NA,NA,M,OtsLYON22S_1_0167,OtsLYON22S_1_3048,OtsLYON22S_1,3,FALL,1,CJA1,Abv
OtsLGRF25S,OtsLGRF25S_7055,C-07055,9/30/2025,F,790,AI,NA,NA,NA,F,OtsLYON21S_1_0941,OtsLYON21S_1_1765,OtsLYON21S_1,4,FALL,1,IPCSR,Abv
OtsLGRF25S,OtsLGRF25S_7057,C-07057,9/30/2025,M,670,AD,1,NA,NA,M,OtsLYON21S_1_0994,OtsLYON21S_1_0548,OtsLYON21S_1,4,FALL,1,LFYO,blw
OtsLGRF25S,OtsLGRF25S_7059,C-07059,9/30/2025,M,660,AI,NA,NA,NA,M,OtsLYON22S_1_0185,OtsLYON22S_1_3093,OtsLYON22S_1,3,FALL,1,LFSO,blw
OtsLGRF25S,OtsLGRF25S_7061,C-07061,9/30/2025,M,420,AD,1,NA,NA,M,OtsLYON23S_1_0349,OtsLYON23S_1_3195,OtsLYON23S_1,2,FALL,1,BCA2,Abv
OtsLGRF25S,OtsLGRF25S_7063,C-07063,9/30/2025,M,700,AI,NA,3DD.003D7F78BC,NA,M,OtsLYON22S_1_0228,OtsLYON22S_1_3192,OtsLYON22S_1,3,FALL,1,LFSO,blw
OtsLGRF25S,OtsLGRF25S_7065,C-07065,9/30/2025,F,720,AI,NA,NA,NA,F,NA,NA,Unassigned,NA,FALL,1,NA,Abv
OtsLGRF25S,OtsLGRF25S_7067,C-07067,9/30/2025,M,660,AI,NA,NA,NA,M,OtsLYON22S_1_0592,OtsLYON22S_1_5128,OtsLYON22S_1,3,FALL,1,LFSO,blw
OtsLGRF25S,OtsLGRF25S_7069,C-07069,9/30/2025,F,790,AD,1,NA,NA,F,OtsLYON21S_1_0781,OtsLYON21S_1_0455,OtsLYON21S_1,4,FALL,1,LFSO,blw
OtsLGRF25S,OtsLGRF25S_7071,C-07071,9/30/2025,F,730,AI,NA,NA,NA,F,NA,NA,Unassigned,NA,FALL,1,NA,Abv
OtsLGRF25S,OtsLGRF25S_7073,C-07073,9/30/2025,M,780,AD,1,3DD.003D7F78C7,NA,M,OtsLYON21S_1_0772,OtsLYON21S_1_0446,OtsLYON21S_1,4,FALL,1,LFSO,blw
OtsLGRF25S,OtsLGRF25S_7075,C-07075,9/30/2025,F,770,AI,NA,NA,NA,F,NA,NA,Unassigned,NA,FALL,1,NA,Abv
OtsLGRF25S,OtsLGRF25S_7077,C-07077,9/30/2025,F,780,AI,NA,NA,NA,F,OtsLYON21S_1_0940,OtsLYON21S_1_1755,OtsLYON21S_1,4,FALL,1,IPCSR,Abv
OtsLGRF25S,OtsLGRF25S_7079,C-07079,9/30/2025,F,800,AI,NA,NA,NA,F,NA,NA,Unassigned,NA,FALL,1,NA,Abv
OtsLGRF25S,OtsLGRF25S_7081,C-07081,9/30/2025,M,720,AD,1,3DD.003D7F789C,NA,M,OtsPBT21-LWSFa-6073,OtsPBT21-LWSFa-6173,OtsPBT21-LWSFa,4,FALL,1,LWSH,blw
OtsLGRF25S,OtsLGRF25S_7083,C-07083,9/30/2025,F,740,AI,NA,NA,NA,F,OtsLYON21S_1_0820,OtsLYON21S_1_1648,OtsLYON21S_1,4,FALL,1,LFSO,blw
OtsLGRF25S,OtsLGRF25S_7085,C-07085,9/30/2025,M,650,AD,1,NA,NA,M,OtsLYON21S_1_1021,OtsLYON21S_1_0566,OtsLYON21S_1,4,FALL,1,LFYO,blw
OtsLGRF25S,OtsLGRF25S_7087,C-07087,9/30/2025,F,670,AD,1,NA,NA,F,OtsLYON21S_1_1126,OtsLYON21S_1_1386,OtsLYON21S_1,4,FALL,1,LFYO,blw
OtsLGRF25S,OtsLGRF25S_7089,C-07089,9/30/2025,F,740,AI,NA,NA,NA,F,NA,NA,Unassigned,NA,FALL,1,NA,Abv
OtsLGRF25S,OtsLGRF25S_7091,C-07091,9/30/2025,M,590,AD,NA,NA,This sample is a duplicate with OtsLGRF25S_7017.,M,OtsPBT22-LWSFa-4727,OtsPBT22-LWSFa-4945,OtsPBT22-LWSFa,3,FALL,1,LWSH,blw
OtsLGRF25S,OtsLGRF25S_7093,C-07093,9/30/2025,M,610,AI,NA,NA,NA,M,OtsLYON22S_1_0436,OtsLYON22S_1_4210,OtsLYON22S_1,3,FALL,1,IPCSR,Abv
OtsLGRF25S,OtsLGRF25S_7095,C-07095,9/30/2025,F,760,AI,NA,NA,NA,F,OtsLYON20S_1_1555,OtsLYON20S_1_1722,OtsLYON20S_1,5,FALL,1,IPCSR,Abv
OtsLGRF25S,OtsLGRF25S_7097,C-07097,9/30/2025,F,740,AD,1,NA,NA,F,OtsLYON21S_1_1048,OtsLYON21S_1_1217,OtsLYON21S_1,4,FALL,1,LFYO,blw
OtsLGRF25S,OtsLGRF25S_7099,C-07099,9/30/2025,M,670,AI,NA,NA,NA,M,OtsNPFH22S_1_0583,OtsNPFH22S_1_0545,OtsNPFH22S_1,3,FALL,1,NLVA,Abv
OtsLGRF25S,OtsLGRF25S_7101,C-07101,10/1/2025,M,730,AI,NA,3DD.003D7F75AA,NA,M,OtsLYON22S_1_0579,OtsLYON22S_1_5106,OtsLYON22S_1,3,FALL,1,LFSO,blw
OtsLGRF25S,OtsLGRF25S_7103,C-07103,10/1/2025,F,780,AI,NA,NA,NA,F,OtsPBT21-LWSFa-5136,OtsPBT21-LWSFa-5627,OtsPBT21-LWSFa,4,FALL,1,LWSH,blw
OtsLGRF25S,OtsLGRF25S_7105,C-07105,10/1/2025,M,680,AI,NA,NA,NA,M,OtsLYON22S_1_0420,OtsLYON22S_1_4185,OtsLYON22S_1,3,FALL,1,IPCSR,Abv
OtsLGRF25S,OtsLGRF25S_7107,C-07107,10/1/2025,F,660,AD,1,NA,NA,F,OtsLYON21S_1_1017,OtsLYON21S_1_0571,OtsLYON21S_1,4,FALL,1,LFYO,blw
OtsLGRF25S,OtsLGRF25S_7109,C-07109,10/1/2025,F,800,AI,NA,NA,NA,F,OtsLYON21S_1_0665,OtsLYON21S_1_0134,OtsLYON21S_1,4,FALL,1,BCA1,Abv
OtsLGRF25S,OtsLGRF25S_7111,C-07111,10/1/2025,F,650,AI,NA,NA,NA,F,OtsLYON22S_1_0389,OtsLYON22S_1_4160,OtsLYON22S_1,3,FALL,1,IPCSR,Abv
OtsLGRF25S,OtsLGRF25S_7113,C-07113,10/1/2025,M,510,AD,NA,NA,NA,M,NA,NA,Unassigned,NA,FALL,1,NA,Abv
OtsLGRF25S,OtsLGRF25S_7115,C-07115,10/1/2025,F,650,AD,1,NA,NA,F,OtsLYON21S_1_1079,OtsLYON21S_1_1267,OtsLYON21S_1,4,FALL,1,LFYO,blw
OtsLGRF25S,OtsLGRF25S_7117,C-07117,10/1/2025,M,750,AD,1,3DD.003D7F75B4,NA,M,OtsLYON21S_1_1032,OtsLYON21S_1_0583,OtsLYON21S_1,4,FALL,1,LFYO,blw
OtsLGRF25S,OtsLGRF25S_7119,C-07119,10/1/2025,M,690,AI,NA,NA,NA,M,NA,NA,Unassigned,NA,FALL,1,NA,Abv
OtsLGRF25S,OtsLGRF25S_7121,C-07121,10/1/2025,M,620,AI,NA,NA,NA,M,NA,NA,Unassigned,NA,FALL,1,NA,Abv
OtsLGRF25S,OtsLGRF25S_7123,C-07123,10/1/2025,M,680,AD,1,NA,NA,M,OtsNPFH22S_1_0480,OtsNPFH22S_1_0420,OtsNPFH22S_1,3,FALL,1,NLVA,Abv
OtsLGRF25S,OtsLGRF25S_7125,C-07125,10/1/2025,M,680,AD,NA,NA,NA,M,OtsPBT20-UmaFa-0219,OtsPBT20-UmaFa-0257,OtsPBT20-UmaFa,5,FALL,1,UMFH,blw
OtsLGRF25S,OtsLGRF25S_7127,C-07127,10/1/2025,M,710,AI,NA,3DD.003D7F756D,NA,M,NA,NA,Unassigned,NA,FALL,1,NA,Abv
OtsLGRF25S,OtsLGRF25S_7129,C-07129,10/1/2025,M,540,AI,NA,NA,NA,M,OtsNPFH21S_1_1635,OtsNPFH21S_1_1554,OtsNPFH21S_1,4,FALL,1,LGA,Abv
OtsLGRF25S,OtsLGRF25S_7131,C-07131,10/1/2025,F,630,AI,NA,NA,NA,M,OtsPBT22-LWSFa-8578,OtsPBT22-LWSFa-8706,OtsPBT22-LWSFa,3,FALL,1,LWSH,blw
OtsLGRF25S,OtsLGRF25S_7133,C-07133,10/1/2025,M,400,AD,NA,NA,NA,M,OtsPBT23-LWSFa-6395,OtsPBT23-LWSFa-5814,OtsPBT23-LWSFa,2,FALL,1,LWSH,blw
OtsLGRF25S,OtsLGRF25S_7135,C-07135,10/1/2025,M,890,AI,NA,3DD.003D7F755E,NA,M,NA,NA,Unassigned,NA,FALL,1,NA,Abv
OtsLGRF25S,OtsLGRF25S_7137,C-07137,10/1/2025,M,800,AD,1,3DD.003D7F7591,NA,M,OtsLYON21S_1_0755,OtsLYON21S_1_0399,OtsLYON21S_1,4,FALL,1,CJA1,Abv
OtsLGRF25S,OtsLGRF25S_7139,C-07139,10/1/2025,M,590,AI,NA,NA,NA,M,NA,NA,Unassigned,NA,FALL,1,NA,Abv
OtsLGRF25S,OtsLGRF25S_7141,C-07141,10/1/2025,F,750,AI,NA,NA,NA,F,OtsLYON21S_1_0938,OtsLYON21S_1_1749,OtsLYON21S_1,4,FALL,1,IPCSR,Abv
OtsLGRF25S,OtsLGRF25S_7143,C-07143,10/1/2025,F,680,AI,NA,NA,NA,F,OtsLYON22S_1_0082,OtsLYON22S_1_2116,OtsLYON22S_1,3,FALL,1,BCA1,Abv
OtsLGRF25S,OtsLGRF25S_7145,C-07145,10/1/2025,M,660,AI,NA,NA,This sample is a duplicate with OtsLGRF25S_7355.,M,OtsLYON22S_1_0390,OtsLYON22S_1_4119,OtsLYON22S_1,3,FALL,1,IPCSR,Abv
OtsLGRF25S,OtsLGRF25S_7147,C-07147,10/1/2025,F,820,AI,NA,NA,NA,F,OtsLYON21S_1_0795,OtsLYON21S_1_1621,OtsLYON21S_1,4,FALL,1,LFSO,blw
OtsLGRF25S,OtsLGRF25S_7149,C-07149,10/1/2025,M,590,AI,NA,NA,NA,M,OtsPBT22-PRHFa-6623,OtsPBT22-PRHFa-6473,OtsPBT22-PRHFa,3,FALL,1,PRFH,blw
OtsLGRF25S,OtsLGRF25S_7151,C-07151,10/1/2025,F,730,AI,NA,NA,NA,F,OtsNPFH20S_1_0849,OtsNPFH20S_1_0789,OtsNPFH20S_1,5,FALL,1,NPTH,Abv
OtsLGRF25S,OtsLGRF25S_7153,C-07153,10/1/2025,F,780,AD,NA,NA,NA,F,OtsPBT21-PRHFa-2784,OtsPBT21-PRHFa-2969,OtsPBT21-PRHFa,4,FALL,1,PRFH,blw
OtsLGRF25S,OtsLGRF25S_7155,C-07155,10/1/2025,M,780,AD,1,3DD.003D7F7557,NA,M,OtsLYON20S_1_0466,OtsLYON20S_1_0504,OtsLYON20S_1,5,FALL,1,LFSO,blw
OtsLGRF25S,OtsLGRF25S_7157,C-07157,10/1/2025,F,750,AD,1,NA,NA,F,OtsLYON21S_1_0861,OtsLYON21S_1_1835,OtsLYON21S_1,4,FALL,1,BCA2,Abv
OtsLGRF25S,OtsLGRF25S_7159,C-07159,10/1/2025,F,700,AI,NA,NA,NA,F,NA,NA,Unassigned,NA,FALL,1,NA,Abv
OtsLGRF25S,OtsLGRF25S_7161,C-07161,10/1/2025,F,690,AD,1,NA,NA,F,OtsLYON21S_1_1142,OtsLYON21S_1_1376,OtsLYON21S_1,4,FALL,1,LFYO,blw
OtsLGRF25S,OtsLGRF25S_7163,C-07163,10/1/2025,M,690,AD,NA,NA,NA,M,NA,NA,Unassigned,NA,FALL,1,NA,Abv
OtsLGRF25S,OtsLGRF25S_7165,C-07165,10/1/2025,F,690,AD,NA,NA,NA,F,OtsPBT20-LWSFa-3477,OtsPBT20-LWSFa-3594,OtsPBT20-LWSFa,5,FALL,1,LWSH,blw
OtsLGRF25S,OtsLGRF25S_7167,C-07167,10/1/2025,F,720,AI,NA,NA,NA,F,OtsLYON22S_1_0210,OtsLYON22S_1_3150,OtsLYON22S_1,3,FALL,1,LFSO,blw
OtsLGRF25S,OtsLGRF25S_7169,C-07169,10/1/2025,M,640,AD,1,NA,NA,M,OtsLYON21S_1_1139,OtsLYON21S_1_1388,OtsLYON21S_1,4,FALL,1,LFYO,blw
OtsLGRF25S,OtsLGRF25S_7171,C-07171,10/1/2025,M,620,AI,NA,NA,NA,M,NA,NA,Unassigned,NA,FALL,1,NA,Abv
OtsLGRF25S,OtsLGRF25S_7173,C-07173,10/1/2025,M,860,AI,NA,3DD.003D7F75A4,NA,M,OtsNPFH21S_1_1622,OtsNPFH21S_1_1539,OtsNPFH21S_1,4,FALL,1,LGA,Abv
OtsLGRF25S,OtsLGRF25S_7175,C-07175,10/1/2025,F,730,AI,NA,NA,NA,F,NA,NA,Unassigned,NA,FALL,1,NA,Abv
OtsLGRF25S,OtsLGRF25S_7177,C-07177,10/2/2025,F,700,AD,NA,NA,NA,F,OtsPBT21-LWSFa-6357,OtsPBT21-LWSFa-6415,OtsPBT21-LWSFa,4,FALL,1,LWSH,blw
OtsLGRF25S,OtsLGRF25S_7179,C-07179,10/2/2025,M,450,AI,NA,NA,NA,M,OtsLYON23S_1_0086,OtsLYON23S_1_2034,OtsLYON23S_1,2,FALL,1,CJA1,Abv
OtsLGRF25S,OtsLGRF25S_7181,C-07181,10/2/2025,M,390,AI,NA,NA,NA,M,OtsLYON23S_1_0244,OtsLYON23S_1_3005,OtsLYON23S_1,2,FALL,1,LFSO,blw
OtsLGRF25S,OtsLGRF25S_7183,C-07183,10/2/2025,M,590,AI,NA,NA,NA,M,OtsLYON22S_1_0218,OtsLYON22S_1_3183,OtsLYON22S_1,3,FALL,1,LFSO,blw
OtsLGRF25S,OtsLGRF25S_7185,C-07185,10/2/2025,M,710,AD,1,3DD.003D7F7556,NA,M,OtsLYON20S_1_1445,OtsLYON20S_1_1244,OtsLYON20S_1,5,FALL,1,LFYO,blw
OtsLGRF25S,OtsLGRF25S_7187,C-07187,10/2/2025,M,710,AD,1,3DD.003D7F758B,NA,M,OtsLYON21S_1_1092,OtsLYON21S_1_1305,OtsLYON21S_1,4,FALL,1,LFYO,blw
OtsLGRF25S,OtsLGRF25S_7189,C-07189,10/2/2025,F,680,AD,1,NA,NA,F,OtsLYON21S_1_0993,OtsLYON21S_1_0535,OtsLYON21S_1,4,FALL,1,LFYO,blw
OtsLGRF25S,OtsLGRF25S_7191,C-07191,10/2/2025,M,650,AD,NA,NA,NA,M,OtsPBT21-LWSFa-6086,OtsPBT21-LWSFa-6270,OtsPBT21-LWSFa,4,FALL,1,LWSH,blw
OtsLGRF25S,OtsLGRF25S_7193,C-07193,10/2/2025,F,670,AI,NA,NA,This sample is a duplicate with OtsLGRF25S_7925.,F,NA,NA,Unassigned,NA,FALL,1,NA,Abv
OtsLGRF25S,OtsLGRF25S_7195,C-07195,10/2/2025,M,620,AI,NA,NA,NA,M,OtsLYON22S_1_0391,OtsLYON22S_1_4152,OtsLYON22S_1,3,FALL,1,IPCSR,Abv
OtsLGRF25S,OtsLGRF25S_7197,C-07197,10/2/2025,M,690,AI,NA,NA,NA,M,NA,NA,Unassigned,NA,FALL,1,NA,Abv
OtsLGRF25S,OtsLGRF25S_7199,C-07199,10/2/2025,M,710,AI,NA,3DD.003D7F757B,NA,M,NA,NA,Unassigned,NA,FALL,1,NA,Abv
OtsLGRF25S,OtsLGRF25S_7201,C-07201,10/2/2025,F,730,AD,1,NA,NA,F,OtsPBT21-PRHFa-3027,OtsPBT21-PRHFa-3154,OtsPBT21-PRHFa,4,FALL,1,PRFH,blw
OtsLGRF25S,OtsLGRF25S_7203,C-07203,10/2/2025,F,730,AD,1,NA,NA,F,OtsLYON21S_1_0892,OtsLYON21S_1_1889,OtsLYON21S_1,4,FALL,1,PLA2,Abv
OtsLGRF25S,OtsLGRF25S_7205,C-07205,10/2/2025,F,620,AI,NA,NA,NA,F,NA,NA,Unassigned,NA,FALL,1,NA,Abv
OtsLGRF25S,OtsLGRF25S_7207,C-07207,10/2/2025,F,780,AI,NA,NA,NA,F,OtsLYON21S_1_0940,OtsLYON21S_1_1754,OtsLYON21S_1,4,FALL,1,IPCSR,Abv
OtsLGRF25S,OtsLGRF25S_7209,C-07209,10/2/2025,M,730,AI,NA,3DD.003D7F755A,NA,M,NA,NA,Unassigned,NA,FALL,1,NA,Abv
OtsLGRF25S,OtsLGRF25S_7211,C-07211,10/2/2025,M,590,AI,NA,NA,NA,M,OtsLYON22S_1_0371,OtsLYON22S_1_4076,OtsLYON22S_1,3,FALL,1,IPCSR,Abv
OtsLGRF25S,OtsLGRF25S_7213,C-07213,10/2/2025,M,450,AI,NA,NA,NA,M,OtsLYON23S_1_0091,OtsLYON23S_1_2053,OtsLYON23S_1,2,FALL,1,CJA1,Abv
OtsLGRF25S,OtsLGRF25S_7215,C-07215,10/2/2025,F,750,AI,NA,NA,NA,F,OtsLYON21S_1_0961,OtsLYON21S_1_2011,OtsLYON21S_1,4,FALL,1,IPCSR,Abv
OtsLGRF25S,OtsLGRF25S_7217,C-07217,10/2/2025,M,640,AI,NA,NA,NA,M,OtsLYON22S_1_0386,OtsLYON22S_1_4136,OtsLYON22S_1,3,FALL,1,IPCSR,Abv
OtsLGRF25S,OtsLGRF25S_7219,C-07219,10/2/2025,M,880,AD,1,3DD.003D7F757D,NA,M,OtsLYON21S_1_0728,OtsLYON21S_1_0326,OtsLYON21S_1,4,FALL,1,CJA1,Abv
OtsLGRF25S,OtsLGRF25S_7221,C-07221,10/2/2025,F,740,AI,NA,NA,NA,F,NA,NA,Unassigned,NA,FALL,1,NA,Abv
OtsLGRF25S,OtsLGRF25S_7223,C-07223,10/2/2025,M,680,AD,1,NA,NA,M,OtsLYON22S_1_0509,OtsLYON22S_1_4340,OtsLYON22S_1,3,FALL,1,GRR,Abv
OtsLGRF25S,OtsLGRF25S_7225,C-07225,10/2/2025,M,680,AI,NA,NA,NA,M,NA,NA,Unassigned,NA,FALL,1,NA,Abv
OtsLGRF25S,OtsLGRF25S_7227,C-07227,10/2/2025,M,670,AI,NA,NA,NA,M,OtsNPFH22S_1_0650,OtsNPFH22S_1_0596,OtsNPFH22S_1,3,FALL,1,NLVA,Abv
OtsLGRF25S,OtsLGRF25S_7229,C-07229,10/2/2025,M,670,AI,NA,NA,NA,M,OtsLYON22S_1_0465,OtsLYON22S_1_4278,OtsLYON22S_1,3,FALL,1,IPCSR,Abv
OtsLGRF25S,OtsLGRF25S_7231,C-07231,10/2/2025,F,670,AI,NA,NA,NA,F,OtsLYON22S_1_0414,OtsLYON22S_1_4194,OtsLYON22S_1,3,FALL,1,IPCSR,Abv
OtsLGRF25S,OtsLGRF25S_7233,C-07233,10/2/2025,M,770,AI,NA,3DD.003D7F7587,NA,M,OtsLYON21S_1_2104,OtsLYON21S_1_2317,OtsLYON21S_1,4,FALL,1,IPCSR,Abv
OtsLGRF25S,OtsLGRF25S_7235,C-07235,10/2/2025,M,640,AI,NA,NA,NA,M,NA,NA,Unassigned,NA,FALL,1,NA,Abv
OtsLGRF25S,OtsLGRF25S_7237,C-07237,10/2/2025,M,650,AI,NA,NA,NA,M,NA,NA,Unassigned,NA,FALL,1,NA,Abv
OtsLGRF25S,OtsLGRF25S_7239,C-07239,10/2/2025,M,700,AI,NA,3DD.003D7F758F,NA,M,OtsLYON21S_1_0815,OtsLYON21S_1_1646,OtsLYON21S_1,4,FALL,1,LFSO,blw
OtsLGRF25S,OtsLGRF25S_7241,C-07241,10/2/2025,M,580,AD,1,NA,NA,M,OtsNPFH22S_1_0499,OtsNPFH22S_1_0444,OtsNPFH22S_1,3,FALL,1,NLVA,Abv
OtsLGRF25S,OtsLGRF25S_7243,C-07243,10/2/2025,M,460,AI,NA,NA,NA,M,NA,NA,Unassigned,NA,FALL,1,NA,Abv
OtsLGRF25S,OtsLGRF25S_7245,C-07245,10/2/2025,M,300,AD,1,NA,This sample is a duplicate with OtsLGRF25S_7349.,M,OtsLYON23S_1_0388,OtsLYON23S_1_3267,OtsLYON23S_1,2,FALL,1,LFYO,blw
OtsLGRF25S,OtsLGRF25S_7247,C-07247,10/2/2025,M,680,AD,NA,NA,NA,M,OtsPBT21-PRHFa-1093,OtsPBT21-PRHFa-1181,OtsPBT21-PRHFa,4,FALL,1,PRFH,blw
OtsLGRF25S,OtsLGRF25S_7249,C-07249,10/2/2025,F,740,AI,NA,NA,NA,F,NA,NA,Unassigned,NA,FALL,1,NA,Abv
OtsLGRF25S,OtsLGRF25S_7251,C-07251,10/2/2025,F,660,AD,1,NA,NA,F,OtsLYON21S_1_1137,OtsLYON21S_1_1406,OtsLYON21S_1,4,FALL,1,LFYO,blw
OtsLGRF25S,OtsLGRF25S_7253,C-07253,10/3/2025,F,800,AD,NA,NA,NA,F,OtsLYON21S_1_0958,OtsLYON21S_1_1794,OtsLYON21S_1,4,FALL,1,IPCSR,Abv
OtsLGRF25S,OtsLGRF25S_7255,C-07255,10/3/2025,F,770,AI,NA,NA,NA,F,NA,NA,Unassigned,NA,FALL,1,NA,Abv
OtsLGRF25S,OtsLGRF25S_7257,C-07257,10/3/2025,F,660,AI,NA,NA,NA,M,OtsPBT21-LWSFa-6956,OtsPBT21-LWSFa-7090,OtsPBT21-LWSFa,4,FALL,1,LWSH,blw
OtsLGRF25S,OtsLGRF25S_7259,C-07259,10/3/2025,M,740,AI,NA,3DD.003D7F75A8,NA,M,OtsNPFH21S_1_0481,OtsNPFH21S_1_0420,OtsNPFH21S_1,4,FALL,1,NLVA,Abv
OtsLGRF25S,OtsLGRF25S_7261,C-07261,10/3/2025,F,730,AI,NA,NA,NA,F,OtsPBT21-LWSFa-5544,OtsPBT21-LWSFa-5703,OtsPBT21-LWSFa,4,FALL,1,LWSH,blw
OtsLGRF25S,OtsLGRF25S_7263,C-07263,10/3/2025,F,710,AD,NA,NA,NA,M,OtsPBT21-LWSFa-2104,OtsPBT21-LWSFa-2007,OtsPBT21-LWSFa,4,FALL,1,LWSH,blw
OtsLGRF25S,OtsLGRF25S_7265,C-07265,10/3/2025,M,700,AD,1,3DD.003D7F7565,NA,M,NA,NA,Unassigned,NA,FALL,1,NA,Abv
OtsLGRF25S,OtsLGRF25S_7267,C-07267,10/3/2025,M,570,AI,NA,NA,NA,M,OtsLYON22S_1_0196,OtsLYON22S_1_3126,OtsLYON22S_1,3,FALL,1,LFSO,blw
OtsLGRF25S,OtsLGRF25S_7269,C-07269,10/3/2025,M,540,AI,NA,NA,NA,M,NA,NA,Unassigned,NA,FALL,1,NA,Abv
OtsLGRF25S,OtsLGRF25S_7271,C-07271,10/3/2025,F,740,AI,NA,NA,NA,F,NA,NA,Unassigned,NA,FALL,1,NA,Abv
OtsLGRF25S,OtsLGRF25S_7273,C-07273,10/3/2025,M,790,AI,NA,3DD.003D7F7585,NA,M,NA,NA,Unassigned,NA,FALL,1,NA,Abv
OtsLGRF25S,OtsLGRF25S_7275,C-07275,10/3/2025,F,820,AI,NA,NA,NA,F,OtsNPFH20S_1_0813,OtsNPFH20S_1_0742,OtsNPFH20S_1,5,FALL,1,LGA,Abv
OtsLGRF25S,OtsLGRF25S_7277,C-07277,10/3/2025,M,680,AI,NA,NA,NA,M,OtsLYON22S_1_0386,OtsLYON22S_1_4138,OtsLYON22S_1,3,FALL,1,IPCSR,Abv
OtsLGRF25S,OtsLGRF25S_7279,C-07279,10/3/2025,M,730,AI,NA,3DD.003D7F7570,NA,M,OtsLYON21S_1_1154,OtsLYON21S_1_2316,OtsLYON21S_1,4,FALL,1,IPCSR,Abv
OtsLGRF25S,OtsLGRF25S_7281,C-07281,10/3/2025,F,700,AI,NA,NA,NA,F,NA,NA,Unassigned,NA,FALL,1,NA,Abv
OtsLGRF25S,OtsLGRF25S_7283,C-07283,10/3/2025,M,590,AI,NA,NA,NA,M,OtsPBT22-PRHFa-6536,OtsPBT22-PRHFa-6446,OtsPBT22-PRHFa,3,FALL,1,PRFH,blw
OtsLGRF25S,OtsLGRF25S_7285,C-07285,10/3/2025,M,710,AI,NA,3DD.003D7F75AC,NA,M,NA,NA,Unassigned,NA,FALL,1,NA,Abv
OtsLGRF25S,OtsLGRF25S_7287,C-07287,10/3/2025,F,650,AI,NA,NA,NA,F,OtsLYON22S_1_0017,OtsLYON22S_1_1044,OtsLYON22S_1,3,FALL,1,PLA1,Abv
OtsLGRF25S,OtsLGRF25S_7289,C-07289,10/3/2025,M,600,AD,1,NA,NA,M,OtsLYON22S_1_0082,OtsLYON22S_1_2116,OtsLYON22S_1,3,FALL,1,BCA1,Abv
OtsLGRF25S,OtsLGRF25S_7291,C-07291,10/3/2025,M,690,AD,1,NA,NA,M,OtsLYON22S_1_0192,OtsLYON22S_1_3109,OtsLYON22S_1,3,FALL,1,LFSO,blw
OtsLGRF25S,OtsLGRF25S_7293,C-07293,10/3/2025,F,700,AI,NA,NA,NA,F,NA,NA,Unassigned,NA,FALL,1,NA,Abv
OtsLGRF25S,OtsLGRF25S_7295,C-07295,10/3/2025,M,940,AD,1,3DD.003D7F755C,NA,M,OtsLYON21S_1_0752,OtsLYON21S_1_0385,OtsLYON21S_1,4,FALL,1,CJA1,Abv
OtsLGRF25S,OtsLGRF25S_7297,C-07297,10/3/2025,F,770,AD,1,NA,NA,F,OtsNPFH21S_1_1118,OtsNPFH21S_1_1433,OtsNPFH21S_1,4,FALL,1,LGA,Abv
OtsLGRF25S,OtsLGRF25S_7299,C-07299,10/3/2025,F,730,AD,1,NA,NA,F,NA,NA,Unassigned,NA,FALL,1,NA,Abv
OtsLGRF25S,OtsLGRF25S_7301,C-07301,10/3/2025,M,510,AI,NA,NA,NA,M,OtsLYON23S_1_0202,OtsLYON23S_1_2240,OtsLYON23S_1,2,FALL,1,BCA1,Abv
OtsLGRF25S,OtsLGRF25S_7303,C-07303,10/3/2025,M,640,AI,NA,NA,NA,M,OtsLYON22S_1_0121,OtsLYON22S_1_2176,OtsLYON22S_1,3,FALL,1,BCA1,Abv
OtsLGRF25S,OtsLGRF25S_7305,C-07305,10/3/2025,M,600,AI,NA,NA,NA,M,OtsLYON22S_1_0150,OtsLYON22S_1_3032,OtsLYON22S_1,3,FALL,1,CJA1,Abv
OtsLGRF25S,OtsLGRF25S_7307,C-07307,10/4/2025,F,670,AI,NA,NA,NA,M,NA,NA,Unassigned,NA,FALL,1,NA,Abv
OtsLGRF25S,OtsLGRF25S_7309,C-07309,10/4/2025,M,610,AI,NA,NA,NA,M,OtsLYON22S_1_0337,OtsLYON22S_1_4002,OtsLYON22S_1,3,FALL,1,IPCSR,Abv
OtsLGRF25S,OtsLGRF25S_7311,C-07311,10/4/2025,M,750,AD,NA,3DD.003D7F759F,NA,M,OtsPBT21-LWSFa-6334,OtsPBT21-LWSFa-6150,OtsPBT21-LWSFa,4,FALL,1,LWSH,blw
OtsLGRF25S,OtsLGRF25S_7313,C-07313,10/4/2025,F,680,AD,1,NA,NA,F,OtsLYON20S_1_1409,OtsLYON20S_1_0984,OtsLYON20S_1,5,FALL,1,LFYO,blw
OtsLGRF25S,OtsLGRF25S_7315,C-07315,10/4/2025,M,660,AI,NA,NA,NA,M,OtsLYON22S_1_0517,OtsLYON22S_1_4372,OtsLYON22S_1,3,FALL,1,CJA1,Abv
OtsLGRF25S,OtsLGRF25S_7317,C-07317,10/4/2025,M,700,AD,1,3DD.003D7F7552,NA,M,OtsLYON22S_1_0220,OtsLYON22S_1_3166,OtsLYON22S_1,3,FALL,1,LFSO,blw
OtsLGRF25S,OtsLGRF25S_7319,C-07319,10/4/2025,M,660,AD,1,3DD.003E276E5C,NA,M,OtsLYON22S_1_0092,OtsLYON22S_1_2126,OtsLYON22S_1,3,FALL,1,BCA1,Abv
OtsLGRF25S,OtsLGRF25S_7321,C-07321,10/4/2025,M,600,AD,1,NA,NA,M,OtsLYON21S_1_2108,OtsLYON21S_1_2314,OtsLYON21S_1,4,FALL,1,LFYO,blw
OtsLGRF25S,OtsLGRF25S_7323,C-07323,10/4/2025,F,740,AI,NA,NA,NA,F,OtsLYON21S_1_0797,OtsLYON21S_1_1614,OtsLYON21S_1,4,FALL,1,LFSO,blw
OtsLGRF25S,OtsLGRF25S_7325,C-07325,10/4/2025,F,730,AI,NA,NA,NA,F,OtsLYON21S_1_0948,OtsLYON21S_1_1781,OtsLYON21S_1,4,FALL,1,IPCSR,Abv
OtsLGRF25S,OtsLGRF25S_7327,C-07327,10/4/2025,F,690,AI,NA,NA,NA,F,OtsLYON22S_1_0360,OtsLYON22S_1_4052,OtsLYON22S_1,3,FALL,1,IPCSR,Abv
OtsLGRF25S,OtsLGRF25S_7329,C-07329,10/4/2025,F,710,AD,1,NA,NA,F,OtsLYON21S_1_1190,OtsLYON21S_1_2303,OtsLYON21S_1,4,FALL,1,LFYO,blw
OtsLGRF25S,OtsLGRF25S_7331,C-07331,10/4/2025,M,750,AI,NA,3DD.003D7F756C,NA,M,NA,NA,Unassigned,NA,FALL,1,NA,Abv
OtsLGRF25S,OtsLGRF25S_7333,C-07333,10/4/2025,M,620,AI,NA,NA,NA,M,OtsPBT22-LWSFa-7854,OtsPBT22-LWSFa-7962,OtsPBT22-LWSFa,3,FALL,1,LWSH,blw
OtsLGRF25S,OtsLGRF25S_7335,C-07335,10/4/2025,M,600,AI,NA,NA,NA,M,OtsLYON22S_1_0382,OtsLYON22S_1_4129,OtsLYON22S_1,3,FALL,1,IPCSR,Abv
OtsLGRF25S,OtsLGRF25S_7337,C-07337,10/4/2025,F,700,AI,NA,NA,NA,F,OtsLYON22S_1_0040,OtsLYON22S_1_2042,OtsLYON22S_1,3,FALL,1,PLA1,Abv
OtsLGRF25S,OtsLGRF25S_7339,C-07339,10/4/2025,M,810,AI,NA,3DD.003D7F759B,NA,M,NA,NA,Unassigned,NA,FALL,1,NA,Abv
OtsLGRF25S,OtsLGRF25S_7341,C-07341,10/4/2025,M,580,AI,NA,NA,NA,M,NA,NA,Unassigned,NA,FALL,1,NA,Abv
OtsLGRF25S,OtsLGRF25S_7343,C-07343,10/4/2025,M,640,AI,NA,NA,NA,M,OtsNPFH22S_1_0368,OtsNPFH22S_1_0309,OtsNPFH22S_1,3,FALL,1,CFA,Abv
OtsLGRF25S,OtsLGRF25S_7345,C-07345,10/4/2025,M,810,AI,NA,3DD.003D7F7586,NA,M,OtsNPFH21S_1_1610,OtsNPFH21S_1_1519,OtsNPFH21S_1,4,FALL,1,CFA,Abv
OtsLGRF25S,OtsLGRF25S_7347,C-07347,10/4/2025,F,720,AD,NA,NA,This sample is a duplicate with OtsLGRF25S_6961.,F,OtsPBT20-LWSFa-4552,OtsPBT20-LWSFa-4858,OtsPBT20-LWSFa,5,FALL,1,LWSH,blw
OtsLGRF25S,OtsLGRF25S_7349,C-07349,10/4/2025,M,300,AD,1,NA,This sample is a duplicate with OtsLGRF25S_7245.,M,OtsLYON23S_1_0388,OtsLYON23S_1_3267,OtsLYON23S_1,2,FALL,1,LFYO,blw
OtsLGRF25S,OtsLGRF25S_7351,C-07351,10/4/2025,M,420,AI,NA,NA,NA,U,NA,NA,Unassigned,NA,FALL,1,NA,Abv
OtsLGRF25S,OtsLGRF25S_7353,C-07353,10/4/2025,F,640,AD,1,NA,NA,F,OtsLYON21S_1_1054,OtsLYON21S_1_1234,OtsLYON21S_1,4,FALL,1,LFYO,blw
OtsLGRF25S,OtsLGRF25S_7355,C-07355,10/4/2025,M,650,AI,NA,NA,This sample is a duplicate with OtsLGRF25S_7145.,M,OtsLYON22S_1_0390,OtsLYON22S_1_4119,OtsLYON22S_1,3,FALL,1,IPCSR,Abv
OtsLGRF25S,OtsLGRF25S_7357,C-07357,10/4/2025,M,640,AI,NA,NA,NA,M,NA,NA,Unassigned,NA,FALL,1,NA,Abv
OtsLGRF25S,OtsLGRF25S_7359,C-07359,10/4/2025,F,690,AI,NA,NA,NA,F,OtsLYON22S_1_0208,OtsLYON22S_1_3147,OtsLYON22S_1,3,FALL,1,LFSO,blw
OtsLGRF25S,OtsLGRF25S_7361,C-07361,10/4/2025,M,540,AI,NA,NA,NA,M,OtsLYON21S_1_1170,OtsLYON21S_1_2325,OtsLYON21S_1,4,FALL,1,IPCSR,Abv
OtsLGRF25S,OtsLGRF25S_7363,C-07363,10/4/2025,F,650,AI,NA,NA,NA,F,NA,NA,Unassigned,NA,FALL,1,NA,Abv
OtsLGRF25S,OtsLGRF25S_7365,C-07365,10/4/2025,F,890,AI,NA,NA,This individual failed to genotype,U,NG,NG,NA,NA,NA,NA,NG,Abv
OtsLGRF25S,OtsLGRF25S_7367,C-07367,10/4/2025,F,720,AD,NA,NA,NA,F,OtsPBT21-LWSFa-6330,OtsPBT21-LWSFa-6259,OtsPBT21-LWSFa,4,FALL,1,LWSH,blw
OtsLGRF25S,OtsLGRF25S_7369,C-07369,10/4/2025,F,720,AI,NA,NA,NA,F,OtsNPFH21S_1_1650,OtsNPFH21S_1_1575,OtsNPFH21S_1,4,FALL,1,LGA,Abv
OtsLGRF25S,OtsLGRF25S_7371,C-07371,10/4/2025,F,810,AD,1,NA,NA,F,OtsLYON21S_1_0932,OtsLYON21S_1_1732,OtsLYON21S_1,4,FALL,1,IPCSR,Abv
OtsLGRF25S,OtsLGRF25S_7373,C-07373,10/4/2025,F,790,AI,NA,NA,NA,F,NA,NA,Unassigned,NA,FALL,1,NA,Abv
OtsLGRF25S,OtsLGRF25S_7375,C-07375,10/4/2025,M,670,AI,NA,NA,NA,M,OtsLYON22S_1_0399,OtsLYON22S_1_4146,OtsLYON22S_1,3,FALL,1,IPCSR,Abv
OtsLGRF25S,OtsLGRF25S_7377,C-07377,10/4/2025,F,670,AD,1,NA,NA,F,OtsLYON22S_1_0439,OtsLYON22S_1_4249,OtsLYON22S_1,3,FALL,1,IPCSR,Abv
OtsLGRF25S,OtsLGRF25S_7379,C-07379,10/4/2025,F,780,AD,1,NA,NA,F,OtsLYON21S_1_0861,OtsLYON21S_1_1835,OtsLYON21S_1,4,FALL,1,BCA2,Abv
OtsLGRF25S,OtsLGRF25S_7381,C-07381,10/4/2025,M,650,AI,1,NA,NA,M,OtsNPFH22S_1_0510,OtsNPFH22S_1_0455,OtsNPFH22S_1,3,FALL,1,NLVA,Abv
OtsLGRF25S,OtsLGRF25S_7383,C-07383,10/4/2025,M,650,AD,NA,NA,NA,M,OtsPBT22-PRHFa-5135,OtsPBT22-PRHFa-5068,OtsPBT22-PRHFa,3,FALL,1,PRFH,blw
OtsLGRF25S,OtsLGRF25S_7385,C-07385,10/4/2025,M,720,AI,NA,3DD.003D7F759E,NA,M,NA,NA,Unassigned,NA,FALL,1,NA,Abv
OtsLGRF25S,OtsLGRF25S_7387,C-07387,10/5/2025,F,710,AD,NA,NA,NA,F,OtsLYON21S_1_0965,OtsLYON21S_1_0517,OtsLYON21S_1,4,FALL,1,LFYO,blw
OtsLGRF25S,OtsLGRF25S_7389,C-07389,10/5/2025,F,760,AI,NA,NA,NA,F,OtsPBT21-LWSFa-5516,OtsPBT21-LWSFa-5732,OtsPBT21-LWSFa,4,FALL,1,LWSH,blw
OtsLGRF25S,OtsLGRF25S_7391,C-07391,10/5/2025,M,730,AI,NA,3DD.003D7F7578,NA,M,NA,NA,Unassigned,NA,FALL,1,NA,Abv
OtsLGRF25S,OtsLGRF25S_7393,C-07393,10/5/2025,F,730,AD,1,NA,NA,F,OtsPBT21-UmaFa-3282,OtsPBT21-UmaFa-3281,OtsPBT21-UmaFa,4,FALL,1,UMFH,blw
OtsLGRF25S,OtsLGRF25S_7395,C-07395,10/5/2025,F,710,AD,1,NA,NA,F,OtsLYON21S_1_1131,OtsLYON21S_1_1378,OtsLYON21S_1,4,FALL,1,LFYO,blw
OtsLGRF25S,OtsLGRF25S_7397,C-07397,10/5/2025,M,710,AD,1,3DD.003D7F75AD,NA,M,OtsLYON21S_1_0935,OtsLYON21S_1_1728,OtsLYON21S_1,4,FALL,1,IPCSR,Abv
OtsLGRF25S,OtsLGRF25S_7399,C-07399,10/5/2025,F,700,AD,NA,NA,NA,F,OtsPBT21-LWSFa-6098,OtsPBT21-LWSFa-6262,OtsPBT21-LWSFa,4,FALL,1,LWSH,blw
OtsLGRF25S,OtsLGRF25S_7401,C-07401,10/5/2025,F,650,AD,1,NA,NA,F,OtsLYON22S_1_0294,OtsLYON22S_1_3339,OtsLYON22S_1,3,FALL,1,PLA2,Abv
OtsLGRF25S,OtsLGRF25S_7403,C-07403,10/5/2025,M,730,AI,NA,3DD.003D7F75A3,NA,M,OtsLYON21S_1_1150,OtsLYON21S_1_2358,OtsLYON21S_1,4,FALL,1,IPCSR,Abv
OtsLGRF25S,OtsLGRF25S_7405,C-07405,10/5/2025,M,780,AI,NA,3DD.003D7F7564,NA,M,NA,NA,Unassigned,NA,FALL,1,NA,Abv
OtsLGRF25S,OtsLGRF25S_7407,C-07407,10/5/2025,M,610,AI,NA,NA,NA,U,NA,NA,Unassigned,NA,FALL,1,NA,Abv
OtsLGRF25S,OtsLGRF25S_7409,C-07409,10/5/2025,M,660,AD,1,NA,NA,M,OtsPBT22-PRHFa-1638,OtsPBT22-PRHFa-1775,OtsPBT22-PRHFa,3,FALL,1,PRFH,blw
OtsLGRF25S,OtsLGRF25S_7411,C-07411,10/5/2025,M,610,AI,NA,NA,NA,M,OtsLYON22S_1_0042,OtsLYON22S_1_2045,OtsLYON22S_1,3,FALL,1,PLA1,Abv
OtsLGRF25S,OtsLGRF25S_7413,C-07413,10/5/2025,M,720,AI,NA,3DD.003D7F757A,NA,M,OtsLYON22S_1_0219,OtsLYON22S_1_3184,OtsLYON22S_1,3,FALL,1,LFSO,blw
OtsLGRF25S,OtsLGRF25S_7415,C-07415,10/5/2025,F,750,AD,1,NA,NA,M,OtsLYON21S_1_0775,OtsLYON21S_1_0441,OtsLYON21S_1,4,FALL,1,LFSO,blw
OtsLGRF25S,OtsLGRF25S_7417,C-07417,10/5/2025,M,720,AD,NA,3DD.003D7F7579,NA,M,OtsPBT21-LWSFa-6062,OtsPBT21-LWSFa-6250,OtsPBT21-LWSFa,4,FALL,1,LWSH,blw
OtsLGRF25S,OtsLGRF25S_7419,C-07419,10/5/2025,F,800,AI,NA,NA,NA,F,NA,NA,Unassigned,NA,FALL,1,NA,Abv
OtsLGRF25S,OtsLGRF25S_7421,C-07421,10/5/2025,F,700,AI,NA,NA,NA,F,NA,NA,Unassigned,NA,FALL,1,NA,Abv
OtsLGRF25S,OtsLGRF25S_7423,C-07423,10/5/2025,M,450,AI,NA,NA,NA,M,OtsNPFH23S_1_4405,OtsNPFH23S_1_4114,OtsNPFH23S_1,2,FALL,1,CFA,Abv
OtsLGRF25S,OtsLGRF25S_7425,C-07425,10/5/2025,M,800,AD,1,3DD.003D7F756F,NA,M,OtsLYON21S_1_0778,OtsLYON21S_1_0461,OtsLYON21S_1,4,FALL,1,LFSO,blw
OtsLGRF25S,OtsLGRF25S_7427,C-07427,10/5/2025,M,600,AI,NA,NA,NA,M,NA,NA,Unassigned,NA,FALL,1,NA,Abv
OtsLGRF25S,OtsLGRF25S_7429,C-07429,10/5/2025,M,650,AD,NA,NA,NA,M,OtsPBT21-LWSFa-6044,OtsPBT21-LWSFa-6196,OtsPBT21-LWSFa,4,FALL,1,LWSH,blw
OtsLGRF25S,OtsLGRF25S_7431,C-07431,10/5/2025,M,690,AI,NA,NA,NA,M,OtsLYON22S_1_0226,OtsLYON22S_1_3187,OtsLYON22S_1,3,FALL,1,LFSO,blw
OtsLGRF25S,OtsLGRF25S_7433,C-07433,10/5/2025,F,630,AI,NA,NA,NA,F,OtsLYON22S_1_0606,OtsLYON22S_1_5161,OtsLYON22S_1,3,FALL,1,LFSO,blw
OtsLGRF25S,OtsLGRF25S_7435,C-07435,10/5/2025,M,430,AI,NA,NA,NA,U,OtsLYON23S_1_0480,OtsLYON23S_1_4102,OtsLYON23S_1,2,FALL,1,IPCSR,Abv
OtsLGRF25S,OtsLGRF25S_7437,C-07437,10/5/2025,M,860,AD,NA,3DD.003D7F7573,NA,M,OtsPBT21-PRHFa-1972,OtsPBT21-PRHFa-2644,OtsPBT21-PRHFa,4,FALL,1,PRFH,blw
OtsLGRF25S,OtsLGRF25S_7439,C-07439,10/5/2025,M,800,AI,NA,3DD.003D7F75B3,NA,M,OtsPBT21-LWSFa-6997,OtsPBT21-LWSFa-7015,OtsPBT21-LWSFa,4,FALL,1,LWSH,blw
OtsLGRF25S,OtsLGRF25S_7441,C-07441,10/5/2025,M,590,AI,NA,NA,NA,M,OtsLYON22S_1_0445,OtsLYON22S_1_4237,OtsLYON22S_1,3,FALL,1,IPCSR,Abv
OtsLGRF25S,OtsLGRF25S_7443,C-07443,10/5/2025,M,670,AI,NA,NA,NA,M,OtsPBT21-PRHFa-4714,OtsPBT21-PRHFa-4527,OtsPBT21-PRHFa,4,FALL,1,PRFH,blw
OtsLGRF25S,OtsLGRF25S_7445,C-07445,10/5/2025,M,710,AD,1,3DD.003D7F7599,NA,M,OtsLYON21S_1_1102,OtsLYON21S_1_1343,OtsLYON21S_1,4,FALL,1,LFYO,blw
OtsLGRF25S,OtsLGRF25S_7447,C-07447,10/5/2025,F,670,AD,NA,NA,NA,F,OtsPBT22-PRHFa-0789,OtsPBT22-PRHFa-1074,OtsPBT22-PRHFa,3,FALL,1,PRFH,blw
OtsLGRF25S,OtsLGRF25S_7449,C-07449,10/5/2025,F,660,AI,NA,NA,NA,F,OtsLYON22S_1_0356,OtsLYON22S_1_4042,OtsLYON22S_1,3,FALL,1,IPCSR,Abv
OtsLGRF25S,OtsLGRF25S_7451,C-07451,10/5/2025,F,760,AD,1,NA,NA,F,OtsLYON21S_1_1105,OtsLYON21S_1_1325,OtsLYON21S_1,4,FALL,1,LFYO,blw
OtsLGRF25S,OtsLGRF25S_7453,C-07453,10/5/2025,F,640,AD,1,NA,NA,M,OtsLYON21S_1_1085,OtsLYON21S_1_1293,OtsLYON21S_1,4,FALL,1,LFYO,blw
OtsLGRF25S,OtsLGRF25S_7455,C-07455,10/5/2025,M,580,AI,NA,NA,NA,M,NA,NA,Unassigned,NA,FALL,1,NA,Abv
OtsLGRF25S,OtsLGRF25S_7457,C-07457,10/5/2025,F,700,AD,1,NA,NA,F,OtsLYON22S_1_0510,OtsLYON22S_1_4339,OtsLYON22S_1,3,FALL,1,GRR,Abv
OtsLGRF25S,OtsLGRF25S_7459,C-07459,10/5/2025,F,790,AI,NA,NA,NA,F,NA,NA,Unassigned,NA,FALL,1,NA,Abv
OtsLGRF25S,OtsLGRF25S_7461,C-07461,10/5/2025,F,700,AI,NA,NA,NA,F,OtsLYON22S_1_0203,OtsLYON22S_1_3140,OtsLYON22S_1,3,FALL,1,LFSO,blw
OtsLGRF25S,OtsLGRF25S_7463,C-07463,10/5/2025,F,730,AI,NA,NA,NA,F,OtsPBT21-UmaFa-3365,OtsPBT21-UmaFa-3363,OtsPBT21-UmaFa,4,FALL,1,UMFH,blw
OtsLGRF25S,OtsLGRF25S_7465,C-07465,10/6/2025,F,710,AD,1,NA,NA,F,OtsLYON21S_1_0825,OtsLYON21S_1_1664,OtsLYON21S_1,4,FALL,1,CJA2,Abv
OtsLGRF25S,OtsLGRF25S_7467,C-07467,10/6/2025,M,730,AD,NA,3DD.003D7F757E,NA,M,OtsPBT21-UmaFa-3180,OtsPBT21-UmaFa-3179,OtsPBT21-UmaFa,4,FALL,1,UMFH,blw
OtsLGRF25S,OtsLGRF25S_7469,C-07469,10/6/2025,M,680,AD,NA,NA,NA,M,OtsPBT21-RSHFa-0034,OtsPBT21-RSHFa-0112,OtsPBT21-RSHFa,4,FALL,1,RSFH,blw
OtsLGRF25S,OtsLGRF25S_7471,C-07471,10/6/2025,M,760,AD,1,3DD.003D7F75A5,NA,M,OtsLYON21S_1_0895,OtsLYON21S_1_1912,OtsLYON21S_1,4,FALL,1,PLA2,Abv
OtsLGRF25S,OtsLGRF25S_7473,C-07473,10/6/2025,M,760,AI,NA,3DD.003D7F7594,NA,M,OtsPBT21-LWSFa-5314,OtsPBT21-LWSFa-5461,OtsPBT21-LWSFa,4,FALL,1,LWSH,blw
OtsLGRF25S,OtsLGRF25S_7475,C-07475,10/6/2025,M,650,AD,1,NA,NA,M,OtsNPFH22S_1_0459,OtsNPFH22S_1_0383,OtsNPFH22S_1,3,FALL,1,LGA,Abv
OtsLGRF25S,OtsLGRF25S_7477,C-07477,10/6/2025,F,610,AI,NA,NA,NA,F,OtsLYON21S_1_0671,OtsLYON21S_1_0132,OtsLYON21S_1,4,FALL,1,BCA1,Abv
OtsLGRF25S,OtsLGRF25S_7479,C-07479,10/6/2025,M,660,AD,1,NA,NA,M,OtsLYON22S_1_0571,OtsLYON22S_1_5087,OtsLYON22S_1,3,FALL,1,LFYO,blw
OtsLGRF25S,OtsLGRF25S_7481,C-07481,10/6/2025,M,480,AD,NA,NA,NA,M,OtsPBT22-PRHFa-8835,OtsPBT22-PRHFa-8611,OtsPBT22-PRHFa,3,FALL,1,PRFH,blw
OtsLGRF25S,OtsLGRF25S_7483,C-07483,10/6/2025,F,640,AI,NA,NA,NA,F,OtsLYON21S_1_2109,OtsLYON21S_1_2344,OtsLYON21S_1,4,FALL,1,IPCSR,Abv
OtsLGRF25S,OtsLGRF25S_7485,C-07485,10/6/2025,M,590,AI,NA,NA,NA,U,NA,NA,Unassigned,NA,FALL,1,NA,Abv
OtsLGRF25S,OtsLGRF25S_7487,C-07487,10/6/2025,F,600,AI,NA,NA,NA,F,OtsLYON22S_1_0425,OtsLYON22S_1_4176,OtsLYON22S_1,3,FALL,1,IPCSR,Abv
OtsLGRF25S,OtsLGRF25S_7489,C-07489,10/6/2025,F,580,AI,NA,NA,NA,M,NA,NA,Unassigned,NA,FALL,1,NA,Abv
OtsLGRF25S,OtsLGRF25S_7491,C-07491,10/6/2025,F,740,AI,NA,NA,NA,F,OtsNPFH21S_1_1331,OtsNPFH21S_1_1048,OtsNPFH21S_1,4,FALL,1,NPTH,Abv
OtsLGRF25S,OtsLGRF25S_7493,C-07493,10/6/2025,M,700,AD,NA,3DD.003D7F7581,NA,M,OtsPBT21-PRHFa-5024,OtsPBT21-PRHFa-5128,OtsPBT21-PRHFa,4,FALL,1,PRFH,blw
OtsLGRF25S,OtsLGRF25S_7495,C-07495,10/6/2025,M,390,AI,NA,NA,NA,M,NA,NA,Unassigned,NA,FALL,1,NA,Abv
OtsLGRF25S,OtsLGRF25S_7497,C-07497,10/6/2025,F,760,AI,NA,NA,NA,F,OtsLYON21S_1_0933,OtsLYON21S_1_1750,OtsLYON21S_1,4,FALL,1,IPCSR,Abv
OtsLGRF25S,OtsLGRF25S_7499,C-07499,10/6/2025,F,680,AD,1,NA,NA,F,OtsLYON22S_1_0182,OtsLYON22S_1_3089,OtsLYON22S_1,3,FALL,1,LFSO,blw
OtsLGRF25S,OtsLGRF25S_7501,C-07501,10/6/2025,F,740,AI,NA,NA,NA,M,NA,NA,Unassigned,NA,FALL,1,NA,Abv
OtsLGRF25S,OtsLGRF25S_7503,C-07503,10/6/2025,F,800,AI,NA,NA,NA,M,NA,NA,Unassigned,NA,FALL,1,NA,Abv
OtsLGRF25S,OtsLGRF25S_7505,C-07505,10/6/2025,F,780,AD,1,NA,NA,F,OtsLYON20S_1_1457,OtsLYON20S_1_1263,OtsLYON20S_1,5,FALL,1,IPCSR,Abv
OtsLGRF25S,OtsLGRF25S_7507,C-07507,10/6/2025,F,690,AI,NA,NA,NA,M,OtsLYON22S_1_0121,OtsLYON22S_1_2176,OtsLYON22S_1,3,FALL,1,BCA1,Abv
OtsLGRF25S,OtsLGRF25S_7509,C-07509,10/6/2025,F,650,AI,NA,NA,NA,F,OtsLYON22S_1_0043,OtsLYON22S_1_2077,OtsLYON22S_1,3,FALL,1,BCA1,Abv
OtsLGRF25S,OtsLGRF25S_7511,C-07511,10/6/2025,F,700,AI,NA,NA,NA,F,OtsLYON21S_1_0954,OtsLYON21S_1_1784,OtsLYON21S_1,4,FALL,1,IPCSR,Abv
OtsLGRF25S,OtsLGRF25S_7513,C-07513,10/6/2025,M,740,AI,NA,3DD.003D7F759C,NA,M,NA,NA,Unassigned,NA,FALL,1,NA,Abv
OtsLGRF25S,OtsLGRF25S_7515,C-07515,10/6/2025,M,570,AD,NA,NA,NA,M,NA,NA,Unassigned,NA,FALL,1,NA,Abv
OtsLGRF25S,OtsLGRF25S_7517,C-07517,10/6/2025,M,680,AD,1,NA,NA,M,OtsLYON21S_1_0992,OtsLYON21S_1_0525,OtsLYON21S_1,4,FALL,1,LFYO,blw
OtsLGRF25S,OtsLGRF25S_7519,C-07519,10/7/2025,M,680,AI,NA,NA,NA,M,NA,NA,Unassigned,NA,FALL,1,NA,Abv
OtsLGRF25S,OtsLGRF25S_7521,C-07521,10/7/2025,F,720,AD,NA,NA,NA,F,OtsPBT21-PRHFa-5620,OtsPBT21-PRHFa-5731,OtsPBT21-PRHFa,4,FALL,1,PRFH,blw
OtsLGRF25S,OtsLGRF25S_7523,C-07523,10/7/2025,F,690,AD,1,NA,NA,F,OtsLYON21S_1_1038,OtsLYON21S_1_1201,OtsLYON21S_1,4,FALL,1,LFYO,blw
OtsLGRF25S,OtsLGRF25S_7525,C-07525,10/7/2025,F,680,AD,NA,NA,NA,M,OtsPBT21-LWSFa-6351,OtsPBT21-LWSFa-6466,OtsPBT21-LWSFa,4,FALL,1,LWSH,blw
OtsLGRF25S,OtsLGRF25S_7527,C-07527,10/7/2025,M,440,AI,NA,NA,NA,M,OtsLYON23S_1_0263,OtsLYON23S_1_3037,OtsLYON23S_1,2,FALL,1,LFSO,blw
OtsLGRF25S,OtsLGRF25S_7529,C-07529,10/7/2025,F,750,AI,NA,NA,NA,M,NA,NA,Unassigned,NA,FALL,1,NA,Abv
OtsLGRF25S,OtsLGRF25S_7531,C-07531,10/7/2025,M,490,AD,1,NA,NA,M,OtsLYON23S_1_0519,OtsLYON23S_1_4187,OtsLYON23S_1,2,FALL,1,IPCSR,Abv
OtsLGRF25S,OtsLGRF25S_7533,C-07533,10/7/2025,F,650,AD,NA,NA,NA,M,OtsPBT21-LWSFa-6097,OtsPBT21-LWSFa-6106,OtsPBT21-LWSFa,4,FALL,1,LWSH,blw
OtsLGRF25S,OtsLGRF25S_7535,C-07535,10/7/2025,F,660,AD,NA,NA,NA,M,OtsPBT21-LWSFa-6524,OtsPBT21-LWSFa-6635,OtsPBT21-LWSFa,4,FALL,1,LWSH,blw
OtsLGRF25S,OtsLGRF25S_7537,C-07537,10/7/2025,M,790,AI,NA,3DD.003D7F756A,NA,M,OtsNPFH21S_1_1323,OtsNPFH21S_1_1036,OtsNPFH21S_1,4,FALL,1,NPTH,Abv
OtsLGRF25S,OtsLGRF25S_7539,C-07539,10/7/2025,M,620,AI,NA,NA,NA,M,OtsPBT22-PRHFa-5870,OtsPBT22-PRHFa-5716,OtsPBT22-PRHFa,3,FALL,1,PRFH,blw
OtsLGRF25S,OtsLGRF25S_7541,C-07541,10/7/2025,F,720,AD,1,NA,NA,F,OtsLYON21S_1_0896,OtsLYON21S_1_1917,OtsLYON21S_1,4,FALL,1,PLA2,Abv
OtsLGRF25S,OtsLGRF25S_7543,C-07543,10/7/2025,M,800,AD,NA,3DD.003D7F7589,NA,M,OtsLYON20S_1_0491,OtsLYON20S_1_0546,OtsLYON20S_1,5,FALL,1,LFSO,blw
OtsLGRF25S,OtsLGRF25S_7545,C-07545,10/7/2025,M,700,AI,NA,3DD.003D7F758C,NA,M,OtsLYON22S_1_0185,OtsLYON22S_1_3093,OtsLYON22S_1,3,FALL,1,LFSO,blw
OtsLGRF25S,OtsLGRF25S_7547,C-07547,10/7/2025,M,460,AD,1,NA,NA,M,OtsLYON23S_1_0590,OtsLYON23S_1_5018,OtsLYON23S_1,2,FALL,1,IPCSR,Abv
OtsLGRF25S,OtsLGRF25S_7549,C-07549,10/8/2025,F,730,AD,1,NA,NA,F,OtsNPFH20S_1_0660,OtsNPFH20S_1_0620,OtsNPFH20S_1,5,FALL,1,NLVA,Abv
OtsLGRF25S,OtsLGRF25S_7551,C-07551,10/8/2025,F,630,AI,NA,NA,This individual failed to genotype,U,NG,NG,NA,NA,NA,NA,NG,Abv
OtsLGRF25S,OtsLGRF25S_7553,C-07553,10/8/2025,F,690,AD,1,NA,NA,F,OtsLYON21S_1_1087,OtsLYON21S_1_1295,OtsLYON21S_1,4,FALL,1,LFYO,blw
OtsLGRF25S,OtsLGRF25S_7555,C-07555,10/8/2025,M,610,AI,NA,NA,NA,M,OtsLYON22S_1_0066,OtsLYON22S_1_2098,OtsLYON22S_1,3,FALL,1,BCA1,Abv
OtsLGRF25S,OtsLGRF25S_7557,C-07557,10/8/2025,M,660,AI,NA,NA,NA,M,OtsLYON22S_1_0106,OtsLYON22S_1_2166,OtsLYON22S_1,3,FALL,1,BCA1,Abv
OtsLGRF25S,OtsLGRF25S_7559,C-07559,10/8/2025,M,680,AI,NA,NA,NA,M,OtsLYON22S_1_0523,OtsLYON22S_1_4368,OtsLYON22S_1,3,FALL,1,CJA1,Abv
OtsLGRF25S,OtsLGRF25S_7561,C-07561,10/8/2025,M,680,AD,NA,NA,This individual failed to genotype,U,NG,NG,NA,NA,NA,NA,NG,Abv
OtsLGRF25S,OtsLGRF25S_7563,C-07563,10/8/2025,M,450,AD,1,NA,NA,M,OtsLYON23S_1_0265,OtsLYON23S_1_3032,OtsLYON23S_1,2,FALL,1,LFSO,blw
OtsLGRF25S,OtsLGRF25S_7565,C-07565,10/8/2025,M,390,AD,1,NA,NA,M,OtsLYON23S_1_0265,OtsLYON23S_1_3032,OtsLYON23S_1,2,FALL,1,LFSO,blw
OtsLGRF25S,OtsLGRF25S_7567,C-07567,10/9/2025,M,660,AD,1,NA,NA,M,OtsPBT22-RSHFa,OtsPBT22-RSHFa,OtsPBT22-RSHFa,3,FALL,1,RSFH,blw
OtsLGRF25S,OtsLGRF25S_7569,C-07569,10/9/2025,M,390,AI,NA,NA,NA,M,OtsLYON23S_1_0461,OtsLYON23S_1_4057,OtsLYON23S_1,2,FALL,1,IPCSR,Abv
OtsLGRF25S,OtsLGRF25S_7571,C-07571,10/9/2025,M,650,AI,NA,NA,NA,M,OtsLYON22S_1_0224,OtsLYON22S_1_3186,OtsLYON22S_1,3,FALL,1,LFSO,blw
OtsLGRF25S,OtsLGRF25S_7573,C-07573,10/9/2025,F,760,AD,1,NA,NA,F,OtsLYON20S_1_1433,OtsLYON20S_1_1222,OtsLYON20S_1,5,FALL,1,LFYO,blw
OtsLGRF25S,OtsLGRF25S_7575,C-07575,10/9/2025,F,740,AD,1,NA,NA,F,OtsLYON21S_1_0789,OtsLYON21S_1_0473,OtsLYON21S_1,4,FALL,1,LFSO,blw
OtsLGRF25S,OtsLGRF25S_7577,C-07577,10/9/2025,F,680,AD,1,NA,NA,F,OtsLYON22S_1_0177,OtsLYON22S_1_3064,OtsLYON22S_1,3,FALL,1,CJA1,Abv
OtsLGRF25S,OtsLGRF25S_7579,C-07579,10/9/2025,M,570,AD,1,NA,NA,M,OtsLYON22S_1_0491,OtsLYON22S_1_4309,OtsLYON22S_1,3,FALL,1,GRR,Abv
OtsLGRF25S,OtsLGRF25S_7581,C-07581,10/9/2025,F,780,AD,NA,NA,NA,F,OtsNPFH21S_1_1166,OtsNPFH21S_1_1214,OtsNPFH21S_1,4,FALL,1,NLVA,Abv
OtsLGRF25S,OtsLGRF25S_7583,C-07583,10/9/2025,F,710,AI,NA,NA,NA,F,OtsLYON21S_1_2107,OtsLYON21S_1_2315,OtsLYON21S_1,4,FALL,1,IPCSR,Abv
OtsLGRF25S,OtsLGRF25S_7585,C-07585,10/9/2025,F,690,AD,1,NA,NA,F,OtsLYON21S_1_1152,OtsLYON21S_1_2313,OtsLYON21S_1,4,FALL,1,LFYO,blw
OtsLGRF25S,OtsLGRF25S_7587,C-07587,10/9/2025,M,670,AI,1,NA,NA,M,OtsLYON22S_1_0235,OtsLYON22S_1_3199,OtsLYON22S_1,3,FALL,1,LFSO,blw
OtsLGRF25S,OtsLGRF25S_7589,C-07589,10/9/2025,F,700,AD,1,NA,NA,F,OtsLYON21S_1_0790,OtsLYON21S_1_0486,OtsLYON21S_1,4,FALL,1,LFSO,blw
OtsLGRF25S,OtsLGRF25S_7591,C-07591,10/9/2025,M,570,AI,NA,NA,NA,M,NA,NA,Unassigned,NA,FALL,1,NA,Abv
OtsLGRF25S,OtsLGRF25S_7593,C-07593,10/9/2025,M,480,AI,NA,NA,NA,M,OtsLYON23S_1_0227,OtsLYON23S_1_2291,OtsLYON23S_1,2,FALL,1,LFSO,blw
OtsLGRF25S,OtsLGRF25S_7595,C-07595,10/9/2025,M,730,AD,1,3DD.003D7F7576,NA,M,OtsLYON21S_1_0941,OtsLYON21S_1_1764,OtsLYON21S_1,4,FALL,1,IPCSR,Abv
OtsLGRF25S,OtsLGRF25S_7597,C-07597,10/9/2025,F,670,AI,NA,NA,NA,F,OtsLYON22S_1_0579,OtsLYON22S_1_5105,OtsLYON22S_1,3,FALL,1,LFSO,blw
OtsLGRF25S,OtsLGRF25S_7599,C-07599,10/9/2025,M,530,AD,1,NA,NA,M,OtsPBT22-PRHFa-S11473-0161,OtsPBT22-PRHFa-S11474-0222,OtsPBT22-PRHFa,3,FALL,1,PRFH,blw
OtsLGRF25S,OtsLGRF25S_7601,C-07601,10/9/2025,M,420,AI,NA,NA,NA,M,OtsLYON23S_1_0060,OtsLYON23S_1_1125,OtsLYON23S_1,2,FALL,1,CJA1,Abv
OtsLGRF25S,OtsLGRF25S_7603,C-07603,10/9/2025,F,770,AD,1,NA,NA,F,OtsLYON21S_1_0774,OtsLYON21S_1_0440,OtsLYON21S_1,4,FALL,1,LFSO,blw
OtsLGRF25S,OtsLGRF25S_7605,C-07605,10/9/2025,M,540,AD,1,NA,NA,M,OtsPBT22-PRHFa-2970,OtsPBT22-PRHFa-2858,OtsPBT22-PRHFa,3,FALL,1,PRFH,blw
OtsLGRF25S,OtsLGRF25S_7607,C-07607,10/9/2025,M,650,AI,NA,NA,NA,M,OtsLYON22S_1_0588,OtsLYON22S_1_5115,OtsLYON22S_1,3,FALL,1,LFSO,blw
OtsLGRF25S,OtsLGRF25S_7609,C-07609,10/10/2025,M,600,AI,NA,NA,NA,M,OtsLYON22S_1_0572,OtsLYON22S_1_5119,OtsLYON22S_1,3,FALL,1,LFSO,blw
OtsLGRF25S,OtsLGRF25S_7611,C-07611,10/10/2025,F,770,AD,NA,NA,NA,F,OtsPBT21-LWSFa-6024,OtsPBT21-LWSFa-6202,OtsPBT21-LWSFa,4,FALL,1,LWSH,blw
OtsLGRF25S,OtsLGRF25S_7613,C-07613,10/10/2025,F,690,AI,NA,NA,NA,F,OtsLYON20S_1_1549,OtsLYON20S_1_1717,OtsLYON20S_1,5,FALL,1,IPCSR,Abv
OtsLGRF25S,OtsLGRF25S_7615,C-07615,10/10/2025,M,590,AI,NA,NA,NA,M,NA,NA,Unassigned,NA,FALL,1,NA,Abv
OtsLGRF25S,OtsLGRF25S_7617,C-07617,10/10/2025,M,680,AI,NA,NA,NA,M,OtsLYON22S_1_0228,OtsLYON22S_1_3192,OtsLYON22S_1,3,FALL,1,LFSO,blw
OtsLGRF25S,OtsLGRF25S_7619,C-07619,10/10/2025,M,690,AD,NA,NA,NA,M,OtsPBT20-RSHFa-1324,OtsPBT20-RSHFa-1226,OtsPBT20-RSHFa,5,FALL,1,RSFH,blw
OtsLGRF25S,OtsLGRF25S_7621,C-07621,10/10/2025,F,730,AD,1,NA,NA,F,OtsLYON21S_1_0906,OtsLYON21S_1_1933,OtsLYON21S_1,4,FALL,1,PLA2,Abv
OtsLGRF25S,OtsLGRF25S_7623,C-07623,10/10/2025,F,670,AD,1,NA,NA,F,OtsLYON20S_1_1303,OtsLYON20S_1_0825,OtsLYON20S_1,5,FALL,1,LFYO,blw
OtsLGRF25S,OtsLGRF25S_7625,C-07625,10/10/2025,M,760,AI,NA,3DD.003D7F756E,NA,M,NA,NA,Unassigned,NA,FALL,1,NA,Abv
OtsLGRF25S,OtsLGRF25S_7627,C-07627,10/10/2025,M,740,AI,NA,3DD.003D7F73AE,NA,M,NA,NA,Unassigned,NA,FALL,1,NA,Abv
OtsLGRF25S,OtsLGRF25S_7629,C-07629,10/10/2025,M,590,AD,1,NA,NA,M,OtsLYON21S_1_1002,OtsLYON21S_1_0538,OtsLYON21S_1,4,FALL,1,LFYO,blw
OtsLGRF25S,OtsLGRF25S_7631,C-07631,10/10/2025,M,640,AI,NA,NA,NA,M,OtsPBT21-LWSFa-7111,OtsPBT21-LWSFa-7211,OtsPBT21-LWSFa,4,FALL,1,LWSH,blw
OtsLGRF25S,OtsLGRF25S_7633,C-07633,10/10/2025,M,560,AD,1,NA,NA,M,OtsPBT22-LWSFa-4711,OtsPBT22-LWSFa-4929,OtsPBT22-LWSFa,3,FALL,1,LWSH,blw
OtsLGRF25S,OtsLGRF25S_7635,C-07635,10/10/2025,F,770,AI,NA,NA,NA,F,NA,NA,Unassigned,NA,FALL,1,NA,Abv
OtsLGRF25S,OtsLGRF25S_7637,C-07637,10/10/2025,M,540,AI,NA,NA,NA,M,OtsPBT22-LWSFa-8915,OtsPBT22-LWSFa-8743,OtsPBT22-LWSFa,3,FALL,1,LWSH,blw
OtsLGRF25S,OtsLGRF25S_7639,C-07639,10/10/2025,F,570,AI,NA,NA,NA,F,OtsLYON21S_1_0609,OtsLYON21S_1_0014,OtsLYON21S_1,4,FALL,1,PLA1,Abv
OtsLGRF25S,OtsLGRF25S_7641,C-07641,10/11/2025,F,780,AI,NA,NA,NA,F,NA,NA,Unassigned,NA,FALL,1,NA,Abv
OtsLGRF25S,OtsLGRF25S_7643,C-07643,10/11/2025,M,570,AD,NA,NA,NA,M,OtsPBT22-PRHFa-8843,OtsPBT22-PRHFa-8648,OtsPBT22-PRHFa,3,FALL,1,PRFH,blw
OtsLGRF25S,OtsLGRF25S_7645,C-07645,10/11/2025,M,620,AD,1,NA,NA,M,OtsPBT22-LWSFa-5318,OtsPBT22-LWSFa-5139,OtsPBT22-LWSFa,3,FALL,1,LWSH,blw
OtsLGRF25S,OtsLGRF25S_7647,C-07647,10/11/2025,M,560,AD,1,NA,NA,M,OtsLYON22S_1_0314,OtsLYON22S_1_3417,OtsLYON22S_1,3,FALL,1,LFYO,blw
OtsLGRF25S,OtsLGRF25S_7649,C-07649,10/11/2025,F,810,AI,NA,NA,NA,F,NA,NA,Unassigned,NA,FALL,1,NA,Abv
OtsLGRF25S,OtsLGRF25S_7651,C-07651,10/11/2025,F,850,AI,NA,NA,NA,F,NA,NA,Unassigned,NA,FALL,1,NA,Abv
OtsLGRF25S,OtsLGRF25S_7653,C-07653,10/11/2025,F,700,AD,NA,NA,NA,F,OtsPBT22-PRHFa-2925,OtsPBT22-PRHFa-2816,OtsPBT22-PRHFa,3,FALL,1,PRFH,blw
OtsLGRF25S,OtsLGRF25S_7655,C-07655,10/11/2025,M,610,AI,NA,NA,NA,M,OtsPBT22-LWSFa-8119,OtsPBT22-LWSFa-8232,OtsPBT22-LWSFa,3,FALL,1,LWSH,blw
OtsLGRF25S,OtsLGRF25S_7657,C-07657,10/11/2025,F,730,AD,1,NA,NA,F,OtsLYON20S_1_1397,OtsLYON20S_1_0974,OtsLYON20S_1,5,FALL,1,LFYO,blw
OtsLGRF25S,OtsLGRF25S_7659,C-07659,10/11/2025,F,710,AI,NA,NA,NA,F,OtsPBT21-RSHFa-0335,OtsPBT21-RSHFa-6363,OtsPBT21-RSHFa,4,FALL,1,RSFH,blw
OtsLGRF25S,OtsLGRF25S_7661,C-07661,10/11/2025,M,440,AI,NA,NA,NA,M,OtsLYON23S_1_0227,OtsLYON23S_1_2291,OtsLYON23S_1,2,FALL,1,LFSO,blw
OtsLGRF25S,OtsLGRF25S_7663,C-07663,10/11/2025,F,630,AD,1,NA,NA,F,OtsLYON21S_1_1093,OtsLYON21S_1_1296,OtsLYON21S_1,4,FALL,1,LFYO,blw
OtsLGRF25S,OtsLGRF25S_7665,C-07665,10/11/2025,M,620,AD,NA,NA,This sample is a duplicate with OtsLGRF25S_6969.,M,OtsPBT22-RSHF,OtsPBT22-RSHFa3M-0077,OtsPBT22-RSHFa,3,FALL,1,RSFH,blw
OtsLGRF25S,OtsLGRF25S_7667,C-07667,10/11/2025,F,740,AD,NA,NA,NA,F,OtsPBT21-LWSFa-6357,OtsPBT21-LWSFa-6415,OtsPBT21-LWSFa,4,FALL,1,LWSH,blw
OtsLGRF25S,OtsLGRF25S_7669,C-07669,10/11/2025,F,690,AD,1,NA,NA,F,OtsLYON20S_1_1453,OtsLYON20S_1_1254,OtsLYON20S_1,5,FALL,1,LFYO,blw
OtsLGRF25S,OtsLGRF25S_7671,C-07671,10/11/2025,M,620,AI,NA,NA,This sample is a duplicate with OtsLGRF25S_5573.,M,OtsLYON22S_1_0589,OtsLYON22S_1_5126,OtsLYON22S_1,3,FALL,1,LFSO,blw
OtsLGRF25S,OtsLGRF25S_7673,C-07673,10/11/2025,M,530,AD,1,NA,NA,M,OtsLYON22S_1_0561,OtsLYON22S_1_5041,OtsLYON22S_1,3,FALL,1,LFYO,blw
OtsLGRF25S,OtsLGRF25S_7675,C-07675,10/11/2025,M,700,AI,NA,3DD.003D7F7597,NA,M,OtsLYON22S_1_0597,OtsLYON22S_1_5154,OtsLYON22S_1,3,FALL,1,LFSO,blw
OtsLGRF25S,OtsLGRF25S_7677,C-07677,10/11/2025,M,660,AI,NA,NA,NA,M,OtsLYON22S_1_0242,OtsLYON22S_1_3219,OtsLYON22S_1,3,FALL,1,LFSO,blw
OtsLGRF25S,OtsLGRF25S_7679,C-07679,10/11/2025,F,810,AD,1,NA,NA,F,NA,NA,Unassigned,NA,FALL,1,NA,Abv
OtsLGRF25S,OtsLGRF25S_7681,C-07681,10/11/2025,F,810,AI,NA,NA,NA,F,NA,NA,Unassigned,NA,FALL,1,NA,Abv
OtsLGRF25S,OtsLGRF25S_7683,C-07683,10/11/2025,F,730,AI,NA,NA,NA,F,OtsLYON21S_1_0757,OtsLYON21S_1_0394,OtsLYON21S_1,4,FALL,1,CJA1,Abv
OtsLGRF25S,OtsLGRF25S_7685,C-07685,10/11/2025,M,490,AI,NA,NA,NA,M,NA,NA,Unassigned,NA,FALL,1,NA,Abv
OtsLGRF25S,OtsLGRF25S_7687,C-07687,10/11/2025,F,640,AD,1,NA,NA,F,OtsLYON21S_1_1159,OtsLYON21S_1_2308,OtsLYON21S_1,4,FALL,1,LFYO,blw
OtsLGRF25S,OtsLGRF25S_7689,C-07689,10/11/2025,M,670,AI,NA,NA,NA,M,NA,NA,Unassigned,NA,FALL,1,NA,Abv
OtsLGRF25S,OtsLGRF25S_7691,C-07691,10/11/2025,M,630,AD,1,NA,NA,M,OtsLYON21S_1_1060,OtsLYON21S_1_1239,OtsLYON21S_1,4,FALL,1,LFYO,blw
OtsLGRF25S,OtsLGRF25S_7693,C-07693,10/11/2025,F,650,AI,NA,NA,NA,F,OtsLYON22S_1_0001,OtsLYON22S_1_1007,OtsLYON22S_1,3,FALL,1,PLA1,Abv
OtsLGRF25S,OtsLGRF25S_7695,C-07695,10/12/2025,F,650,AI,NA,NA,NA,F,OtsPBT22-LWSFa-7665,OtsPBT22-LWSFa-7492,OtsPBT22-LWSFa,3,FALL,1,LWSH,blw
OtsLGRF25S,OtsLGRF25S_7697,C-07697,10/12/2025,M,410,AI,NA,NA,NA,M,OtsLYON23S_1_0265,OtsLYON23S_1_3032,OtsLYON23S_1,2,FALL,1,LFSO,blw
OtsLGRF25S,OtsLGRF25S_7699,C-07699,10/12/2025,M,620,AD,NA,NA,NA,M,OtsPBT22-PRHFa-2909,OtsPBT22-PRHFa-2838,OtsPBT22-PRHFa,3,FALL,1,PRFH,blw
OtsLGRF25S,OtsLGRF25S_7701,C-07701,10/12/2025,M,570,AI,NA,NA,NA,M,OtsLYON22S_1_0157,OtsLYON22S_1_3051,OtsLYON22S_1,3,FALL,1,CJA1,Abv
OtsLGRF25S,OtsLGRF25S_7703,C-07703,10/12/2025,F,660,AI,NA,NA,NA,F,NA,NA,Unassigned,NA,FALL,1,NA,Abv
OtsLGRF25S,OtsLGRF25S_7705,C-07705,10/12/2025,F,610,AI,NA,NA,NA,F,OtsLYON22S_1_0201,OtsLYON22S_1_3175,OtsLYON22S_1,3,FALL,1,LFSO,blw
OtsLGRF25S,OtsLGRF25S_7707,C-07707,10/12/2025,M,550,AI,NA,NA,NA,U,NA,NA,Unassigned,NA,FALL,1,NA,Abv
OtsLGRF25S,OtsLGRF25S_7709,C-07709,10/12/2025,F,720,AI,NA,NA,NA,F,OtsLYON22S_1_0118,OtsLYON22S_1_2177,OtsLYON22S_1,3,FALL,1,BCA1,Abv
OtsLGRF25S,OtsLGRF25S_7711,C-07711,10/12/2025,M,660,AD,NA,NA,NA,M,OtsPBT22-LWSFa-7248,OtsPBT22-LWSFa-7426,OtsPBT22-LWSFa,3,FALL,1,LWSH,blw
OtsLGRF25S,OtsLGRF25S_7713,C-07713,10/12/2025,F,610,AD,NA,NA,NA,M,OtsPBT22-PRHFa-1207,OtsPBT22-PRHFa-1110,OtsPBT22-PRHFa,3,FALL,1,PRFH,blw
OtsLGRF25S,OtsLGRF25S_7715,C-07715,10/12/2025,M,940,AD,1,3DD.003D7F755D,NA,M,OtsLYON20S_1_0475,OtsLYON20S_1_0524,OtsLYON20S_1,5,FALL,1,LFSO,blw
OtsLGRF25S,OtsLGRF25S_7717,C-07717,10/12/2025,M,460,AD,1,NA,NA,M,OtsLYON22S_1_0561,OtsLYON22S_1_5040,OtsLYON22S_1,3,FALL,1,LFYO,blw
OtsLGRF25S,OtsLGRF25S_7719,C-07719,10/12/2025,M,620,AD,1,NA,NA,M,OtsLYON21S_1_1179,OtsLYON21S_1_2305,OtsLYON21S_1,4,FALL,1,LFYO,blw
OtsLGRF25S,OtsLGRF25S_7721,C-07721,10/12/2025,M,510,AD,1,NA,NA,M,OtsLYON21S_1_1141,OtsLYON21S_1_1396,OtsLYON21S_1,4,FALL,1,LFYO,blw
OtsLGRF25S,OtsLGRF25S_7723,C-07723,10/12/2025,F,740,AI,NA,NA,NA,F,OtsLYON22S_1_0359,OtsLYON22S_1_4056,OtsLYON22S_1,3,FALL,1,IPCSR,Abv
OtsLGRF25S,OtsLGRF25S_7725,C-07725,10/13/2025,F,620,AI,NA,NA,NA,F,NA,NA,Unassigned,NA,FALL,1,NA,Abv
OtsLGRF25S,OtsLGRF25S_7727,C-07727,10/13/2025,M,340,AD,NA,NA,NA,M,OtsPBT23-UmaFa-1092,OtsPBT23-UmaFa-0992,OtsPBT23-UmaFa,2,FALL,1,UMFH,blw
OtsLGRF25S,OtsLGRF25S_7729,C-07729,10/13/2025,F,750,AD,NA,3DD.0078F63ABC,NA,F,OtsPBT21-PRHFa-2735,OtsPBT21-PRHFa-2868,OtsPBT21-PRHFa,4,FALL,1,PRFH,blw
OtsLGRF25S,OtsLGRF25S_7731,C-07731,10/13/2025,F,710,AD,NA,NA,NA,F,OtsPBT21-LWSFa-6007,OtsPBT21-LWSFa-6240,OtsPBT21-LWSFa,4,FALL,1,LWSH,blw
OtsLGRF25S,OtsLGRF25S_7733,C-07733,10/13/2025,F,570,AI,NA,NA,NA,F,OtsLYON22S_1_0401,OtsLYON22S_1_4142,OtsLYON22S_1,3,FALL,1,IPCSR,Abv
OtsLGRF25S,OtsLGRF25S_7735,C-07735,10/13/2025,M,610,AI,NA,NA,This sample is a duplicate with OtsLGRF25S_5767.,M,OtsPBT22-LWSFa-7217,OtsPBT22-LWSFa-7031,OtsPBT22-LWSFa,3,FALL,1,LWSH,blw
OtsLGRF25S,OtsLGRF25S_7737,C-07737,10/13/2025,F,730,AD,1,NA,NA,F,NA,NA,Unassigned,NA,FALL,1,NA,Abv
OtsLGRF25S,OtsLGRF25S_7739,C-07739,10/13/2025,M,600,AI,NA,NA,NA,M,NA,NA,Unassigned,NA,FALL,1,NA,Abv
OtsLGRF25S,OtsLGRF25S_7741,C-07741,10/13/2025,F,660,AI,NA,NA,NA,F,OtsLYON22S_1_0118,OtsLYON22S_1_2177,OtsLYON22S_1,3,FALL,1,BCA1,Abv
OtsLGRF25S,OtsLGRF25S_7743,C-07743,10/13/2025,F,680,AI,NA,NA,NA,M,NA,NA,Unassigned,NA,FALL,1,NA,Abv
OtsLGRF25S,OtsLGRF25S_7745,C-07745,10/13/2025,M,600,AD,NA,NA,NA,M,OtsPBT22-LWSFa-5325,OtsPBT22-LWSFa-5146,OtsPBT22-LWSFa,3,FALL,1,LWSH,blw
OtsLGRF25S,OtsLGRF25S_7747,C-07747,10/14/2025,F,640,AD,1,NA,This sample is a duplicate with OtsLGRF25S_8031.,F,NA,NA,Unassigned,NA,FALL,1,NA,Abv
OtsLGRF25S,OtsLGRF25S_7749,C-07749,10/14/2025,F,690,AD,1,NA,NA,F,OtsLYON21S_1_1080,OtsLYON21S_1_1288,OtsLYON21S_1,4,FALL,1,LFYO,blw
OtsLGRF25S,OtsLGRF25S_7751,C-07751,10/14/2025,M,640,AI,NA,NA,NA,M,OtsLYON22S_1_0193,OtsLYON22S_1_3106,OtsLYON22S_1,3,FALL,1,LFSO,blw
OtsLGRF25S,OtsLGRF25S_7753,C-07753,10/14/2025,F,700,AD,NA,NA,NA,F,OtsPBT21-PRHFa-4269,OtsPBT21-PRHFa-4409,OtsPBT21-PRHFa,4,FALL,1,PRFH,blw
OtsLGRF25S,OtsLGRF25S_7755,C-07755,10/14/2025,M,680,AI,NA,NA,NA,M,OtsPBT21-LWSFa-6384,OtsPBT21-LWSFa-6286,OtsPBT21-LWSFa,4,FALL,1,LWSH,blw
OtsLGRF25S,OtsLGRF25S_7757,C-07757,10/14/2025,M,700,AD,NA,NA,NA,M,OtsPBT21-RSHFa-Unk0026,OtsPBT21-RSHFa-0943,OtsPBT21-RSHFa,4,FALL,1,RSFH,blw
OtsLGRF25S,OtsLGRF25S_7759,C-07759,10/14/2025,M,610,AD,1,NA,NA,M,OtsLYON22S_1_0190,OtsLYON22S_1_3101,OtsLYON22S_1,3,FALL,1,LFSO,blw
OtsLGRF25S,OtsLGRF25S_7761,C-07761,10/14/2025,M,640,AI,NA,NA,NA,M,OtsPBT22-LWSFa-8114,OtsPBT22-LWSFa-8082,OtsPBT22-LWSFa,3,FALL,1,LWSH,blw
OtsLGRF25S,OtsLGRF25S_7763,C-07763,10/14/2025,F,760,AI,NA,3DD.003E170ED5,NA,F,OtsLYON21S_1_0816,OtsLYON21S_1_1638,OtsLYON21S_1,4,FALL,1,LFSO,blw
OtsLGRF25S,OtsLGRF25S_7765,C-07765,10/14/2025,F,680,AI,NA,NA,NA,F,OtsLYON21S_1_1154,OtsLYON21S_1_2316,OtsLYON21S_1,4,FALL,1,IPCSR,Abv
OtsLGRF25S,OtsLGRF25S_7767,C-07767,10/14/2025,F,670,AD,NA,NA,NA,M,NA,NA,Unassigned,NA,FALL,1,NA,Abv
OtsLGRF25S,OtsLGRF25S_7769,C-07769,10/14/2025,F,760,AD,1,NA,NA,F,OtsLYON21S_1_0902,OtsLYON21S_1_1928,OtsLYON21S_1,4,FALL,1,PLA2,Abv
OtsLGRF25S,OtsLGRF25S_7771,C-07771,10/14/2025,F,650,AD,1,NA,NA,F,OtsPBT21-RSHFa-Unk0314,OtsPBT21-RSHFa-0160,OtsPBT21-RSHFa,4,FALL,1,RSFH,blw
OtsLGRF25S,OtsLGRF25S_7773,C-07773,10/15/2025,F,800,AD,1,NA,NA,F,NA,NA,Unassigned,NA,FALL,1,NA,Abv
OtsLGRF25S,OtsLGRF25S_7775,C-07775,10/15/2025,F,760,AI,NA,NA,NA,F,OtsLYON21S_1_0800,OtsLYON21S_1_1602,OtsLYON21S_1,4,FALL,1,LFSO,blw
OtsLGRF25S,OtsLGRF25S_7777,C-07777,10/15/2025,F,640,AI,NA,NA,NA,F,OtsLYON22S_1_0004,OtsLYON22S_1_1014,OtsLYON22S_1,3,FALL,1,PLA1,Abv
OtsLGRF25S,OtsLGRF25S_7779,C-07779,10/15/2025,M,620,AD,NA,NA,NA,M,OtsPBT22-LWSFa-7244,OtsPBT22-LWSFa-7387,OtsPBT22-LWSFa,3,FALL,1,LWSH,blw
OtsLGRF25S,OtsLGRF25S_7781,C-07781,10/15/2025,F,700,AI,NA,NA,NA,F,OtsLYON22S_1_0599,OtsLYON22S_1_5150,OtsLYON22S_1,3,FALL,1,LFSO,blw
OtsLGRF25S,OtsLGRF25S_7783,C-07783,10/15/2025,F,710,AI,NA,NA,NA,F,OtsLYON21S_1_0671,OtsLYON21S_1_0132,OtsLYON21S_1,4,FALL,1,BCA1,Abv
OtsLGRF25S,OtsLGRF25S_7785,C-07785,10/15/2025,M,730,AD,1,NA,NA,M,OtsLYON21S_1_0787,OtsLYON21S_1_0477,OtsLYON21S_1,4,FALL,1,LFSO,blw
OtsLGRF25S,OtsLGRF25S_7787,C-07787,10/15/2025,M,670,AI,NA,NA,NA,M,OtsLYON22S_1_0229,OtsLYON22S_1_3201,OtsLYON22S_1,3,FALL,1,LFSO,blw
OtsLGRF25S,OtsLGRF25S_7789,C-07789,10/16/2025,F,670,AD,1,NA,NA,F,OtsLYON21S_1_1126,OtsLYON21S_1_1387,OtsLYON21S_1,4,FALL,1,LFYO,blw
OtsLGRF25S,OtsLGRF25S_7791,C-07791,10/16/2025,F,720,AI,NA,NA,NA,F,OtsLYON22S_1_0182,OtsLYON22S_1_3089,OtsLYON22S_1,3,FALL,1,LFSO,blw
OtsLGRF25S,OtsLGRF25S_7793,C-07793,10/16/2025,M,660,AI,NA,NA,NA,U,OtsPBT22-LWSFa-8521,OtsPBT22-LWSFa-8682,OtsPBT22-LWSFa,3,FALL,1,LWSH,blw
OtsLGRF25S,OtsLGRF25S_7795,C-07795,10/16/2025,F,630,AD,1,NA,This sample is a duplicate with OtsLGRF25S_7985.,M,OtsPBT20-RSHFa-0927,OtsPBT20-RSHFa-0854,OtsPBT20-RSHFa,5,FALL,1,RSFH,blw
OtsLGRF25S,OtsLGRF25S_7797,C-07797,10/16/2025,M,410,AI,NA,NA,NA,U,NA,NA,Unassigned,NA,FALL,1,NA,Abv
OtsLGRF25S,OtsLGRF25S_7799,C-07799,10/16/2025,M,740,AD,NA,NA,NA,M,OtsPBT21-UmaFa-3232,OtsPBT21-UmaFa-3231,OtsPBT21-UmaFa,4,FALL,1,UMFH,blw
OtsLGRF25S,OtsLGRF25S_7801,C-07801,10/16/2025,M,580,AD,1,NA,NA,M,OtsLYON22S_1_0493,OtsLYON22S_1_4332,OtsLYON22S_1,3,FALL,1,GRR,Abv
OtsLGRF25S,OtsLGRF25S_7803,C-07803,10/16/2025,F,720,AI,NA,NA,NA,F,NA,NA,Unassigned,NA,FALL,1,NA,Abv
OtsLGRF25S,OtsLGRF25S_7805,C-07805,10/17/2025,F,900,AI,NA,NA,NA,F,NA,NA,Unassigned,NA,FALL,1,NA,Abv
OtsLGRF25S,OtsLGRF25S_7807,C-07807,10/17/2025,F,690,AD,NA,NA,NA,F,OtsPBT20-RSHFa-1325,OtsPBT20-RSHFa-1207,OtsPBT20-RSHFa,5,FALL,1,RSFH,blw
OtsLGRF25S,OtsLGRF25S_7809,C-07809,10/17/2025,F,750,AI,1,NA,NA,F,NA,NA,Unassigned,NA,FALL,1,NA,Abv
OtsLGRF25S,OtsLGRF25S_7811,C-07811,10/17/2025,M,660,AI,NA,NA,NA,M,OtsLYON22S_1_0193,OtsLYON22S_1_3107,OtsLYON22S_1,3,FALL,1,LFSO,blw
OtsLGRF25S,OtsLGRF25S_7813,C-07813,10/17/2025,F,660,AI,NA,NA,NA,F,OtsLYON22S_1_0190,OtsLYON22S_1_3101,OtsLYON22S_1,3,FALL,1,LFSO,blw
OtsLGRF25S,OtsLGRF25S_7815,C-07815,10/17/2025,M,680,AI,NA,NA,NA,M,OtsLYON22S_1_0596,OtsLYON22S_1_5142,OtsLYON22S_1,3,FALL,1,LFSO,blw
OtsLGRF25S,OtsLGRF25S_7817,C-07817,10/17/2025,F,640,AD,1,NA,NA,F,OtsLYON22S_1_0220,OtsLYON22S_1_3165,OtsLYON22S_1,3,FALL,1,LFSO,blw
OtsLGRF25S,OtsLGRF25S_7819,C-07819,10/17/2025,M,770,AD,NA,NA,NA,M,OtsPBT21-LWSFa-6357,OtsPBT21-LWSFa-6414,OtsPBT21-LWSFa,4,FALL,1,LWSH,blw
OtsLGRF25S,OtsLGRF25S_7821,C-07821,10/17/2025,F,710,AD,1,NA,NA,F,OtsLYON21S_1_0895,OtsLYON21S_1_1912,OtsLYON21S_1,4,FALL,1,PLA2,Abv
OtsLGRF25S,OtsLGRF25S_7823,C-07823,10/17/2025,F,660,AD,NA,NA,NA,F,OtsPBT22-PRHFa-4576,OtsPBT22-PRHFa-4652,OtsPBT22-PRHFa,3,FALL,1,PRFH,blw
OtsLGRF25S,OtsLGRF25S_7825,C-07825,10/18/2025,M,740,AD,1,NA,NA,M,OtsLYON21S_1_0742,OtsLYON21S_1_0388,OtsLYON21S_1,4,FALL,1,CJA1,Abv
OtsLGRF25S,OtsLGRF25S_7827,C-07827,10/18/2025,F,670,AD,1,NA,NA,F,OtsPBT21-LWSFa-6097,OtsPBT21-LWSFa-6105,OtsPBT21-LWSFa,4,FALL,1,LWSH,blw
OtsLGRF25S,OtsLGRF25S_7829,C-07829,10/18/2025,F,730,AI,NA,NA,NA,F,OtsLYON21S_1_0957,OtsLYON21S_1_1790,OtsLYON21S_1,4,FALL,1,IPCSR,Abv
OtsLGRF25S,OtsLGRF25S_7831,C-07831,10/18/2025,M,490,AI,NA,NA,NA,M,OtsLYON23S_1_0234,OtsLYON23S_1_2306,OtsLYON23S_1,2,FALL,1,LFSO,blw
OtsLGRF25S,OtsLGRF25S_7833,C-07833,10/18/2025,F,720,AD,NA,NA,NA,F,OtsPBT21-UmaFa-3174,OtsPBT21-UmaFa-3173,OtsPBT21-UmaFa,4,FALL,1,UMFH,blw
OtsLGRF25S,OtsLGRF25S_7835,C-07835,10/18/2025,F,700,AI,NA,NA,NA,F,OtsPBT22-PRHFa-6563,OtsPBT22-PRHFa-6461,OtsPBT22-PRHFa,3,FALL,1,PRFH,blw
OtsLGRF25S,OtsLGRF25S_7837,C-07837,10/18/2025,F,730,AD,1,NA,NA,F,OtsLYON20S_1_1439,OtsLYON20S_1_1229,OtsLYON20S_1,5,FALL,1,LFYO,blw
OtsLGRF25S,OtsLGRF25S_7839,C-07839,10/18/2025,F,700,AI,NA,NA,NA,F,OtsLYON21S_1_0795,OtsLYON21S_1_1622,OtsLYON21S_1,4,FALL,1,LFSO,blw
OtsLGRF25S,OtsLGRF25S_7841,C-07841,10/18/2025,F,720,AD,1,NA,NA,F,OtsPBT21-UmaFa-3344,OtsPBT21-UmaFa-3343,OtsPBT21-UmaFa,4,FALL,1,UMFH,blw
OtsLGRF25S,OtsLGRF25S_7843,C-07843,10/18/2025,M,610,AD,NA,NA,NA,M,OtsPBT22-PRHFa-6954,OtsPBT22-PRHFa-6786,OtsPBT22-PRHFa,3,FALL,1,PRFH,blw
OtsLGRF25S,OtsLGRF25S_7845,C-07845,10/18/2025,F,770,AD,1,NA,NA,F,OtsLYON21S_1_0793,OtsLYON21S_1_0495,OtsLYON21S_1,4,FALL,1,LFSO,blw
OtsLGRF25S,OtsLGRF25S_7847,C-07847,10/18/2025,F,750,AD,1,NA,NA,F,OtsLYON21S_1_0715,OtsLYON21S_1_0287,OtsLYON21S_1,4,FALL,1,BCA1,Abv
OtsLGRF25S,OtsLGRF25S_7849,C-07849,10/19/2025,F,670,AD,1,NA,NA,F,OtsLYON21S_1_1146,OtsLYON21S_1_1411,OtsLYON21S_1,4,FALL,1,LFYO,blw
OtsLGRF25S,OtsLGRF25S_7851,C-07851,10/19/2025,F,730,AI,NA,NA,NA,F,OtsNPFH21S_1_1141,OtsNPFH21S_1_1469,OtsNPFH21S_1,4,FALL,1,NLVA,Abv
OtsLGRF25S,OtsLGRF25S_7853,C-07853,10/19/2025,F,610,AI,NA,NA,NA,F,NA,NA,Unassigned,NA,FALL,1,NA,Abv
OtsLGRF25S,OtsLGRF25S_7855,C-07855,10/19/2025,F,670,AI,NA,NA,NA,M,OtsLYON22S_1_0593,OtsLYON22S_1_5131,OtsLYON22S_1,3,FALL,1,LFSO,blw
OtsLGRF25S,OtsLGRF25S_7857,C-07857,10/19/2025,F,610,AD,1,NA,NA,F,OtsLYON22S_1_0215,OtsLYON22S_1_3163,OtsLYON22S_1,3,FALL,1,LFSO,blw
OtsLGRF25S,OtsLGRF25S_7859,C-07859,10/19/2025,M,630,AD,1,NA,NA,M,OtsLYON21S_1_1155,OtsLYON21S_1_2307,OtsLYON21S_1,4,FALL,1,LFYO,blw
OtsLGRF25S,OtsLGRF25S_7861,C-07861,10/20/2025,M,540,AD,NA,NA,NA,M,OtsPBT22-LWSFa-1880,OtsPBT22-LWSFa-1776,OtsPBT22-LWSFa,3,FALL,1,LWSH,blw
OtsLGRF25S,OtsLGRF25S_7863,C-07863,10/20/2025,M,680,AD,NA,NA,NA,M,OtsPBT21-LWSFa-6098,OtsPBT21-LWSFa-6262,OtsPBT21-LWSFa,4,FALL,1,LWSH,blw
OtsLGRF25S,OtsLGRF25S_7865,C-07865,10/20/2025,M,640,AI,NA,NA,NA,M,OtsPBT22-LWSFa-8120,OtsPBT22-LWSFa-8228,OtsPBT22-LWSFa,3,FALL,1,LWSH,blw
OtsLGRF25S,OtsLGRF25S_7867,C-07867,10/20/2025,F,730,AI,NA,NA,NA,F,NA,NA,Unassigned,NA,FALL,1,NA,Abv
OtsLGRF25S,OtsLGRF25S_7869,C-07869,10/20/2025,M,560,AI,NA,NA,"This sample is a duplicate with OtsLGRF25S_5481, OtsLGRF25S_7965.",M,OtsLYON22S_1_0572,OtsLYON22S_1_5119,OtsLYON22S_1,3,FALL,1,LFSO,blw
OtsLGRF25S,OtsLGRF25S_7871,C-07871,10/20/2025,M,620,AD,NA,NA,NA,M,OtsPBT22-PRHFa-5428,OtsPBT22-PRHFa-5354,OtsPBT22-PRHFa,3,FALL,1,PRFH,blw
OtsLGRF25S,OtsLGRF25S_7873,C-07873,10/20/2025,F,760,AD,NA,NA,NA,F,OtsPBT21-LWSFa-0496,OtsPBT21-LWSFa-0598,OtsPBT21-LWSFa,4,FALL,1,LWSH,blw
OtsLGRF25S,OtsLGRF25S_7875,C-07875,10/21/2025,M,640,AI,NA,NA,NA,M,OtsLYON22S_1_0121,OtsLYON22S_1_2176,OtsLYON22S_1,3,FALL,1,BCA1,Abv
OtsLGRF25S,OtsLGRF25S_7877,C-07877,10/21/2025,M,450,AI,NA,NA,NA,M,OtsLYON23S_1_0460,OtsLYON23S_1_4076,OtsLYON23S_1,2,FALL,1,IPCSR,Abv
OtsLGRF25S,OtsLGRF25S_7879,C-07879,10/21/2025,F,720,AD,1,NA,NA,F,OtsLYON21S_1_1139,OtsLYON21S_1_1389,OtsLYON21S_1,4,FALL,1,LFYO,blw
OtsLGRF25S,OtsLGRF25S_7881,C-07881,10/21/2025,M,460,AI,NA,NA,NA,M,OtsLYON23S_1_0091,OtsLYON23S_1_2053,OtsLYON23S_1,2,FALL,1,CJA1,Abv
OtsLGRF25S,OtsLGRF25S_7883,C-07883,10/21/2025,M,610,AI,NA,NA,NA,M,NA,NA,Unassigned,NA,FALL,1,NA,Abv
OtsLGRF25S,OtsLGRF25S_7885,C-07885,10/21/2025,M,470,AD,1,NA,NA,M,OtsLYON23S_1_0252,OtsLYON23S_1_3019,OtsLYON23S_1,2,FALL,1,LFSO,blw
OtsLGRF25S,OtsLGRF25S_7887,C-07887,10/21/2025,F,830,AI,NA,NA,NA,F,NA,NA,Unassigned,NA,FALL,1,NA,Abv
OtsLGRF25S,OtsLGRF25S_7889,C-07889,10/22/2025,F,670,AI,NA,NA,NA,F,OtsLYON21S_1_0772,OtsLYON21S_1_0447,OtsLYON21S_1,4,FALL,1,LFSO,blw
OtsLGRF25S,OtsLGRF25S_7891,C-07891,10/22/2025,M,720,AD,NA,NA,NA,M,OtsPBT21-LWSFa-1582,OtsPBT21-LWSFa-1484,OtsPBT21-LWSFa,4,FALL,1,LWSH,blw
OtsLGRF25S,OtsLGRF25S_7893,C-07893,10/22/2025,F,570,AD,1,NA,NA,M,OtsLYON22S_1_0568,OtsLYON22S_1_5092,OtsLYON22S_1,3,FALL,1,LFYO,blw
OtsLGRF25S,OtsLGRF25S_7895,C-07895,10/22/2025,M,840,AI,1,NA,NA,M,OtsLYON21S_1_0781,OtsLYON21S_1_0454,OtsLYON21S_1,4,FALL,1,LFSO,blw
OtsLGRF25S,OtsLGRF25S_7897,C-07897,10/22/2025,F,770,AI,NA,NA,NA,F,OtsLYON20S_1_0447,OtsLYON20S_1_1155,OtsLYON20S_1,5,FALL,1,LFSO,blw
OtsLGRF25S,OtsLGRF25S_7899,C-07899,10/22/2025,F,760,AD,NA,NA,NA,F,OtsPBT21-PRHFa-0381,OtsPBT21-PRHFa-0534,OtsPBT21-PRHFa,4,FALL,1,PRFH,blw
OtsLGRF25S,OtsLGRF25S_7901,C-07901,10/22/2025,M,750,AD,NA,NA,NA,M,OtsLYON21S_1_0721,OtsLYON21S_1_0305,OtsLYON21S_1,4,FALL,1,CJA1,Abv
OtsLGRF25S,OtsLGRF25S_7903,C-07903,10/22/2025,F,680,AD,1,NA,NA,F,OtsLYON22S_1_0041,OtsLYON22S_1_2039,OtsLYON22S_1,3,FALL,1,PLA1,Abv
OtsLGRF25S,OtsLGRF25S_7905,C-07905,10/23/2025,F,620,AD,NA,NA,NA,F,OtsPBT21-LWSFa-6095,OtsPBT21-LWSFa-6162,OtsPBT21-LWSFa,4,FALL,1,LWSH,blw
OtsLGRF25S,OtsLGRF25S_7907,C-07907,10/23/2025,M,480,AD,NA,NA,NA,M,OtsPBT22-PRHFa-8519,OtsPBT22-PRHFa-8731,OtsPBT22-PRHFa,3,FALL,1,PRFH,blw
OtsLGRF25S,OtsLGRF25S_7909,C-07909,10/23/2025,M,670,AD,NA,NA,NA,M,OtsPBT22-LWSFa-7645,OtsPBT22-LWSFa-7481,OtsPBT22-LWSFa,3,FALL,1,LWSH,blw
OtsLGRF25S,OtsLGRF25S_7911,C-07911,10/23/2025,F,700,AD,1,NA,NA,F,OtsLYON21S_1_0772,OtsLYON21S_1_0446,OtsLYON21S_1,4,FALL,1,LFSO,blw
OtsLGRF25S,OtsLGRF25S_7913,C-07913,10/23/2025,M,720,AI,NA,NA,NA,M,OtsLYON22S_1_0228,OtsLYON22S_1_3192,OtsLYON22S_1,3,FALL,1,LFSO,blw
OtsLGRF25S,OtsLGRF25S_7915,C-07915,10/23/2025,F,790,AI,NA,NA,NA,F,NA,NA,Unassigned,NA,FALL,1,NA,Abv
OtsLGRF25S,OtsLGRF25S_7917,C-07917,10/24/2025,F,680,AD,1,NA,NA,F,OtsLYON21S_1_0979,OtsLYON21S_1_0584,OtsLYON21S_1,4,FALL,1,LFYO,blw
OtsLGRF25S,OtsLGRF25S_7919,C-07919,10/24/2025,M,700,AD,NA,NA,NA,M,OtsPBT21-PRHFa-1214,OtsPBT21-PRHFa-1321,OtsPBT21-PRHFa,4,FALL,1,PRFH,blw
OtsLGRF25S,OtsLGRF25S_7921,C-07921,10/24/2025,M,700,AD,NA,NA,NA,M,NA,NA,Unassigned,NA,FALL,1,NA,Abv
OtsLGRF25S,OtsLGRF25S_7923,C-07923,10/24/2025,F,630,AI,NA,3DD.003D7F5BF1,NA,F,OtsLYON21S_1_0796,OtsLYON21S_1_1611,OtsLYON21S_1,4,FALL,1,LFSO,blw
OtsLGRF25S,OtsLGRF25S_7925,C-07925,10/24/2025,F,670,AI,NA,NA,This sample is a duplicate with OtsLGRF25S_7193.,F,NA,NA,Unassigned,NA,FALL,1,NA,Abv
OtsLGRF25S,OtsLGRF25S_7927,C-07927,10/24/2025,M,560,AI,NA,NA,NA,M,NA,NA,Unassigned,NA,FALL,1,NA,Abv
OtsLGRF25S,OtsLGRF25S_7929,C-07929,10/24/2025,M,690,AD,1,NA,NA,M,OtsLYON21S_1_1082,OtsLYON21S_1_1284,OtsLYON21S_1,4,FALL,1,LFYO,blw
OtsLGRF25S,OtsLGRF25S_7931,C-07931,10/25/2025,M,660,AI,NA,NA,NA,M,OtsPBT22-LWSFa-7123,OtsPBT22-LWSFa-7070,OtsPBT22-LWSFa,3,FALL,1,LWSH,blw
OtsLGRF25S,OtsLGRF25S_7933,C-07933,10/25/2025,F,750,AI,NA,3DD.0078F637EB,NA,F,NA,NA,Unassigned,NA,FALL,1,NA,Abv
OtsLGRF25S,OtsLGRF25S_7935,C-07935,10/25/2025,M,510,AD,1,NA,NA,M,OtsLYON22S_1_0561,OtsLYON22S_1_5041,OtsLYON22S_1,3,FALL,1,LFYO,blw
OtsLGRF25S,OtsLGRF25S_7937,C-07937,10/25/2025,M,690,AD,NA,NA,NA,M,OtsPBT21-LWSFa-7441,OtsPBT21-LWSFa-7803,OtsPBT21-LWSFa,4,FALL,1,LWSH,blw
OtsLGRF25S,OtsLGRF25S_7939,C-07939,10/25/2025,F,760,AD,1,NA,NA,F,OtsLYON20S_1_1389,OtsLYON20S_1_0971,OtsLYON20S_1,5,FALL,1,LFYO,blw
OtsLGRF25S,OtsLGRF25S_7941,C-07941,10/25/2025,F,740,AI,NA,NA,This sample is a duplicate with OtsLGRF25S_7995.,F,OtsLYON20S_1_0447,OtsLYON20S_1_1157,OtsLYON20S_1,5,FALL,1,LFSO,blw
OtsLGRF25S,OtsLGRF25S_7943,C-07943,10/25/2025,M,490,AD,1,NA,NA,M,OtsLYON23S_1_0221,OtsLYON23S_1_2276,OtsLYON23S_1,2,FALL,1,LFSO,blw
OtsLGRF25S,OtsLGRF25S_7945,C-07945,10/26/2025,F,740,AD,1,NA,NA,F,OtsLYON21S_1_0773,OtsLYON21S_1_0444,OtsLYON21S_1,4,FALL,1,LFSO,blw
OtsLGRF25S,OtsLGRF25S_7947,C-07947,10/26/2025,M,630,AI,NA,NA,NA,M,OtsPBT22-LWSFa-8119,OtsPBT22-LWSFa-8232,OtsPBT22-LWSFa,3,FALL,1,LWSH,blw
OtsLGRF25S,OtsLGRF25S_7949,C-07949,10/26/2025,M,660,AI,NA,NA,NA,M,NA,NA,Unassigned,NA,FALL,1,NA,Abv
OtsLGRF25S,OtsLGRF25S_7951,C-07951,10/26/2025,F,770,AI,NA,NA,NA,F,NA,NA,Unassigned,NA,FALL,1,NA,Abv
OtsLGRF25S,OtsLGRF25S_7953,C-07953,10/26/2025,F,700,AI,NA,NA,NA,F,OtsPBT22-LWSFa-7809,OtsPBT22-LWSFa-8026,OtsPBT22-LWSFa,3,FALL,1,LWSH,blw
OtsLGRF25S,OtsLGRF25S_7955,C-07955,10/27/2025,F,630,AD,NA,NA,NA,F,OtsPBT22-LWSFa-2193,OtsPBT22-LWSFa-2388,OtsPBT22-LWSFa,3,FALL,1,LWSH,blw
OtsLGRF25S,OtsLGRF25S_7957,C-07957,10/27/2025,F,570,AD,1,NA,NA,F,OtsLYON21S_1_1126,OtsLYON21S_1_1386,OtsLYON21S_1,4,FALL,1,LFYO,blw
OtsLGRF25S,OtsLGRF25S_7959,C-07959,10/27/2025,F,800,AD,NA,NA,NA,F,NA,NA,Unassigned,NA,FALL,1,NA,Abv
OtsLGRF25S,OtsLGRF25S_7961,C-07961,10/28/2025,M,610,AI,NA,NA,NA,M,OtsLYON22S_1_0602,OtsLYON22S_1_5153,OtsLYON22S_1,3,FALL,1,LFSO,blw
OtsLGRF25S,OtsLGRF25S_7963,C-07963,10/28/2025,M,650,AI,NA,NA,NA,M,OtsPBT22-LWSFa-8120,OtsPBT22-LWSFa-8228,OtsPBT22-LWSFa,3,FALL,1,LWSH,blw
OtsLGRF25S,OtsLGRF25S_7965,C-07965,10/28/2025,M,560,AI,NA,NA,"This sample is a duplicate with OtsLGRF25S_5481, OtsLGRF25S_7869.",M,OtsLYON22S_1_0572,OtsLYON22S_1_5119,OtsLYON22S_1,3,FALL,1,LFSO,blw
OtsLGRF25S,OtsLGRF25S_7967,C-07967,10/28/2025,M,440,AD,1,NA,NA,M,OtsLYON23S_1_0243,OtsLYON23S_1_3003,OtsLYON23S_1,2,FALL,1,LFSO,blw
OtsLGRF25S,OtsLGRF25S_7969,C-07969,10/28/2025,M,640,AI,NA,NA,NA,M,OtsLYON22S_1_0193,OtsLYON22S_1_3107,OtsLYON22S_1,3,FALL,1,LFSO,blw
OtsLGRF25S,OtsLGRF25S_7971,C-07971,10/28/2025,F,760,AD,NA,NA,NA,F,OtsPBT21-RSHFa-1050,OtsPBT21-RSHFa-0457,OtsPBT21-RSHFa,4,FALL,1,RSFH,blw
OtsLGRF25S,OtsLGRF25S_7973,C-07973,10/29/2025,F,760,AI,NA,NA,NA,F,OtsLYON21S_1_0761,OtsLYON21S_1_0400,OtsLYON21S_1,4,FALL,1,CJA1,Abv
OtsLGRF25S,OtsLGRF25S_7975,C-07975,10/29/2025,M,650,AI,NA,NA,NA,M,OtsLYON22S_1_0232,OtsLYON22S_1_3197,OtsLYON22S_1,3,FALL,1,LFSO,blw
OtsLGRF25S,OtsLGRF25S_7977,C-07977,10/29/2025,F,620,AD,1,NA,NA,M,OtsLYON21S_1_1136,OtsLYON21S_1_1369,OtsLYON21S_1,4,FALL,1,LFYO,blw
OtsLGRF25S,OtsLGRF25S_7979,C-07979,10/29/2025,M,490,AD,1,NA,NA,M,OtsLYON23S_1_0272,OtsLYON23S_1_3048,OtsLYON23S_1,2,FALL,1,LFSO,blw
OtsLGRF25S,OtsLGRF25S_7981,C-07981,10/29/2025,M,600,AI,1,NA,NA,M,OtsLYON22S_1_0557,OtsLYON22S_1_5050,OtsLYON22S_1,3,FALL,1,LFYO,blw
OtsLGRF25S,OtsLGRF25S_7983,C-07983,10/29/2025,M,690,AI,NA,NA,NA,M,NA,NA,Unassigned,NA,FALL,1,NA,Abv
OtsLGRF25S,OtsLGRF25S_7985,C-07985,10/29/2025,F,610,AD,NA,NA,This sample is a duplicate with OtsLGRF25S_7795.,M,OtsPBT20-RSHFa-0927,OtsPBT20-RSHFa-0854,OtsPBT20-RSHFa,5,FALL,1,RSFH,blw
OtsLGRF25S,OtsLGRF25S_7987,C-07987,10/29/2025,F,770,AI,NA,NA,NA,F,OtsLYON21S_1_0815,OtsLYON21S_1_1646,OtsLYON21S_1,4,FALL,1,LFSO,blw
OtsLGRF25S,OtsLGRF25S_7989,C-07989,10/30/2025,M,700,AD,1,NA,NA,M,OtsLYON22S_1_0222,OtsLYON22S_1_3169,OtsLYON22S_1,3,FALL,1,LFSO,blw
OtsLGRF25S,OtsLGRF25S_7991,C-07991,10/30/2025,F,760,AD,1,NA,NA,F,OtsLYON20S_1_1416,OtsLYON20S_1_1201,OtsLYON20S_1,5,FALL,1,LFYO,blw
OtsLGRF25S,OtsLGRF25S_7993,C-07993,10/30/2025,F,790,AI,NA,NA,NA,F,OtsLYON21S_1_0950,OtsLYON21S_1_1797,OtsLYON21S_1,4,FALL,1,IPCSR,Abv
OtsLGRF25S,OtsLGRF25S_7995,C-07995,10/30/2025,F,740,AI,NA,NA,This sample is a duplicate with OtsLGRF25S_7941.,F,OtsLYON20S_1_0447,OtsLYON20S_1_1157,OtsLYON20S_1,5,FALL,1,LFSO,blw
OtsLGRF25S,OtsLGRF25S_7997,C-07997,10/30/2025,M,630,AI,NA,NA,NA,M,OtsLYON22S_1_0228,OtsLYON22S_1_3192,OtsLYON22S_1,3,FALL,1,LFSO,blw
OtsLGRF25S,OtsLGRF25S_7999,C-07999,10/31/2025,F,630,AD,1,NA,NA,M,OtsLYON21S_1_1062,OtsLYON21S_1_1249,OtsLYON21S_1,4,FALL,1,LFYO,blw
OtsLGRF25S,OtsLGRF25S_8001,C-08001,10/31/2025,M,440,AI,NA,NA,NA,M,NA,NA,Unassigned,NA,FALL,1,NA,Abv
OtsLGRF25S,OtsLGRF25S_8003,C-08003,10/31/2025,F,650,AD,1,NA,NA,F,OtsLYON21S_1_1142,OtsLYON21S_1_1376,OtsLYON21S_1,4,FALL,1,LFYO,blw
OtsLGRF25S,OtsLGRF25S_8005,C-08005,10/31/2025,M,720,AD,1,NA,NA,M,OtsLYON21S_1_1080,OtsLYON21S_1_1288,OtsLYON21S_1,4,FALL,1,LFYO,blw
OtsLGRF25S,OtsLGRF25S_8007,C-08007,10/31/2025,M,620,AI,NA,NA,NA,M,OtsLYON22S_1_0229,OtsLYON22S_1_3200,OtsLYON22S_1,3,FALL,1,LFSO,blw
OtsLGRF25S,OtsLGRF25S_8009,C-08009,10/31/2025,M,430,AI,NA,NA,NA,M,OtsLYON23S_1_0265,OtsLYON23S_1_3032,OtsLYON23S_1,2,FALL,1,LFSO,blw
OtsLGRF25S,OtsLGRF25S_8011,C-08011,10/31/2025,F,680,AD,1,NA,NA,F,OtsLYON21S_1_2108,OtsLYON21S_1_2314,OtsLYON21S_1,4,FALL,1,LFYO,blw
OtsLGRF25S,OtsLGRF25S_8013,C-08013,10/31/2025,M,880,AI,NA,NA,NA,F,NA,NA,Unassigned,NA,FALL,1,NA,Abv
OtsLGRF25S,OtsLGRF25S_8015,C-08015,10/31/2025,M,660,AD,1,NA,NA,M,OtsLYON21S_1_0966,OtsLYON21S_1_0512,OtsLYON21S_1,4,FALL,1,LFYO,blw
OtsLGRF25S,OtsLGRF25S_8017,C-08017,11/1/2025,M,480,AI,NA,NA,NA,M,NA,NA,Unassigned,NA,FALL,1,NA,Abv
OtsLGRF25S,OtsLGRF25S_8019,C-08019,11/1/2025,F,650,AD,1,NA,NA,F,OtsLYON21S_1_1104,OtsLYON21S_1_1340,OtsLYON21S_1,4,FALL,1,LFYO,blw
OtsLGRF25S,OtsLGRF25S_8021,C-08021,11/1/2025,F,730,AI,NA,NA,NA,F,OtsLYON21S_1_0641,OtsLYON21S_1_0086,OtsLYON21S_1,4,FALL,1,PLA1,Abv
OtsLGRF25S,OtsLGRF25S_8023,C-08023,11/1/2025,M,630,AD,1,NA,NA,M,OtsLYON21S_1_1000,OtsLYON21S_1_0532,OtsLYON21S_1,4,FALL,1,LFYO,blw
OtsLGRF25S,OtsLGRF25S_8025,C-08025,11/1/2025,M,660,AD,1,NA,NA,M,OtsLYON21S_1_1037,OtsLYON21S_1_0589,OtsLYON21S_1,4,FALL,1,LFYO,blw
OtsLGRF25S,OtsLGRF25S_8027,C-08027,11/1/2025,M,680,AD,NA,NA,NA,M,OtsPBT22-LWSFa-6570,OtsPBT22-LWSFa-6711,OtsPBT22-LWSFa,3,FALL,1,LWSH,blw
OtsLGRF25S,OtsLGRF25S_8029,C-08029,11/2/2025,M,720,AI,NA,NA,NA,M,NA,NA,Unassigned,NA,FALL,1,NA,Abv
OtsLGRF25S,OtsLGRF25S_8031,C-08031,11/2/2025,F,660,AD,1,NA,This sample is a duplicate with OtsLGRF25S_7747.,F,NA,NA,Unassigned,NA,FALL,1,NA,Abv
OtsLGRF25S,OtsLGRF25S_8033,C-08033,11/2/2025,M,870,AI,NA,NA,NA,M,NA,NA,Unassigned,NA,FALL,1,NA,Abv
OtsLGRF25S,OtsLGRF25S_8035,C-08035,11/2/2025,M,670,AD,1,NA,NA,M,OtsLYON21S_1_1080,OtsLYON21S_1_1288,OtsLYON21S_1,4,FALL,1,LFYO,blw
OtsLGRF25S,OtsLGRF25S_8037,C-08037,11/2/2025,F,730,AI,NA,NA,NA,F,OtsLYON21S_1_0819,OtsLYON21S_1_1655,OtsLYON21S_1,4,FALL,1,LFSO,blw
OtsLGRF25S,OtsLGRF25S_8039,C-08039,11/2/2025,M,510,AD,1,NA,NA,M,OtsLYON22S_1_0331,OtsLYON22S_1_3405,OtsLYON22S_1,3,FALL,1,LFYO,blw
OtsLGRF25S,OtsLGRF25S_8041,C-08041,11/2/2025,F,710,AI,NA,NA,NA,F,OtsLYON22S_1_0228,OtsLYON22S_1_3192,OtsLYON22S_1,3,FALL,1,LFSO,blw
OtsLGRF25S,OtsLGRF25S_8043,C-08043,11/2/2025,M,620,AD,1,NA,NA,F,OtsLYON21S_1_1130,OtsLYON21S_1_1375,OtsLYON21S_1,4,FALL,1,LFYO,blw
OtsLGRF25S,OtsLGRF25S_8045,C-08045,11/2/2025,F,840,AI,NA,NA,NA,F,OtsLYON21S_1_0769,OtsLYON21S_1_0430,OtsLYON21S_1,4,FALL,1,LFSO,blw
OtsLGRF25S,OtsLGRF25S_8047,C-08047,11/2/2025,F,780,AD,1,NA,NA,F,OtsLYON20S_1_1402,OtsLYON20S_1_0960,OtsLYON20S_1,5,FALL,1,LFYO,blw
OtsLGRF25S,OtsLGRF25S_8049,C-08049,11/3/2025,M,650,AI,NA,NA,NA,M,OtsLYON22S_1_0237,OtsLYON22S_1_3207,OtsLYON22S_1,3,FALL,1,LFSO,blw
OtsLGRF25S,OtsLGRF25S_8051,C-08051,11/3/2025,F,730,AI,NA,NA,NA,F,NA,NA,Unassigned,NA,FALL,1,NA,Abv
OtsLGRF25S,OtsLGRF25S_8053,C-08053,11/3/2025,F,840,AI,NA,NA,NA,F,OtsLYON20S_1_0488,OtsLYON20S_1_0534,OtsLYON20S_1,5,FALL,1,LFSO,blw
OtsLGRF25S,OtsLGRF25S_8055,C-08055,11/3/2025,M,680,AI,NA,NA,NA,M,OtsLYON21S_1_0693,OtsLYON21S_1_0251,OtsLYON21S_1,4,FALL,1,BCA1,Abv
OtsLGRF25S,OtsLGRF25S_8057,C-08057,11/3/2025,M,610,AD,1,NA,NA,M,OtsLYON21S_1_1145,OtsLYON21S_1_1408,OtsLYON21S_1,4,FALL,1,LFYO,blw
OtsLGRF25S,OtsLGRF25S_8059,C-08059,11/3/2025,M,470,AI,1,NA,NA,M,OtsLYON23S_1_0227,OtsLYON23S_1_2292,OtsLYON23S_1,2,FALL,1,LFSO,blw
OtsLGRF25S,OtsLGRF25S_8061,C-08061,11/3/2025,M,650,AD,1,NA,NA,M,OtsLYON21S_1_0972,OtsLYON21S_1_0506,OtsLYON21S_1,4,FALL,1,LFYO,blw
OtsLGRF25S,OtsLGRF25S_8063,C-08063,11/3/2025,M,690,AI,NA,NA,NA,M,OtsPBT22-PRHFa-2544,OtsPBT22-PRHFa-2290,OtsPBT22-PRHFa,3,FALL,1,PRFH,blw
,,,,,,,,,,,,,,,,,,
,,,,,,,,,,,,,,,,,,
,,,,,,,,,,,,,,,,,,
,,,,,,,,,,,,,,,,,,
,,,,,,,,,,,,,,,,,,
,,,,,,,,,,,,,,,,,,
,,,,,,,,,,,,,,,,,,
,,,,,,,,,,,,,,,,,,
,,,,,,,,,,,,,,,,,,
,,,,,,,,,,,,,,,,,,
,,,,,,,,,,,,,,,,,,
,,,,,,,,,,,,,,,,,,
,,,,,,,,,,,,,,,,,,
,,,,,,,,,,,,,,,,,,
,,,,,,,,,,,,,,,,,,
,,,,,,,,,,,,,,,,,,
,,,,,,,,,,,,,,,,,,
,,,,,,,,,,,,,,,,,,
,,,,,,,,,,,,,,,,,,
,,,,,,,,,,,,,,,,,,
,,,,,,,,,,,,,,,,,,
,,,,,,,,,,,,,,,,,,
,,,,,,,,,,,,,,,,,,
,,,,,,,,,,,,,,,,,,
,,,,,,,,,,,,,,,,,,
,,,,,,,,,,,,,,,,,,
,,,,,,,,,,,,,,,,,,
,,,,,,,,,,,,,,,,,,
,,,,,,,,,,,,,,,,,,
,,,,,,,,,,,,,,,,,,
,,,,,,,,,,,,,,,,,,
,,,,,,,,,,,,,,,,,,
,,,,,,,,,,,,,,,,,,
,,,,,,,,,,,,,,,,,,
,,,,,,,,,,,,,,,,,,
,,,,,,,,,,,,,,,,,,
,,,,,,,,,,,,,,,,,,
,,,,,,,,,,,,,,,,,,
,,,,,,,,,,,,,,,,,,
,,,,,,,,,,,,,,,,,,
,,,,,,,,,,,,,,,,,,
,,,,,,,,,,,,,,,,,,
,,,,,,,,,,,,,,,,,,
,,,,,,,,,,,,,,,,,,
,,,,,,,,,,,,,,,,,,
,,,,,,,,,,,,,,,,,,
,,,,,,,,,,,,,,,,,,
,,,,,,,,,,,,,,,,,,
,,,,,,,,,,,,,,,,,,
,,,,,,,,,,,,,,,,,,
,,,,,,,,,,,,,,,,,,
,,,,,,,,,,,,,,,,,,
,,,,,,,,,,,,,,,,,,
,,,,,,,,,,,,,,,,,,
,,,,,,,,,,,,,,,,,,
,,,,,,,,,,,,,,,,,,
,,,,,,,,,,,,,,,,,,
,,,,,,,,,,,,,,,,,,
,,,,,,,,,,,,,,,,,,
,,,,,,,,,,,,,,,,,,
,,,,,,,,,,,,,,,,,,
,,,,,,,,,,,,,,,,,,
,,,,,,,,,,,,,,,,,,
,,,,,,,,,,,,,,,,,,
,,,,,,,,,,,,,,,,,,
,,,,,,,,,,,,,,,,,,
,,,,,,,,,,,,,,,,,,
,,,,,,,,,,,,,,,,,,
,,,,,,,,,,,,,,,,,,
,,,,,,,,,,,,,,,,,,
,,,,,,,,,,,,,,,,,,
,,,,,,,,,,,,,,,,,,
,,,,,,,,,,,,,,,,,,
,,,,,,,,,,,,,,,,,,
,,,,,,,,,,,,,,,,,,
,,,,,,,,,,,,,,,,,,
,,,,,,,,,,,,,,,,,,
,,,,,,,,,,,,,,,,,,
,,,,,,,,,,,,,,,,,,
,,,,,,,,,,,,,,,,,,
,,,,,,,,,,,,,,,,,,
,,,,,,,,,,,,,,,,,,
,,,,,,,,,,,,,,,,,,
,,,,,,,,,,,,,,,,,,
,,,,,,,,,,,,,,,,,,
,,,,,,,,,,,,,,,,,,
,,,,,,,,,,,,,,,,,,
,,,,,,,,,,,,,,,,,,
,,,,,,,,,,,,,,,,,,
,,,,,,,,,,,,,,,,,,
,,,,,,,,,,,,,,,,,,
,,,,,,,,,,,,,,,,,,
,,,,,,,,,,,,,,,,,,
,,,,,,,,,,,,,,,,,,
,,,,,,,,,,,,,,,,,,
,,,,,,,,,,,,,,,,,,
,,,,,,,,,,,,,,,,,,
,,,,,,,,,,,,,,,,,,
,,,,,,,,,,,,,,,,,,
,,,,,,,,,,,,,,,,,,
,,,,,,,,,,,,,,,,,,
,,,,,,,,,,,,,,,,,,
,,,,,,,,,,,,,,,,,,
,,,,,,,,,,,,,,,,,,
,,,,,,,,,,,,,,,,,,
,,,,,,,,,,,,,,,,,,
,,,,,,,,,,,,,,,,,,
,,,,,,,,,,,,,,,,,,
,,,,,,,,,,,,,,,,,,
,,,,,,,,,,,,,,,,,,
,,,,,,,,,,,,,,,,,,
,,,,,,,,,,,,,,,,,,
,,,,,,,,,,,,,,,,,,
,,,,,,,,,,,,,,,,,,
,,,,,,,,,,,,,,,,,,
,,,,,,,,,,,,,,,,,,
,,,,,,,,,,,,,,,,,,
,,,,,,,,,,,,,,,,,,
,,,,,,,,,,,,,,,,,,
,,,,,,,,,,,,,,,,,,
,,,,,,,,,,,,,,,,,,
,,,,,,,,,,,,,,,,,,
,,,,,,,,,,,,,,,,,,
,,,,,,,,,,,,,,,,,,
,,,,,,,,,,,,,,,,,,
,,,,,,,,,,,,,,,,,,
,,,,,,,,,,,,,,,,,,
,,,,,,,,,,,,,,,,,,
,,,,,,,,,,,,,,,,,,
,,,,,,,,,,,,,,,,,,
,,,,,,,,,,,,,,,,,,
,,,,,,,,,,,,,,,,,,
,,,,,,,,,,,,,,,,,,
,,,,,,,,,,,,,,,,,,
,,,,,,,,,,,,,,,,,,
,,,,,,,,,,,,,,,,,,
,,,,,,,,,,,,,,,,,,
,,,,,,,,,,,,,,,,,,
,,,,,,,,,,,,,,,,,,
,,,,,,,,,,,,,,,,,,
,,,,,,,,,,,,,,,,,,
,,,,,,,,,,,,,,,,,,
,,,,,,,,,,,,,,,,,,
,,,,,,,,,,,,,,,,,,
,,,,,,,,,,,,,,,,,,
,,,,,,,,,,,,,,,,,,
,,,,,,,,,,,,,,,,,,
,,,,,,,,,,,,,,,,,,
,,,,,,,,,,,,,,,,,,
,,,,,,,,,,,,,,,,,,
,,,,,,,,,,,,,,,,,,
,,,,,,,,,,,,,,,,,,
,,,,,,,,,,,,,,,,,,
,,,,,,,,,,,,,,,,,,
,,,,,,,,,,,,,,,,,,
,,,,,,,,,,,,,,,,,,
,,,,,,,,,,,,,,,,,,
,,,,,,,,,,,,,,,,,,
,,,,,,,,,,,,,,,,,,
,,,,,,,,,,,,,,,,,,
,,,,,,,,,,,,,,,,,,
,,,,,,,,,,,,,,,,,,
,,,,,,,,,,,,,,,,,,
,,,,,,,,,,,,,,,,,,
,,,,,,,,,,,,,,,,,,
,,,,,,,,,,,,,,,,,,
,,,,,,,,,,,,,,,,,,
,,,,,,,,,,,,,,,,,,
,,,,,,,,,,,,,,,,,,
,,,,,,,,,,,,,,,,,,
,,,,,,,,,,,,,,,,,,
,,,,,,,,,,,,,,,,,,
,,,,,,,,,,,,,,,,,,
,,,,,,,,,,,,,,,,,,
,,,,,,,,,,,,,,,,,,
,,,,,,,,,,,,,,,,,,
,,,,,,,,,,,,,,,,,,
,,,,,,,,,,,,,,,,,,
,,,,,,,,,,,,,,,,,,
,,,,,,,,,,,,,,,,,,
,,,,,,,,,,,,,,,,,,
,,,,,,,,,,,,,,,,,,
,,,,,,,,,,,,,,,,,,
,,,,,,,,,,,,,,,,,,
,,,,,,,,,,,,,,,,,,
,,,,,,,,,,,,,,,,,,
,,,,,,,,,,,,,,,,,,
,,,,,,,,,,,,,,,,,,
,,,,,,,,,,,,,,,,,,
,,,,,,,,,,,,,,,,,,
,,,,,,,,,,,,,,,,,,
,,,,,,,,,,,,,,,,,,
,,,,,,,,,,,,,,,,,,
,,,,,,,,,,,,,,,,,,
,,,,,,,,,,,,,,,,,,
,,,,,,,,,,,,,,,,,,
,,,,,,,,,,,,,,,,,,
,,,,,,,,,,,,,,,,,,
,,,,,,,,,,,,,,,,,,
,,,,,,,,,,,,,,,,,,
,,,,,,,,,,,,,,,,,,
,,,,,,,,,,,,,,,,,,
,,,,,,,,,,,,,,,,,,
,,,,,,,,,,,,,,,,,,
,,,,,,,,,,,,,,,,,,
,,,,,,,,,,,,,,,,,,
,,,,,,,,,,,,,,,,,,
,,,,,,,,,,,,,,,,,,
,,,,,,,,,,,,,,,,,,
,,,,,,,,,,,,,,,,,,
,,,,,,,,,,,,,,,,,,
,,,,,,,,,,,,,,,,,,
,,,,,,,,,,,,,,,,,,
,,,,,,,,,,,,,,,,,,
,,,,,,,,,,,,,,,,,,
,,,,,,,,,,,,,,,,,,
,,,,,,,,,,,,,,,,,,
,,,,,,,,,,,,,,,,,,
,,,,,,,,,,,,,,,,,,
,,,,,,,,,,,,,,,,,,
,,,,,,,,,,,,,,,,,,
,,,,,,,,,,,,,,,,,,
,,,,,,,,,,,,,,,,,,
,,,,,,,,,,,,,,,,,,
,,,,,,,,,,,,,,,,,,
,,,,,,,,,,,,,,,,,,
,,,,,,,,,,,,,,,,,,
,,,,,,,,,,,,,,,,,,
,,,,,,,,,,,,,,,,,,
,,,,,,,,,,,,,,,,,,
,,,,,,,,,,,,,,,,,,
,,,,,,,,,,,,,,,,,,
,,,,,,,,,,,,,,,,,,
,,,,,,,,,,,,,,,,,,
,,,,,,,,,,,,,,,,,,
,,,,,,,,,,,,,,,,,,
,,,,,,,,,,,,,,,,,,
,,,,,,,,,,,,,,,,,,
,,,,,,,,,,,,,,,,,,
,,,,,,,,,,,,,,,,,,
,,,,,,,,,,,,,,,,,,
,,,,,,,,,,,,,,,,,,
,,,,,,,,,,,,,,,,,,
,,,,,,,,,,,,,,,,,,
,,,,,,,,,,,,,,,,,,
,,,,,,,,,,,,,,,,,,
,,,,,,,,,,,,,,,,,,
,,,,,,,,,,,,,,,,,,
,,,,,,,,,,,,,,,,,,
,,,,,,,,,,,,,,,,,,
,,,,,,,,,,,,,,,,,,
,,,,,,,,,,,,,,,,,,
,,,,,,,,,,,,,,,,,,
,,,,,,,,,,,,,,,,,,
,,,,,,,,,,,,,,,,,,
,,,,,,,,,,,,,,,,,,
,,,,,,,,,,,,,,,,,,
,,,,,,,,,,,,,,,,,,
,,,,,,,,,,,,,,,,,,
,,,,,,,,,,,,,,,,,,
,,,,,,,,,,,,,,,,,,
,,,,,,,,,,,,,,,,,,
,,,,,,,,,,,,,,,,,,
,,,,,,,,,,,,,,,,,,
,,,,,,,,,,,,,,,,,,
,,,,,,,,,,,,,,,,,,
,,,,,,,,,,,,,,,,,,
,,,,,,,,,,,,,,,,,,
,,,,,,,,,,,,,,,,,,
,,,,,,,,,,,,,,,,,,
,,,,,,,,,,,,,,,,,,
,,,,,,,,,,,,,,,,,,
,,,,,,,,,,,,,,,,,,
,,,,,,,,,,,,,,,,,,
,,,,,,,,,,,,,,,,,,
,,,,,,,,,,,,,,,,,,
,,,,,,,,,,,,,,,,,,
,,,,,,,,,,,,,,,,,,
,,,,,,,,,,,,,,,,,,
,,,,,,,,,,,,,,,,,,
,,,,,,,,,,,,,,,,,,
,,,,,,,,,,,,,,,,,,
,,,,,,,,,,,,,,,,,,
,,,,,,,,,,,,,,,,,,
,,,,,,,,,,,,,,,,,,
,,,,,,,,,,,,,,,,,,
,,,,,,,,,,,,,,,,,,
,,,,,,,,,,,,,,,,,,
,,,,,,,,,,,,,,,,,,
,,,,,,,,,,,,,,,,,,
,,,,,,,,,,,,,,,,,,
,,,,,,,,,,,,,,,,,,
,,,,,,,,,,,,,,,,,,
,,,,,,,,,,,,,,,,,,
,,,,,,,,,,,,,,,,,,
,,,,,,,,,,,,,,,,,,
,,,,,,,,,,,,,,,,,,
,,,,,,,,,,,,,,,,,,
,,,,,,,,,,,,,,,,,,
,,,,,,,,,,,,,,,,,,
,,,,,,,,,,,,,,,,,,
,,,,,,,,,,,,,,,,,,
,,,,,,,,,,,,,,,,,,
,,,,,,,,,,,,,,,,,,
,,,,,,,,,,,,,,,,,,
,,,,,,,,,,,,,,,,,,
,,,,,,,,,,,,,,,,,,
,,,,,,,,,,,,,,,,,,
,,,,,,,,,,,,,,,,,,
,,,,,,,,,,,,,,,,,,
,,,,,,,,,,,,,,,,,,
,,,,,,,,,,,,,,,,,,
,,,,,,,,,,,,,,,,,,
,,,,,,,,,,,,,,,,,,
,,,,,,,,,,,,,,,,,,
,,,,,,,,,,,,,,,,,,
,,,,,,,,,,,,,,,,,,
,,,,,,,,,,,,,,,,,,
,,,,,,,,,,,,,,,,,,
,,,,,,,,,,,,,,,,,,
,,,,,,,,,,,,,,,,,,
,,,,,,,,,,,,,,,,,,
,,,,,,,,,,,,,,,,,,
,,,,,,,,,,,,,,,,,,
,,,,,,,,,,,,,,,,,,
,,,,,,,,,,,,,,,,,,
,,,,,,,,,,,,,,,,,,
,,,,,,,,,,,,,,,,,,
,,,,,,,,,,,,,,,,,,
,,,,,,,,,,,,,,,,,,
,,,,,,,,,,,,,,,,,,
,,,,,,,,,,,,,,,,,,
,,,,,,,,,,,,,,,,,,
,,,,,,,,,,,,,,,,,,
,,,,,,,,,,,,,,,,,,
,,,,,,,,,,,,,,,,,,
,,,,,,,,,,,,,,,,,,
,,,,,,,,,,,,,,,,,,
,,,,,,,,,,,,,,,,,,
,,,,,,,,,,,,,,,,,,
,,,,,,,,,,,,,,,,,,
,,,,,,,,,,,,,,,,,,
,,,,,,,,,,,,,,,,,,
,,,,,,,,,,,,,,,,,,
,,,,,,,,,,,,,,,,,,
,,,,,,,,,,,,,,,,,,
,,,,,,,,,,,,,,,,,,
,,,,,,,,,,,,,,,,,,
,,,,,,,,,,,,,,,,,,
,,,,,,,,,,,,,,,,,,
,,,,,,,,,,,,,,,,,,
,,,,,,,,,,,,,,,,,,
,,,,,,,,,,,,,,,,,,
,,,,,,,,,,,,,,,,,,
,,,,,,,,,,,,,,,,,,
,,,,,,,,,,,,,,,,,,
,,,,,,,,,,,,,,,,,,
,,,,,,,,,,,,,,,,,,
,,,,,,,,,,,,,,,,,,
,,,,,,,,,,,,,,,,,,
,,,,,,,,,,,,,,,,,,
,,,,,,,,,,,,,,,,,,
,,,,,,,,,,,,,,,,,,
,,,,,,,,,,,,,,,,,,
,,,,,,,,,,,,,,,,,,
,,,,,,,,,,,,,,,,,,
,,,,,,,,,,,,,,,,,,
,,,,,,,,,,,,,,,,,,
,,,,,,,,,,,,,,,,,,
,,,,,,,,,,,,,,,,,,
,,,,,,,,,,,,,,,,,,
,,,,,,,,,,,,,,,,,,
,,,,,,,,,,,,,,,,,,
,,,,,,,,,,,,,,,,,,
,,,,,,,,,,,,,,,,,,
,,,,,,,,,,,,,,,,,,
,,,,,,,,,,,,,,,,,,
,,,,,,,,,,,,,,,,,,
,,,,,,,,,,,,,,,,,,
,,,,,,,,,,,,,,,,,,
,,,,,,,,,,,,,,,,,,
,,,,,,,,,,,,,,,,,,
,,,,,,,,,,,,,,,,,,
,,,,,,,,,,,,,,,,,,
,,,,,,,,,,,,,,,,,,
,,,,,,,,,,,,,,,,,,
,,,,,,,,,,,,,,,,,,
,,,,,,,,,,,,,,,,,,
,,,,,,,,,,,,,,,,,,
,,,,,,,,,,,,,,,,,,
,,,,,,,,,,,,,,,,,,
,,,,,,,,,,,,,,,,,,
,,,,,,,,,,,,,,,,,,
,,,,,,,,,,,,,,,,,,
,,,,,,,,,,,,,,,,,,
,,,,,,,,,,,,,,,,,,
,,,,,,,,,,,,,,,,,,
,,,,,,,,,,,,,,,,,,
,,,,,,,,,,,,,,,,,,
,,,,,,,,,,,,,,,,,,
,,,,,,,,,,,,,,,,,,
,,,,,,,,,,,,,,,,,,
,,,,,,,,,,,,,,,,,,
,,,,,,,,,,,,,,,,,,
,,,,,,,,,,,,,,,,,,
,,,,,,,,,,,,,,,,,,
,,,,,,,,,,,,,,,,,,
,,,,,,,,,,,,,,,,,,
,,,,,,,,,,,,,,,,,,
,,,,,,,,,,,,,,,,,,
,,,,,,,,,,,,,,,,,,
,,,,,,,,,,,,,,,,,,
,,,,,,,,,,,,,,,,,,
,,,,,,,,,,,,,,,,,,
,,,,,,,,,,,,,,,,,,
,,,,,,,,,,,,,,,,,,
,,,,,,,,,,,,,,,,,,
,,,,,,,,,,,,,,,,,,
,,,,,,,,,,,,,,,,,,
,,,,,,,,,,,,,,,,,,
,,,,,,,,,,,,,,,,,,
,,,,,,,,,,,,,,,,,,
,,,,,,,,,,,,,,,,,,
,,,,,,,,,,,,,,,,,,
,,,,,,,,,,,,,,,,,,
,,,,,,,,,,,,,,,,,,
,,,,,,,,,,,,,,,,,,
,,,,,,,,,,,,,,,,,,
,,,,,,,,,,,,,,,,,,
,,,,,,,,,,,,,,,,,,
,,,,,,,,,,,,,,,,,,
,,,,,,,,,,,,,,,,,,
,,,,,,,,,,,,,,,,,,
,,,,,,,,,,,,,,,,,,
,,,,,,,,,,,,,,,,,,
,,,,,,,,,,,,,,,,,,
,,,,,,,,,,,,,,,,,,
,,,,,,,,,,,,,,,,,,
,,,,,,,,,,,,,,,,,,
,,,,,,,,,,,,,,,,,,
,,,,,,,,,,,,,,,,,,
,,,,,,,,,,,,,,,,,,
,,,,,,,,,,,,,,,,,,
,,,,,,,,,,,,,,,,,,
,,,,,,,,,,,,,,,,,,
,,,,,,,,,,,,,,,,,,
,,,,,,,,,,,,,,,,,,
,,,,,,,,,,,,,,,,,,
,,,,,,,,,,,,,,,,,,
,,,,,,,,,,,,,,,,,,
,,,,,,,,,,,,,,,,,,
,,,,,,,,,,,,,,,,,,
,,,,,,,,,,,,,,,,,,
,,,,,,,,,,,,,,,,,,
,,,,,,,,,,,,,,,,,,
,,,,,,,,,,,,,,,,,,
,,,,,,,,,,,,,,,,,,
,,,,,,,,,,,,,,,,,,
,,,,,,,,,,,,,,,,,,
,,,,,,,,,,,,,,,,,,
,,,,,,,,,,,,,,,,,,
,,,,,,,,,,,,,,,,,,
,,,,,,,,,,,,,,,,,,
,,,,,,,,,,,,,,,,,,
,,,,,,,,,,,,,,,,,,
,,,,,,,,,,,,,,,,,,
,,,,,,,,,,,,,,,,,,
,,,,,,,,,,,,,,,,,,
,,,,,,,,,,,,,,,,,,
,,,,,,,,,,,,,,,,,,
,,,,,,,,,,,,,,,,,,
,,,,,,,,,,,,,,,,,,
,,,,,,,,,,,,,,,,,,
,,,,,,,,,,,,,,,,,,
,,,,,,,,,,,,,,,,,,
,,,,,,,,,,,,,,,,,,
,,,,,,,,,,,,,,,,,,
,,,,,,,,,,,,,,,,,,
,,,,,,,,,,,,,,,,,,
,,,,,,,,,,,,,,,,,,
,,,,,,,,,,,,,,,,,,
,,,,,,,,,,,,,,,,,,
,,,,,,,,,,,,,,,,,,
,,,,,,,,,,,,,,,,,,
,,,,,,,,,,,,,,,,,,
,,,,,,,,,,,,,,,,,,
,,,,,,,,,,,,,,,,,,
,,,,,,,,,,,,,,,,,,
,,,,,,,,,,,,,,,,,,
,,,,,,,,,,,,,,,,,,
,,,,,,,,,,,,,,,,,,
,,,,,,,,,,,,,,,,,,
,,,,,,,,,,,,,,,,,,
,,,,,,,,,,,,,,,,,,
,,,,,,,,,,,,,,,,,,
,,,,,,,,,,,,,,,,,,
,,,,,,,,,,,,,,,,,,
,,,,,,,,,,,,,,,,,,
,,,,,,,,,,,,,,,,,,
,,,,,,,,,,,,,,,,,,
,,,,,,,,,,,,,,,,,,
,,,,,,,,,,,,,,,,,,
,,,,,,,,,,,,,,,,,,
,,,,,,,,,,,,,,,,,,
,,,,,,,,,,,,,,,,,,
,,,,,,,,,,,,,,,,,,
,,,,,,,,,,,,,,,,,,
,,,,,,,,,,,,,,,,,,
,,,,,,,,,,,,,,,,,,
,,,,,,,,,,,,,,,,,,
,,,,,,,,,,,,,,,,,,
,,,,,,,,,,,,,,,,,,
,,,,,,,,,,,,,,,,,,
,,,,,,,,,,,,,,,,,,
,,,,,,,,,,,,,,,,,,
,,,,,,,,,,,,,,,,,,
,,,,,,,,,,,,,,,,,,
,,,,,,,,,,,,,,,,,,
,,,,,,,,,,,,,,,,,,
,,,,,,,,,,,,,,,,,,
,,,,,,,,,,,,,,,,,,
,,,,,,,,,,,,,,,,,,
,,,,,,,,,,,,,,,,,,
,,,,,,,,,,,,,,,,,,
,,,,,,,,,,,,,,,,,,
,,,,,,,,,,,,,,,,,,
,,,,,,,,,,,,,,,,,,
,,,,,,,,,,,,,,,,,,
,,,,,,,,,,,,,,,,,,
,,,,,,,,,,,,,,,,,,
,,,,,,,,,,,,,,,,,,
,,,,,,,,,,,,,,,,,,
,,,,,,,,,,,,,,,,,,
,,,,,,,,,,,,,,,,,,
,,,,,,,,,,,,,,,,,,
,,,,,,,,,,,,,,,,,,
,,,,,,,,,,,,,,,,,,
,,,,,,,,,,,,,,,,,,
,,,,,,,,,,,,,,,,,,
,,,,,,,,,,,,,,,,,,
,,,,,,,,,,,,,,,,,,
,,,,,,,,,,,,,,,,,,
,,,,,,,,,,,,,,,,,,
,,,,,,,,,,,,,,,,,,
,,,,,,,,,,,,,,,,,,
,,,,,,,,,,,,,,,,,,
,,,,,,,,,,,,,,,,,,
,,,,,,,,,,,,,,,,,,
,,,,,,,,,,,,,,,,,,
,,,,,,,,,,,,,,,,,,
,,,,,,,,,,,,,,,,,,
,,,,,,,,,,,,,,,,,,
,,,,,,,,,,,,,,,,,,
,,,,,,,,,,,,,,,,,,
,,,,,,,,,,,,,,,,,,
,,,,,,,,,,,,,,,,,,
,,,,,,,,,,,,,,,,,,
,,,,,,,,,,,,,,,,,,
,,,,,,,,,,,,,,,,,,
,,,,,,,,,,,,,,,,,,
,,,,,,,,,,,,,,,,,,
,,,,,,,,,,,,,,,,,,
,,,,,,,,,,,,,,,,,,
,,,,,,,,,,,,,,,,,,
,,,,,,,,,,,,,,,,,,
,,,,,,,,,,,,,,,,,,
,,,,,,,,,,,,,,,,,,
,,,,,,,,,,,,,,,,,,
,,,,,,,,,,,,,,,,,,
,,,,,,,,,,,,,,,,,,
,,,,,,,,,,,,,,,,,,
,,,,,,,,,,,,,,,,,,
,,,,,,,,,,,,,,,,,,
,,,,,,,,,,,,,,,,,,
,,,,,,,,,,,,,,,,,,
,,,,,,,,,,,,,,,,,,
,,,,,,,,,,,,,,,,,,
,,,,,,,,,,,,,,,,,,
,,,,,,,,,,,,,,,,,,
,,,,,,,,,,,,,,,,,,
,,,,,,,,,,,,,,,,,,
,,,,,,,,,,,,,,,,,,
,,,,,,,,,,,,,,,,,,
,,,,,,,,,,,,,,,,,,
,,,,,,,,,,,,,,,,,,
,,,,,,,,,,,,,,,,,,
,,,,,,,,,,,,,,,,,,
,,,,,,,,,,,,,,,,,,
,,,,,,,,,,,,,,,,,,
,,,,,,,,,,,,,,,,,,
,,,,,,,,,,,,,,,,,,
,,,,,,,,,,,,,,,,,,
,,,,,,,,,,,,,,,,,,
,,,,,,,,,,,,,,,,,,
,,,,,,,,,,,,,,,,,,
,,,,,,,,,,,,,,,,,,
,,,,,,,,,,,,,,,,,,
,,,,,,,,,,,,,,,,,,
,,,,,,,,,,,,,,,,,,
,,,,,,,,,,,,,,,,,,
,,,,,,,,,,,,,,,,,,
,,,,,,,,,,,,,,,,,,
,,,,,,,,,,,,,,,,,,
,,,,,,,,,,,,,,,,,,
,,,,,,,,,,,,,,,,,,
,,,,,,,,,,,,,,,,,,
,,,,,,,,,,,,,,,,,,
,,,,,,,,,,,,,,,,,,
,,,,,,,,,,,,,,,,,,
,,,,,,,,,,,,,,,,,,
,,,,,,,,,,,,,,,,,,
,,,,,,,,,,,,,,,,,,
,,,,,,,,,,,,,,,,,,
,,,,,,,,,,,,,,,,,,
,,,,,,,,,,,,,,,,,,
,,,,,,,,,,,,,,,,,,
,,,,,,,,,,,,,,,,,,
,,,,,,,,,,,,,,,,,,
,,,,,,,,,,,,,,,,,,
,,,,,,,,,,,,,,,,,,
,,,,,,,,,,,,,,,,,,
,,,,,,,,,,,,,,,,,,
,,,,,,,,,,,,,,,,,,
,,,,,,,,,,,,,,,,,,
,,,,,,,,,,,,,,,,,,
,,,,,,,,,,,,,,,,,,
,,,,,,,,,,,,,,,,,,
,,,,,,,,,,,,,,,,,,
,,,,,,,,,,,,,,,,,,
,,,,,,,,,,,,,,,,,,
,,,,,,,,,,,,,,,,,,
,,,,,,,,,,,,,,,,,,
,,,,,,,,,,,,,,,,,,
,,,,,,,,,,,,,,,,,,
,,,,,,,,,,,,,,,,,,
,,,,,,,,,,,,,,,,,,
,,,,,,,,,,,,,,,,,,
,,,,,,,,,,,,,,,,,,
,,,,,,,,,,,,,,,,,,
,,,,,,,,,,,,,,,,,,
,,,,,,,,,,,,,,,,,,
,,,,,,,,,,,,,,,,,,
,,,,,,,,,,,,,,,,,,
,,,,,,,,,,,,,,,,,,
,,,,,,,,,,,,,,,,,,
,,,,,,,,,,,,,,,,,,
,,,,,,,,,,,,,,,,,,
,,,,,,,,,,,,,,,,,,
,,,,,,,,,,,,,,,,,,
,,,,,,,,,,,,,,,,,,
,,,,,,,,,,,,,,,,,,
,,,,,,,,,,,,,,,,,,
,,,,,,,,,,,,,,,,,,
,,,,,,,,,,,,,,,,,,
,,,,,,,,,,,,,,,,,,
,,,,,,,,,,,,,,,,,,
,,,,,,,,,,,,,,,,,,
,,,,,,,,,,,,,,,,,,
,,,,,,,,,,,,,,,,,,
,,,,,,,,,,,,,,,,,,
,,,,,,,,,,,,,,,,,,
,,,,,,,,,,,,,,,,,,
,,,,,,,,,,,,,,,,,,
,,,,,,,,,,,,,,,,,,
,,,,,,,,,,,,,,,,,,
,,,,,,,,,,,,,,,,,,
,,,,,,,,,,,,,,,,,,
,,,,,,,,,,,,,,,,,,
,,,,,,,,,,,,,,,,,,
,,,,,,,,,,,,,,,,,,
,,,,,,,,,,,,,,,,,,
,,,,,,,,,,,,,,,,,,
,,,,,,,,,,,,,,,,,,
,,,,,,,,,,,,,,,,,,
,,,,,,,,,,,,,,,,,,
,,,,,,,,,,,,,,,,,,
,,,,,,,,,,,,,,,,,,
,,,,,,,,,,,,,,,,,,
,,,,,,,,,,,,,,,,,,
,,,,,,,,,,,,,,,,,,
,,,,,,,,,,,,,,,,,,
,,,,,,,,,,,,,,,,,,
,,,,,,,,,,,,,,,,,,
,,,,,,,,,,,,,,,,,,
,,,,,,,,,,,,,,,,,,
,,,,,,,,,,,,,,,,,,
,,,,,,,,,,,,,,,,,,
,,,,,,,,,,,,,,,,,,
,,,,,,,,,,,,,,,,,,
,,,,,,,,,,,,,,,,,,
,,,,,,,,,,,,,,,,,,
,,,,,,,,,,,,,,,,,,
,,,,,,,,,,,,,,,,,,
,,,,,,,,,,,,,,,,,,
,,,,,,,,,,,,,,,,,,
,,,,,,,,,,,,,,,,,,
,,,,,,,,,,,,,,,,,,
,,,,,,,,,,,,,,,,,,
,,,,,,,,,,,,,,,,,,
,,,,,,,,,,,,,,,,,,
,,,,,,,,,,,,,,,,,,
,,,,,,,,,,,,,,,,,,
,,,,,,,,,,,,,,,,,,
,,,,,,,,,,,,,,,,,,
,,,,,,,,,,,,,,,,,,
,,,,,,,,,,,,,,,,,,
,,,,,,,,,,,,,,,,,,
,,,,,,,,,,,,,,,,,,
,,,,,,,,,,,,,,,,,,
,,,,,,,,,,,,,,,,,,
,,,,,,,,,,,,,,,,,,
,,,,,,,,,,,,,,,,,,
,,,,,,,,,,,,,,,,,,
,,,,,,,,,,,,,,,,,,
,,,,,,,,,,,,,,,,,,
,,,,,,,,,,,,,,,,,,
,,,,,,,,,,,,,,,,,,
,,,,,,,,,,,,,,,,,,
,,,,,,,,,,,,,,,,,,
,,,,,,,,,,,,,,,,,,
,,,,,,,,,,,,,,,,,,
,,,,,,,,,,,,,,,,,,
,,,,,,,,,,,,,,,,,,
,,,,,,,,,,,,,,,,,,
,,,,,,,,,,,,,,,,,,
,,,,,,,,,,,,,,,,,,
,,,,,,,,,,,,,,,,,,
,,,,,,,,,,,,,,,,,,
,,,,,,,,,,,,,,,,,,
,,,,,,,,,,,,,,,,,,
,,,,,,,,,,,,,,,,,,
,,,,,,,,,,,,,,,,,,
,,,,,,,,,,,,,,,,,,
,,,,,,,,,,,,,,,,,,
,,,,,,,,,,,,,,,,,,
,,,,,,,,,,,,,,,,,,
,,,,,,,,,,,,,,,,,,
,,,,,,,,,,,,,,,,,,
,,,,,,,,,,,,,,,,,,
,,,,,,,,,,,,,,,,,,
,,,,,,,,,,,,,,,,,,
,,,,,,,,,,,,,,,,,,
,,,,,,,,,,,,,,,,,,
,,,,,,,,,,,,,,,,,,
,,,,,,,,,,,,,,,,,,
,,,,,,,,,,,,,,,,,,
,,,,,,,,,,,,,,,,,,
,,,,,,,,,,,,,,,,,,
,,,,,,,,,,,,,,,,,,
,,,,,,,,,,,,,,,,,,
,,,,,,,,,,,,,,,,,,
,,,,,,,,,,,,,,,,,,
,,,,,,,,,,,,,,,,,,
,,,,,,,,,,,,,,,,,,
,,,,,,,,,,,,,,,,,,
,,,,,,,,,,,,,,,,,,
,,,,,,,,,,,,,,,,,,
,,,,,,,,,,,,,,,,,,
,,,,,,,,,,,,,,,,,,
,,,,,,,,,,,,,,,,,,
,,,,,,,,,,,,,,,,,,
,,,,,,,,,,,,,,,,,,
,,,,,,,,,,,,,,,,,,
,,,,,,,,,,,,,,,,,,
,,,,,,,,,,,,,,,,,,
,,,,,,,,,,,,,,,,,,
,,,,,,,,,,,,,,,,,,
,,,,,,,,,,,,,,,,,,
,,,,,,,,,,,,,,,,,,
,,,,,,,,,,,,,,,,,,
,,,,,,,,,,,,,,,,,,
,,,,,,,,,,,,,,,,,,
,,,,,,,,,,,,,,,,,,
,,,,,,,,,,,,,,,,,,
,,,,,,,,,,,,,,,,,,
,,,,,,,,,,,,,,,,,,
,,,,,,,,,,,,,,,,,,
,,,,,,,,,,,,,,,,,,
,,,,,,,,,,,,,,,,,,
,,,,,,,,,,,,,,,,,,
,,,,,,,,,,,,,,,,,,
,,,,,,,,,,,,,,,,,,
,,,,,,,,,,,,,,,,,,
,,,,,,,,,,,,,,,,,,
,,,,,,,,,,,,,,,,,,
,,,,,,,,,,,,,,,,,,
,,,,,,,,,,,,,,,,,,
,,,,,,,,,,,,,,,,,,
,,,,,,,,,,,,,,,,,,
,,,,,,,,,,,,,,,,,,
,,,,,,,,,,,,,,,,,,
,,,,,,,,,,,,,,,,,,
,,,,,,,,,,,,,,,,,,
,,,,,,,,,,,,,,,,,,
,,,,,,,,,,,,,,,,,,
,,,,,,,,,,,,,,,,,,
,,,,,,,,,,,,,,,,,,
,,,,,,,,,,,,,,,,,,
,,,,,,,,,,,,,,,,,,
,,,,,,,,,,,,,,,,,,
,,,,,,,,,,,,,,,,,,
,,,,,,,,,,,,,,,,,,
,,,,,,,,,,,,,,,,,,
,,,,,,,,,,,,,,,,,,
,,,,,,,,,,,,,,,,,,
,,,,,,,,,,,,,,,,,,
,,,,,,,,,,,,,,,,,,
,,,,,,,,,,,,,,,,,,
,,,,,,,,,,,,,,,,,,
,,,,,,,,,,,,,,,,,,
,,,,,,,,,,,,,,,,,,
,,,,,,,,,,,,,,,,,,
,,,,,,,,,,,,,,,,,,
,,,,,,,,,,,,,,,,,,
,,,,,,,,,,,,,,,,,,
,,,,,,,,,,,,,,,,,,
,,,,,,,,,,,,,,,,,,
,,,,,,,,,,,,,,,,,,
,,,,,,,,,,,,,,,,,,
,,,,,,,,,,,,,,,,,,
,,,,,,,,,,,,,,,,,,
,,,,,,,,,,,,,,,,,,
,,,,,,,,,,,,,,,,,,
,,,,,,,,,,,,,,,,,,
,,,,,,,,,,,,,,,,,,
,,,,,,,,,,,,,,,,,,
,,,,,,,,,,,,,,,,,,
,,,,,,,,,,,,,,,,,,
,,,,,,,,,,,,,,,,,,
,,,,,,,,,,,,,,,,,,
,,,,,,,,,,,,,,,,,,
,,,,,,,,,,,,,,,,,,
,,,,,,,,,,,,,,,,,,
,,,,,,,,,,,,,,,,,,
,,,,,,,,,,,,,,,,,,
,,,,,,,,,,,,,,,,,,
,,,,,,,,,,,,,,,,,,
,,,,,,,,,,,,,,,,,,
,,,,,,,,,,,,,,,,,,
,,,,,,,,,,,,,,,,,,
,,,,,,,,,,,,,,,,,,
,,,,,,,,,,,,,,,,,,
,,,,,,,,,,,,,,,,,,
,,,,,,,,,,,,,,,,,,
,,,,,,,,,,,,,,,,,,
,,,,,,,,,,,,,,,,,,
,,,,,,,,,,,,,,,,,,
,,,,,,,,,,,,,,,,,,
,,,,,,,,,,,,,,,,,,
,,,,,,,,,,,,,,,,,,
,,,,,,,,,,,,,,,,,,
,,,,,,,,,,,,,,,,,,
,,,,,,,,,,,,,,,,,,
,,,,,,,,,,,,,,,,,,
,,,,,,,,,,,,,,,,,,
,,,,,,,,,,,,,,,,,,
,,,,,,,,,,,,,,,,,,
,,,,,,,,,,,,,,,,,,
,,,,,,,,,,,,,,,,,,
,,,,,,,,,,,,,,,,,,
,,,,,,,,,,,,,,,,,,
,,,,,,,,,,,,,,,,,,
,,,,,,,,,,,,,,,,,,
,,,,,,,,,,,,,,,,,,
,,,,,,,,,,,,,,,,,,
,,,,,,,,,,,,,,,,,,
,,,,,,,,,,,,,,,,,,
,,,,,,,,,,,,,,,,,,
,,,,,,,,,,,,,,,,,,
,,,,,,,,,,,,,,,,,,
,,,,,,,,,,,,,,,,,,
,,,,,,,,,,,,,,,,,,
,,,,,,,,,,,,,,,,,,
,,,,,,,,,,,,,,,,,,
,,,,,,,,,,,,,,,,,,
,,,,,,,,,,,,,,,,,,
,,,,,,,,,,,,,,,,,,
,,,,,,,,,,,,,,,,,,
,,,,,,,,,,,,,,,,,,
,,,,,,,,,,,,,,,,,,
,,,,,,,,,,,,,,,,,,
,,,,,,,,,,,,,,,,,,
,,,,,,,,,,,,,,,,,,
,,,,,,,,,,,,,,,,,,
,,,,,,,,,,,,,,,,,,
,,,,,,,,,,,,,,,,,,
,,,,,,,,,,,,,,,,,,
,,,,,,,,,,,,,,,,,,
,,,,,,,,,,,,,,,,,,
,,,,,,,,,,,,,,,,,,
,,,,,,,,,,,,,,,,,,
,,,,,,,,,,,,,,,,,,
,,,,,,,,,,,,,,,,,,
,,,,,,,,,,,,,,,,,,
,,,,,,,,,,,,,,,,,,
,,,,,,,,,,,,,,,,,,
,,,,,,,,,,,,,,,,,,
,,,,,,,,,,,,,,,,,,
,,,,,,,,,,,,,,,,,,
,,,,,,,,,,,,,,,,,,
,,,,,,,,,,,,,,,,,,
,,,,,,,,,,,,,,,,,,
,,,,,,,,,,,,,,,,,,
,,,,,,,,,,,,,,,,,,
,,,,,,,,,,,,,,,,,,
,,,,,,,,,,,,,,,,,,
,,,,,,,,,,,,,,,,,,
,,,,,,,,,,,,,,,,,,
,,,,,,,,,,,,,,,,,,
,,,,,,,,,,,,,,,,,,
,,,,,,,,,,,,,,,,,,
,,,,,,,,,,,,,,,,,,
,,,,,,,,,,,,,,,,,,
,,,,,,,,,,,,,,,,,,
,,,,,,,,,,,,,,,,,,
,,,,,,,,,,,,,,,,,,
,,,,,,,,,,,,,,,,,,
,,,,,,,,,,,,,,,,,,
,,,,,,,,,,,,,,,,,,
,,,,,,,,,,,,,,,,,,
,,,,,,,,,,,,,,,,,,
,,,,,,,,,,,,,,,,,,
,,,,,,,,,,,,,,,,,,
,,,,,,,,,,,,,,,,,,
,,,,,,,,,,,,,,,,,,
,,,,,,,,,,,,,,,,,,
,,,,,,,,,,,,,,,,,,
,,,,,,,,,,,,,,,,,,
,,,,,,,,,,,,,,,,,,
,,,,,,,,,,,,,,,,,,
,,,,,,,,,,,,,,,,,,
,,,,,,,,,,,,,,,,,,
,,,,,,,,,,,,,,,,,,
,,,,,,,,,,,,,,,,,,
,,,,,,,,,,,,,,,,,,
,,,,,,,,,,,,,,,,,,
,,,,,,,,,,,,,,,,,,
,,,,,,,,,,,,,,,,,,
,,,,,,,,,,,,,,,,,,
,,,,,,,,,,,,,,,,,,
,,,,,,,,,,,,,,,,,,
,,,,,,,,,,,,,,,,,,
,,,,,,,,,,,,,,,,,,
,,,,,,,,,,,,,,,,,,
,,,,,,,,,,,,,,,,,,
,,,,,,,,,,,,,,,,,,
,,,,,,,,,,,,,,,,,,
,,,,,,,,,,,,,,,,,,
,,,,,,,,,,,,,,,,,,
,,,,,,,,,,,,,,,,,,
,,,,,,,,,,,,,,,,,,
,,,,,,,,,,,,,,,,,,
,,,,,,,,,,,,,,,,,,
,,,,,,,,,,,,,,,,,,
,,,,,,,,,,,,,,,,,,
,,,,,,,,,,,,,,,,,,
,,,,,,,,,,,,,,,,,,
,,,,,,,,,,,,,,,,,,
,,,,,,,,,,,,,,,,,,
,,,,,,,,,,,,,,,,,,
,,,,,,,,,,,,,,,,,,
,,,,,,,,,,,,,,,,,,
,,,,,,,,,,,,,,,,,,
,,,,,,,,,,,,,,,,,,
,,,,,,,,,,,,,,,,,,
,,,,,,,,,,,,,,,,,,
,,,,,,,,,,,,,,,,,,
,,,,,,,,,,,,,,,,,,
,,,,,,,,,,,,,,,,,,
,,,,,,,,,,,,,,,,,,
,,,,,,,,,,,,,,,,,,
,,,,,,,,,,,,,,,,,,
,,,,,,,,,,,,,,,,,,
,,,,,,,,,,,,,,,,,,
,,,,,,,,,,,,,,,,,,
,,,,,,,,,,,,,,,,,,
,,,,,,,,,,,,,,,,,,
,,,,,,,,,,,,,,,,,,
,,,,,,,,,,,,,,,,,,
,,,,,,,,,,,,,,,,,,
,,,,,,,,,,,,,,,,,,
,,,,,,,,,,,,,,,,,,
,,,,,,,,,,,,,,,,,,
,,,,,,,,,,,,,,,,,,
,,,,,,,,,,,,,,,,,,
,,,,,,,,,,,,,,,,,,
,,,,,,,,,,,,,,,,,,
,,,,,,,,,,,,,,,,,,
,,,,,,,,,,,,,,,,,,
,,,,,,,,,,,,,,,,,,
,,,,,,,,,,,,,,,,,,
,,,,,,,,,,,,,,,,,,
,,,,,,,,,,,,,,,,,,
,,,,,,,,,,,,,,,,,,
,,,,,,,,,,,,,,,,,,
,,,,,,,,,,,,,,,,,,
,,,,,,,,,,,,,,,,,,
,,,,,,,,,,,,,,,,,,
,,,,,,,,,,,,,,,,,,
,,,,,,,,,,,,,,,,,,
,,,,,,,,,,,,,,,,,,
,,,,,,,,,,,,,,,,,,
,,,,,,,,,,,,,,,,,,
,,,,,,,,,,,,,,,,,,
,,,,,,,,,,,,,,,,,,
,,,,,,,,,,,,,,,,,,
,,,,,,,,,,,,,,,,,,
,,,,,,,,,,,,,,,,,,
,,,,,,,,,,,,,,,,,,
,,,,,,,,,,,,,,,,,,
,,,,,,,,,,,,,,,,,,
,,,,,,,,,,,,,,,,,,
,,,,,,,,,,,,,,,,,,
,,,,,,,,,,,,,,,,,,
,,,,,,,,,,,,,,,,,,
,,,,,,,,,,,,,,,,,,
,,,,,,,,,,,,,,,,,,
,,,,,,,,,,,,,,,,,,
,,,,,,,,,,,,,,,,,,
,,,,,,,,,,,,,,,,,,
,,,,,,,,,,,,,,,,,,
,,,,,,,,,,,,,,,,,,
,,,,,,,,,,,,,,,,,,
,,,,,,,,,,,,,,,,,,
,,,,,,,,,,,,,,,,,,
,,,,,,,,,,,,,,,,,,
,,,,,,,,,,,,,,,,,,
,,,,,,,,,,,,,,,,,,
,,,,,,,,,,,,,,,,,,
,,,,,,,,,,,,,,,,,,
,,,,,,,,,,,,,,,,,,
,,,,,,,,,,,,,,,,,,
,,,,,,,,,,,,,,,,,,
,,,,,,,,,,,,,,,,,,
,,,,,,,,,,,,,,,,,,
,,,,,,,,,,,,,,,,,,
,,,,,,,,,,,,,,,,,,
,,,,,,,,,,,,,,,,,,
,,,,,,,,,,,,,,,,,,
,,,,,,,,,,,,,,,,,,
,,,,,,,,,,,,,,,,,,
,,,,,,,,,,,,,,,,,,
,,,,,,,,,,,,,,,,,,
,,,,,,,,,,,,,,,,,,
,,,,,,,,,,,,,,,,,,
,,,,,,,,,,,,,,,,,,
,,,,,,,,,,,,,,,,,,
,,,,,,,,,,,,,,,,,,
,,,,,,,,,,,,,,,,,,
,,,,,,,,,,,,,,,,,,
,,,,,,,,,,,,,,,,,,
,,,,,,,,,,,,,,,,,,
,,,,,,,,,,,,,,,,,,
,,,,,,,,,,,,,,,,,,
,,,,,,,,,,,,,,,,,,
,,,,,,,,,,,,,,,,,,
,,,,,,,,,,,,,,,,,,
,,,,,,,,,,,,,,,,,,
,,,,,,,,,,,,,,,,,,
,,,,,,,,,,,,,,,,,,
,,,,,,,,,,,,,,,,,,
,,,,,,,,,,,,,,,,,,
,,,,,,,,,,,,,,,,,,
,,,,,,,,,,,,,,,,,,
,,,,,,,,,,,,,,,,,,
,,,,,,,,,,,,,,,,,,
,,,,,,,,,,,,,,,,,,
,,,,,,,,,,,,,,,,,,
,,,,,,,,,,,,,,,,,,
,,,,,,,,,,,,,,,,,,
,,,,,,,,,,,,,,,,,,
,,,,,,,,,,,,,,,,,,
,,,,,,,,,,,,,,,,,,
,,,,,,,,,,,,,,,,,,
,,,,,,,,,,,,,,,,,,
,,,,,,,,,,,,,,,,,,
,,,,,,,,,,,,,,,,,,
,,,,,,,,,,,,,,,,,,
,,,,,,,,,,,,,,,,,,
,,,,,,,,,,,,,,,,,,
,,,,,,,,,,,,,,,,,,
,,,,,,,,,,,,,,,,,,
,,,,,,,,,,,,,,,,,,
,,,,,,,,,,,,,,,,,,
,,,,,,,,,,,,,,,,,,
,,,,,,,,,,,,,,,,,,
,,,,,,,,,,,,,,,,,,
,,,,,,,,,,,,,,,,,,
,,,,,,,,,,,,,,,,,,
,,,,,,,,,,,,,,,,,,
,,,,,,,,,,,,,,,,,,
,,,,,,,,,,,,,,,,,,
,,,,,,,,,,,,,,,,,,
,,,,,,,,,,,,,,,,,,
,,,,,,,,,,,,,,,,,,
,,,,,,,,,,,,,,,,,,
,,,,,,,,,,,,,,,,,,
,,,,,,,,,,,,,,,,,,
,,,,,,,,,,,,,,,,,,
,,,,,,,,,,,,,,,,,,
,,,,,,,,,,,,,,,,,,
,,,,,,,,,,,,,,,,,,
,,,,,,,,,,,,,,,,,,
,,,,,,,,,,,,,,,,,,
,,,,,,,,,,,,,,,,,,
,,,,,,,,,,,,,,,,,,
,,,,,,,,,,,,,,,,,,
,,,,,,,,,,,,,,,,,,
,,,,,,,,,,,,,,,,,,
,,,,,,,,,,,,,,,,,,
,,,,,,,,,,,,,,,,,,
,,,,,,,,,,,,,,,,,,
,,,,,,,,,,,,,,,,,,
,,,,,,,,,,,,,,,,,,
,,,,,,,,,,,,,,,,,,
,,,,,,,,,,,,,,,,,,
,,,,,,,,,,,,,,,,,,
,,,,,,,,,,,,,,,,,,
,,,,,,,,,,,,,,,,,,
,,,,,,,,,,,,,,,,,,
,,,,,,,,,,,,,,,,,,
,,,,,,,,,,,,,,,,,,
,,,,,,,,,,,,,,,,,,
,,,,,,,,,,,,,,,,,,
,,,,,,,,,,,,,,,,,,
,,,,,,,,,,,,,,,,,,
,,,,,,,,,,,,,,,,,,
,,,,,,,,,,,,,,,,,,
,,,,,,,,,,,,,,,,,,
,,,,,,,,,,,,,,,,,,
,,,,,,,,,,,,,,,,,,
,,,,,,,,,,,,,,,,,,
,,,,,,,,,,,,,,,,,,
,,,,,,,,,,,,,,,,,,
,,,,,,,,,,,,,,,,,,
,,,,,,,,,,,,,,,,,,
,,,,,,,,,,,,,,,,,,
,,,,,,,,,,,,,,,,,,
,,,,,,,,,,,,,,,,,,
,,,,,,,,,,,,,,,,,,
,,,,,,,,,,,,,,,,,,
,,,,,,,,,,,,,,,,,,
,,,,,,,,,,,,,,,,,,
,,,,,,,,,,,,,,,,,,
,,,,,,,,,,,,,,,,,,
,,,,,,,,,,,,,,,,,,
,,,,,,,,,,,,,,,,,,
,,,,,,,,,,,,,,,,,,
,,,,,,,,,,,,,,,,,,
,,,,,,,,,,,,,,,,,,
,,,,,,,,,,,,,,,,,,
,,,,,,,,,,,,,,,,,,
,,,,,,,,,,,,,,,,,,
,,,,,,,,,,,,,,,,,,
,,,,,,,,,,,,,,,,,,
,,,,,,,,,,,,,,,,,,
,,,,,,,,,,,,,,,,,,
,,,,,,,,,,,,,,,,,,
,,,,,,,,,,,,,,,,,,
,,,,,,,,,,,,,,,,,,
,,,,,,,,,,,,,,,,,,
,,,,,,,,,,,,,,,,,,
,,,,,,,,,,,,,,,,,,
,,,,,,,,,,,,,,,,,,
,,,,,,,,,,,,,,,,,,
,,,,,,,,,,,,,,,,,,
,,,,,,,,,,,,,,,,,,
,,,,,,,,,,,,,,,,,,
,,,,,,,,,,,,,,,,,,
,,,,,,,,,,,,,,,,,,
,,,,,,,,,,,,,,,,,,
,,,,,,,,,,,,,,,,,,
,,,,,,,,,,,,,,,,,,
,,,,,,,,,,,,,,,,,,
,,,,,,,,,,,,,,,,,,
,,,,,,,,,,,,,,,,,,
,,,,,,,,,,,,,,,,,,
,,,,,,,,,,,,,,,,,,
,,,,,,,,,,,,,,,,,,
,,,,,,,,,,,,,,,,,,
,,,,,,,,,,,,,,,,,,
,,,,,,,,,,,,,,,,,,
,,,,,,,,,,,,,,,,,,
,,,,,,,,,,,,,,,,,,
,,,,,,,,,,,,,,,,,,
,,,,,,,,,,,,,,,,,,
,,,,,,,,,,,,,,,,,,
,,,,,,,,,,,,,,,,,,
,,,,,,,,,,,,,,,,,,
,,,,,,,,,,,,,,,,,,
,,,,,,,,,,,,,,,,,,
,,,,,,,,,,,,,,,,,,
,,,,,,,,,,,,,,,,,,
,,,,,,,,,,,,,,,,,,
,,,,,,,,,,,,,,,,,,
,,,,,,,,,,,,,,,,,,
,,,,,,,,,,,,,,,,,,
,,,,,,,,,,,,,,,,,,
,,,,,,,,,,,,,,,,,,
,,,,,,,,,,,,,,,,,,
,,,,,,,,,,,,,,,,,,
,,,,,,,,,,,,,,,,,,
,,,,,,,,,,,,,,,,,,
,,,,,,,,,,,,,,,,,,
,,,,,,,,,,,,,,,,,,
,,,,,,,,,,,,,,,,,,
,,,,,,,,,,,,,,,,,,
,,,,,,,,,,,,,,,,,,
,,,,,,,,,,,,,,,,,,
,,,,,,,,,,,,,,,,,,
,,,,,,,,,,,,,,,,,,
,,,,,,,,,,,,,,,,,,
,,,,,,,,,,,,,,,,,,
,,,,,,,,,,,,,,,,,,
,,,,,,,,,,,,,,,,,,
,,,,,,,,,,,,,,,,,,
,,,,,,,,,,,,,,,,,,
,,,,,,,,,,,,,,,,,,
,,,,,,,,,,,,,,,,,,
,,,,,,,,,,,,,,,,,,
,,,,,,,,,,,,,,,,,,
,,,,,,,,,,,,,,,,,,
,,,,,,,,,,,,,,,,,,
,,,,,,,,,,,,,,,,,,
,,,,,,,,,,,,,,,,,,
,,,,,,,,,,,,,,,,,,
,,,,,,,,,,,,,,,,,,
,,,,,,,,,,,,,,,,,,
,,,,,,,,,,,,,,,,,,
,,,,,,,,,,,,,,,,,,
,,,,,,,,,,,,,,,,,,
,,,,,,,,,,,,,,,,,,
,,,,,,,,,,,,,,,,,,
,,,,,,,,,,,,,,,,,,
,,,,,,,,,,,,,,,,,,
,,,,,,,,,,,,,,,,,,
,,,,,,,,,,,,,,,,,,
,,,,,,,,,,,,,,,,,,
,,,,,,,,,,,,,,,,,,
,,,,,,,,,,,,,,,,,,
,,,,,,,,,,,,,,,,,,
,,,,,,,,,,,,,,,,,,
,,,,,,,,,,,,,,,,,,
,,,,,,,,,,,,,,,,,,
,,,,,,,,,,,,,,,,,,
,,,,,,,,,,,,,,,,,,
,,,,,,,,,,,,,,,,,,
,,,,,,,,,,,,,,,,,,
,,,,,,,,,,,,,,,,,,
,,,,,,,,,,,,,,,,,,
,,,,,,,,,,,,,,,,,,
,,,,,,,,,,,,,,,,,,
,,,,,,,,,,,,,,,,,,
,,,,,,,,,,,,,,,,,,
,,,,,,,,,,,,,,,,,,
,,,,,,,,,,,,,,,,,,
,,,,,,,,,,,,,,,,,,
,,,,,,,,,,,,,,,,,,
,,,,,,,,,,,,,,,,,,
,,,,,,,,,,,,,,,,,,
,,,,,,,,,,,,,,,,,,
,,,,,,,,,,,,,,,,,,
,,,,,,,,,,,,,,,,,,
,,,,,,,,,,,,,,,,,,
,,,,,,,,,,,,,,,,,,
,,,,,,,,,,,,,,,,,,
,,,,,,,,,,,,,,,,,,
,,,,,,,,,,,,,,,,,,
,,,,,,,,,,,,,,,,,,
,,,,,,,,,,,,,,,,,,
,,,,,,,,,,,,,,,,,,
,,,,,,,,,,,,,,,,,,
,,,,,,,,,,,,,,,,,,
,,,,,,,,,,,,,,,,,,
,,,,,,,,,,,,,,,,,,
,,,,,,,,,,,,,,,,,,
,,,,,,,,,,,,,,,,,,
,,,,,,,,,,,,,,,,,,
,,,,,,,,,,,,,,,,,,
,,,,,,,,,,,,,,,,,,
,,,,,,,,,,,,,,,,,,
,,,,,,,,,,,,,,,,,,
,,,,,,,,,,,,,,,,,,
,,,,,,,,,,,,,,,,,,
,,,,,,,,,,,,,,,,,,
,,,,,,,,,,,,,,,,,,
,,,,,,,,,,,,,,,,,,
,,,,,,,,,,,,,,,,,,
,,,,,,,,,,,,,,,,,,
,,,,,,,,,,,,,,,,,,
,,,,,,,,,,,,,,,,,,
,,,,,,,,,,,,,,,,,,
,,,,,,,,,,,,,,,,,,
,,,,,,,,,,,,,,,,,,
,,,,,,,,,,,,,,,,,,
,,,,,,,,,,,,,,,,,,
,,,,,,,,,,,,,,,,,,
,,,,,,,,,,,,,,,,,,
,,,,,,,,,,,,,,,,,,
,,,,,,,,,,,,,,,,,,
,,,,,,,,,,,,,,,,,,
,,,,,,,,,,,,,,,,,,
,,,,,,,,,,,,,,,,,,
,,,,,,,,,,,,,,,,,,
,,,,,,,,,,,,,,,,,,
,,,,,,,,,,,,,,,,,,
,,,,,,,,,,,,,,,,,,
,,,,,,,,,,,,,,,,,,
,,,,,,,,,,,,,,,,,,
,,,,,,,,,,,,,,,,,,
,,,,,,,,,,,,,,,,,,
,,,,,,,,,,,,,,,,,,
,,,,,,,,,,,,,,,,,,
,,,,,,,,,,,,,,,,,,
,,,,,,,,,,,,,,,,,,
,,,,,,,,,,,,,,,,,,
,,,,,,,,,,,,,,,,,,
,,,,,,,,,,,,,,,,,,
,,,,,,,,,,,,,,,,,,
,,,,,,,,,,,,,,,,,,
,,,,,,,,,,,,,,,,,,
,,,,,,,,,,,,,,,,,,
,,,,,,,,,,,,,,,,,,
,,,,,,,,,,,,,,,,,,
,,,,,,,,,,,,,,,,,,
,,,,,,,,,,,,,,,,,,
,,,,,,,,,,,,,,,,,,
,,,,,,,,,,,,,,,,,,
,,,,,,,,,,,,,,,,,,
,,,,,,,,,,,,,,,,,,
,,,,,,,,,,,,,,,,,,
,,,,,,,,,,,,,,,,,,
,,,,,,,,,,,,,,,,,,
,,,,,,,,,,,,,,,,,,
,,,,,,,,,,,,,,,,,,
,,,,,,,,,,,,,,,,,,
,,,,,,,,,,,,,,,,,,
,,,,,,,,,,,,,,,,,,
,,,,,,,,,,,,,,,,,,
,,,,,,,,,,,,,,,,,,
,,,,,,,,,,,,,,,,,,
,,,,,,,,,,,,,,,,,,
,,,,,,,,,,,,,,,,,,
,,,,,,,,,,,,,,,,,,
,,,,,,,,,,,,,,,,,,
,,,,,,,,,,,,,,,,,,
,,,,,,,,,,,,,,,,,,
,,,,,,,,,,,,,,,,,,
,,,,,,,,,,,,,,,,,,
,,,,,,,,,,,,,,,,,,
,,,,,,,,,,,,,,,,,,
,,,,,,,,,,,,,,,,,,
,,,,,,,,,,,,,,,,,,
,,,,,,,,,,,,,,,,,,
,,,,,,,,,,,,,,,,,,
,,,,,,,,,,,,,,,,,,
,,,,,,,,,,,,,,,,,,
,,,,,,,,,,,,,,,,,,
,,,,,,,,,,,,,,,,,,
,,,,,,,,,,,,,,,,,,
,,,,,,,,,,,,,,,,,,
,,,,,,,,,,,,,,,,,,
,,,,,,,,,,,,,,,,,,
,,,,,,,,,,,,,,,,,,
,,,,,,,,,,,,,,,,,,
,,,,,,,,,,,,,,,,,,
,,,,,,,,,,,,,,,,,,
,,,,,,,,,,,,,,,,,,
,,,,,,,,,,,,,,,,,,
,,,,,,,,,,,,,,,,,,
,,,,,,,,,,,,,,,,,,
,,,,,,,,,,,,,,,,,,
,,,,,,,,,,,,,,,,,,
,,,,,,,,,,,,,,,,,,
,,,,,,,,,,,,,,,,,,
,,,,,,,,,,,,,,,,,,
,,,,,,,,,,,,,,,,,,
,,,,,,,,,,,,,,,,,,
,,,,,,,,,,,,,,,,,,
,,,,,,,,,,,,,,,,,,
,,,,,,,,,,,,,,,,,,
,,,,,,,,,,,,,,,,,,
,,,,,,,,,,,,,,,,,,
,,,,,,,,,,,,,,,,,,
,,,,,,,,,,,,,,,,,,
,,,,,,,,,,,,,,,,,,
,,,,,,,,,,,,,,,,,,
,,,,,,,,,,,,,,,,,,
,,,,,,,,,,,,,,,,,,
,,,,,,,,,,,,,,,,,,
,,,,,,,,,,,,,,,,,,
,,,,,,,,,,,,,,,,,,
,,,,,,,,,,,,,,,,,,
,,,,,,,,,,,,,,,,,,
,,,,,,,,,,,,,,,,,,
,,,,,,,,,,,,,,,,,,
,,,,,,,,,,,,,,,,,,
,,,,,,,,,,,,,,,,,,
,,,,,,,,,,,,,,,,,,
,,,,,,,,,,,,,,,,,,
,,,,,,,,,,,,,,,,,,
,,,,,,,,,,,,,,,,,,
,,,,,,,,,,,,,,,,,,
,,,,,,,,,,,,,,,,,,
,,,,,,,,,,,,,,,,,,
,,,,,,,,,,,,,,,,,,
,,,,,,,,,,,,,,,,,,
,,,,,,,,,,,,,,,,,,
,,,,,,,,,,,,,,,,,,
,,,,,,,,,,,,,,,,,,
,,,,,,,,,,,,,,,,,,
,,,,,,,,,,,,,,,,,,
,,,,,,,,,,,,,,,,,,
,,,,,,,,,,,,,,,,,,
,,,,,,,,,,,,,,,,,,
,,,,,,,,,,,,,,,,,,
,,,,,,,,,,,,,,,,,,
,,,,,,,,,,,,,,,,,,
,,,,,,,,,,,,,,,,,,
,,,,,,,,,,,,,,,,,,
,,,,,,,,,,,,,,,,,,
,,,,,,,,,,,,,,,,,,
,,,,,,,,,,,,,,,,,,
,,,,,,,,,,,,,,,,,,
,,,,,,,,,,,,,,,,,,
,,,,,,,,,,,,,,,,,,
,,,,,,,,,,,,,,,,,,
,,,,,,,,,,,,,,,,,,
,,,,,,,,,,,,,,,,,,
,,,,,,,,,,,,,,,,,,
,,,,,,,,,,,,,,,,,,
,,,,,,,,,,,,,,,,,,
,,,,,,,,,,,,,,,,,,
,,,,,,,,,,,,,,,,,,
,,,,,,,,,,,,,,,,,,
,,,,,,,,,,,,,,,,,,
,,,,,,,,,,,,,,,,,,
,,,,,,,,,,,,,,,,,,
,,,,,,,,,,,,,,,,,,
,,,,,,,,,,,,,,,,,,
,,,,,,,,,,,,,,,,,,
,,,,,,,,,,,,,,,,,,
,,,,,,,,,,,,,,,,,,
,,,,,,,,,,,,,,,,,,
,,,,,,,,,,,,,,,,,,
,,,,,,,,,,,,,,,,,,
,,,,,,,,,,,,,,,,,,
,,,,,,,,,,,,,,,,,,
,,,,,,,,,,,,,,,,,,
,,,,,,,,,,,,,,,,,,
,,,,,,,,,,,,,,,,,,
,,,,,,,,,,,,,,,,,,
,,,,,,,,,,,,,,,,,,
,,,,,,,,,,,,,,,,,,
,,,,,,,,,,,,,,,,,,
,,,,,,,,,,,,,,,,,,
,,,,,,,,,,,,,,,,,,
,,,,,,,,,,,,,,,,,,
,,,,,,,,,,,,,,,,,,
,,,,,,,,,,,,,,,,,,
,,,,,,,,,,,,,,,,,,
,,,,,,,,,,,,,,,,,,
,,,,,,,,,,,,,,,,,,
,,,,,,,,,,,,,,,,,,
,,,,,,,,,,,,,,,,,,
,,,,,,,,,,,,,,,,,,
,,,,,,,,,,,,,,,,,,
,,,,,,,,,,,,,,,,,,
,,,,,,,,,,,,,,,,,,
,,,,,,,,,,,,,,,,,,
,,,,,,,,,,,,,,,,,,
,,,,,,,,,,,,,,,,,,
,,,,,,,,,,,,,,,,,,
,,,,,,,,,,,,,,,,,,
,,,,,,,,,,,,,,,,,,
,,,,,,,,,,,,,,,,,,
,,,,,,,,,,,,,,,,,,
,,,,,,,,,,,,,,,,,,
,,,,,,,,,,,,,,,,,,
,,,,,,,,,,,,,,,,,,
,,,,,,,,,,,,,,,,,,
,,,,,,,,,,,,,,,,,,
,,,,,,,,,,,,,,,,,,
,,,,,,,,,,,,,,,,,,
,,,,,,,,,,,,,,,,,,
,,,,,,,,,,,,,,,,,,
,,,,,,,,,,,,,,,,,,
,,,,,,,,,,,,,,,,,,
,,,,,,,,,,,,,,,,,,
,,,,,,,,,,,,,,,,,,
,,,,,,,,,,,,,,,,,,
,,,,,,,,,,,,,,,,,,
,,,,,,,,,,,,,,,,,,
,,,,,,,,,,,,,,,,,,
,,,,,,,,,,,,,,,,,,
,,,,,,,,,,,,,,,,,,
,,,,,,,,,,,,,,,,,,
,,,,,,,,,,,,,,,,,,
,,,,,,,,,,,,,,,,,,
,,,,,,,,,,,,,,,,,,
,,,,,,,,,,,,,,,,,,
,,,,,,,,,,,,,,,,,,
,,,,,,,,,,,,,,,,,,
,,,,,,,,,,,,,,,,,,
,,,,,,,,,,,,,,,,,,
,,,,,,,,,,,,,,,,,,
,,,,,,,,,,,,,,,,,,
,,,,,,,,,,,,,,,,,,
,,,,,,,,,,,,,,,,,,
,,,,,,,,,,,,,,,,,,
,,,,,,,,,,,,,,,,,,
,,,,,,,,,,,,,,,,,,
,,,,,,,,,,,,,,,,,,
,,,,,,,,,,,,,,,,,,
,,,,,,,,,,,,,,,,,,
,,,,,,,,,,,,,,,,,,
,,,,,,,,,,,,,,,,,,
,,,,,,,,,,,,,,,,,,
,,,,,,,,,,,,,,,,,,
,,,,,,,,,,,,,,,,,,
,,,,,,,,,,,,,,,,,,
,,,,,,,,,,,,,,,,,,
,,,,,,,,,,,,,,,,,,
,,,,,,,,,,,,,,,,,,
,,,,,,,,,,,,,,,,,,
,,,,,,,,,,,,,,,,,,
,,,,,,,,,,,,,,,,,,
,,,,,,,,,,,,,,,,,,
,,,,,,,,,,,,,,,,,,
,,,,,,,,,,,,,,,,,,
,,,,,,,,,,,,,,,,,,
,,,,,,,,,,,,,,,,,,
,,,,,,,,,,,,,,,,,,
,,,,,,,,,,,,,,,,,,
,,,,,,,,,,,,,,,,,,
,,,,,,,,,,,,,,,,,,
,,,,,,,,,,,,,,,,,,
,,,,,,,,,,,,,,,,,,
,,,,,,,,,,,,,,,,,,
,,,,,,,,,,,,,,,,,,
,,,,,,,,,,,,,,,,,,
,,,,,,,,,,,,,,,,,,
,,,,,,,,,,,,,,,,,,
,,,,,,,,,,,,,,,,,,
,,,,,,,,,,,,,,,,,,
,,,,,,,,,,,,,,,,,,
,,,,,,,,,,,,,,,,,,
,,,,,,,,,,,,,,,,,,
,,,,,,,,,,,,,,,,,,
,,,,,,,,,,,,,,,,,,
,,,,,,,,,,,,,,,,,,
,,,,,,,,,,,,,,,,,,
,,,,,,,,,,,,,,,,,,
,,,,,,,,,,,,,,,,,,
,,,,,,,,,,,,,,,,,,
,,,,,,,,,,,,,,,,,,
,,,,,,,,,,,,,,,,,,
,,,,,,,,,,,,,,,,,,
,,,,,,,,,,,,,,,,,,
,,,,,,,,,,,,,,,,,,
,,,,,,,,,,,,,,,,,,
,,,,,,,,,,,,,,,,,,
,,,,,,,,,,,,,,,,,,
,,,,,,,,,,,,,,,,,,
,,,,,,,,,,,,,,,,,,
,,,,,,,,,,,,,,,,,,
,,,,,,,,,,,,,,,,,,
,,,,,,,,,,,,,,,,,,
,,,,,,,,,,,,,,,,,,
,,,,,,,,,,,,,,,,,,
,,,,,,,,,,,,,,,,,,
,,,,,,,,,,,,,,,,,,
,,,,,,,,,,,,,,,,,,
,,,,,,,,,,,,,,,,,,
,,,,,,,,,,,,,,,,,,
,,,,,,,,,,,,,,,,,,
,,,,,,,,,,,,,,,,,,
,,,,,,,,,,,,,,,,,,
,,,,,,,,,,,,,,,,,,
,,,,,,,,,,,,,,,,,,
,,,,,,,,,,,,,,,,,,
,,,,,,,,,,,,,,,,,,
,,,,,,,,,,,,,,,,,,
,,,,,,,,,,,,,,,,,,
,,,,,,,,,,,,,,,,,,
,,,,,,,,,,,,,,,,,,
,,,,,,,,,,,,,,,,,,
,,,,,,,,,,,,,,,,,,
,,,,,,,,,,,,,,,,,,
,,,,,,,,,,,,,,,,,,
,,,,,,,,,,,,,,,,,,
,,,,,,,,,,,,,,,,,,
,,,,,,,,,,,,,,,,,,
,,,,,,,,,,,,,,,,,,
,,,,,,,,,,,,,,,,,,
,,,,,,,,,,,,,,,,,,
,,,,,,,,,,,,,,,,,,
,,,,,,,,,,,,,,,,,,
,,,,,,,,,,,,,,,,,,
,,,,,,,,,,,,,,,,,,
,,,,,,,,,,,,,,,,,,
,,,,,,,,,,,,,,,,,,
,,,,,,,,,,,,,,,,,,
,,,,,,,,,,,,,,,,,,
,,,,,,,,,,,,,,,,,,
,,,,,,,,,,,,,,,,,,
,,,,,,,,,,,,,,,,,,
,,,,,,,,,,,,,,,,,,
,,,,,,,,,,,,,,,,,,
,,,,,,,,,,,,,,,,,,
,,,,,,,,,,,,,,,,,,
,,,,,,,,,,,,,,,,,,
,,,,,,,,,,,,,,,,,,
,,,,,,,,,,,,,,,,,,
,,,,,,,,,,,,,,,,,,
,,,,,,,,,,,,,,,,,,
,,,,,,,,,,,,,,,,,,
,,,,,,,,,,,,,,,,,,
,,,,,,,,,,,,,,,,,,
,,,,,,,,,,,,,,,,,,
,,,,,,,,,,,,,,,,,,
,,,,,,,,,,,,,,,,,,
,,,,,,,,,,,,,,,,,,
,,,,,,,,,,,,,,,,,,
,,,,,,,,,,,,,,,,,,
,,,,,,,,,,,,,,,,,,
,,,,,,,,,,,,,,,,,,
,,,,,,,,,,,,,,,,,,
,,,,,,,,,,,,,,,,,,
,,,,,,,,,,,,,,,,,,
,,,,,,,,,,,,,,,,,,
,,,,,,,,,,,,,,,,,,
,,,,,,,,,,,,,,,,,,
,,,,,,,,,,,,,,,,,,
,,,,,,,,,,,,,,,,,,
,,,,,,,,,,,,,,,,,,
,,,,,,,,,,,,,,,,,,
,,,,,,,,,,,,,,,,,,
,,,,,,,,,,,,,,,,,,
,,,,,,,,,,,,,,,,,,
,,,,,,,,,,,,,,,,,,
,,,,,,,,,,,,,,,,,,
,,,,,,,,,,,,,,,,,,
,,,,,,,,,,,,,,,,,,
,,,,,,,,,,,,,,,,,,
,,,,,,,,,,,,,,,,,,
,,,,,,,,,,,,,,,,,,
,,,,,,,,,,,,,,,,,,
,,,,,,,,,,,,,,,,,,
,,,,,,,,,,,,,,,,,,
,,,,,,,,,,,,,,,,,,
,,,,,,,,,,,,,,,,,,
,,,,,,,,,,,,,,,,,,
,,,,,,,,,,,,,,,,,,
,,,,,,,,,,,,,,,,,,
,,,,,,,,,,,,,,,,,,
,,,,,,,,,,,,,,,,,,
,,,,,,,,,,,,,,,,,,
,,,,,,,,,,,,,,,,,,
,,,,,,,,,,,,,,,,,,
,,,,,,,,,,,,,,,,,,
,,,,,,,,,,,,,,,,,,
,,,,,,,,,,,,,,,,,,
,,,,,,,,,,,,,,,,,,
,,,,,,,,,,,,,,,,,,
,,,,,,,,,,,,,,,,,,
,,,,,,,,,,,,,,,,,,
,,,,,,,,,,,,,,,,,,
,,,,,,,,,,,,,,,,,,
,,,,,,,,,,,,,,,,,,
,,,,,,,,,,,,,,,,,,
,,,,,,,,,,,,,,,,,,
,,,,,,,,,,,,,,,,,,
,,,,,,,,,,,,,,,,,,
,,,,,,,,,,,,,,,,,,
,,,,,,,,,,,,,,,,,,
,,,,,,,,,,,,,,,,,,
,,,,,,,,,,,,,,,,,,
,,,,,,,,,,,,,,,,,,
,,,,,,,,,,,,,,,,,,
,,,,,,,,,,,,,,,,,,
,,,,,,,,,,,,,,,,,,
,,,,,,,,,,,,,,,,,,
,,,,,,,,,,,,,,,,,,
,,,,,,,,,,,,,,,,,,
,,,,,,,,,,,,,,,,,,
,,,,,,,,,,,,,,,,,,
,,,,,,,,,,,,,,,,,,
,,,,,,,,,,,,,,,,,,
,,,,,,,,,,,,,,,,,,
,,,,,,,,,,,,,,,,,,
,,,,,,,,,,,,,,,,,,
,,,,,,,,,,,,,,,,,,
,,,,,,,,,,,,,,,,,,
,,,,,,,,,,,,,,,,,,
,,,,,,,,,,,,,,,,,,
,,,,,,,,,,,,,,,,,,
,,,,,,,,,,,,,,,,,,
,,,,,,,,,,,,,,,,,,
,,,,,,,,,,,,,,,,,,
,,,,,,,,,,,,,,,,,,
,,,,,,,,,,,,,,,,,,
,,,,,,,,,,,,,,,,,,
,,,,,,,,,,,,,,,,,,
,,,,,,,,,,,,,,,,,,
,,,,,,,,,,,,,,,,,,
,,,,,,,,,,,,,,,,,,
,,,,,,,,,,,,,,,,,,
,,,,,,,,,,,,,,,,,,
,,,,,,,,,,,,,,,,,,
,,,,,,,,,,,,,,,,,,
,,,,,,,,,,,,,,,,,,
,,,,,,,,,,,,,,,,,,
,,,,,,,,,,,,,,,,,,
,,,,,,,,,,,,,,,,,,
,,,,,,,,,,,,,,,,,,
,,,,,,,,,,,,,,,,,,
,,,,,,,,,,,,,,,,,,
,,,,,,,,,,,,,,,,,,
,,,,,,,,,,,,,,,,,,
,,,,,,,,,,,,,,,,,,
,,,,,,,,,,,,,,,,,,
,,,,,,,,,,,,,,,,,,
,,,,,,,,,,,,,,,,,,
,,,,,,,,,,,,,,,,,,
,,,,,,,,,,,,,,,,,,
,,,,,,,,,,,,,,,,,,
,,,,,,,,,,,,,,,,,,
,,,,,,,,,,,,,,,,,,
,,,,,,,,,,,,,,,,,,
,,,,,,,,,,,,,,,,,,
,,,,,,,,,,,,,,,,,,
,,,,,,,,,,,,,,,,,,
,,,,,,,,,,,,,,,,,,
,,,,,,,,,,,,,,,,,,
,,,,,,,,,,,,,,,,,,
,,,,,,,,,,,,,,,,,,
,,,,,,,,,,,,,,,,,,
,,,,,,,,,,,,,,,,,,
,,,,,,,,,,,,,,,,,,
,,,,,,,,,,,,,,,,,,
,,,,,,,,,,,,,,,,,,
,,,,,,,,,,,,,,,,,,
,,,,,,,,,,,,,,,,,,
,,,,,,,,,,,,,,,,,,
,,,,,,,,,,,,,,,,,,
,,,,,,,,,,,,,,,,,,
,,,,,,,,,,,,,,,,,,
,,,,,,,,,,,,,,,,,,
,,,,,,,,,,,,,,,,,,
,,,,,,,,,,,,,,,,,,
,,,,,,,,,,,,,,,,,,
,,,,,,,,,,,,,,,,,,
,,,,,,,,,,,,,,,,,,
,,,,,,,,,,,,,,,,,,
,,,,,,,,,,,,,,,,,,
,,,,,,,,,,,,,,,,,,
,,,,,,,,,,,,,,,,,,
,,,,,,,,,,,,,,,,,,
,,,,,,,,,,,,,,,,,,
,,,,,,,,,,,,,,,,,,
,,,,,,,,,,,,,,,,,,
,,,,,,,,,,,,,,,,,,
,,,,,,,,,,,,,,,,,,
,,,,,,,,,,,,,,,,,,
,,,,,,,,,,,,,,,,,,
,,,,,,,,,,,,,,,,,,
,,,,,,,,,,,,,,,,,,
,,,,,,,,,,,,,,,,,,
,,,,,,,,,,,,,,,,,,
,,,,,,,,,,,,,,,,,,
,,,,,,,,,,,,,,,,,,
,,,,,,,,,,,,,,,,,,
,,,,,,,,,,,,,,,,,,
,,,,,,,,,,,,,,,,,,
,,,,,,,,,,,,,,,,,,
,,,,,,,,,,,,,,,,,,
,,,,,,,,,,,,,,,,,,
,,,,,,,,,,,,,,,,,,
,,,,,,,,,,,,,,,,,,
,,,,,,,,,,,,,,,,,,
,,,,,,,,,,,,,,,,,,
,,,,,,,,,,,,,,,,,,
,,,,,,,,,,,,,,,,,,
,,,,,,,,,,,,,,,,,,
,,,,,,,,,,,,,,,,,,
,,,,,,,,,,,,,,,,,,
,,,,,,,,,,,,,,,,,,
,,,,,,,,,,,,,,,,,,
,,,,,,,,,,,,,,,,,,
,,,,,,,,,,,,,,,,,,
,,,,,,,,,,,,,,,,,,
,,,,,,,,,,,,,,,,,,
,,,,,,,,,,,,,,,,,,
,,,,,,,,,,,,,,,,,,
,,,,,,,,,,,,,,,,,,
,,,,,,,,,,,,,,,,,,
,,,,,,,,,,,,,,,,,,
,,,,,,,,,,,,,,,,,,
,,,,,,,,,,,,,,,,,,
,,,,,,,,,,,,,,,,,,
,,,,,,,,,,,,,,,,,,
,,,,,,,,,,,,,,,,,,
,,,,,,,,,,,,,,,,,,
,,,,,,,,,,,,,,,,,,
,,,,,,,,,,,,,,,,,,
,,,,,,,,,,,,,,,,,,
,,,,,,,,,,,,,,,,,,
,,,,,,,,,,,,,,,,,,
,,,,,,,,,,,,,,,,,,
,,,,,,,,,,,,,,,,,,
,,,,,,,,,,,,,,,,,,
,,,,,,,,,,,,,,,,,,
,,,,,,,,,,,,,,,,,,
,,,,,,,,,,,,,,,,,,
,,,,,,,,,,,,,,,,,,
,,,,,,,,,,,,,,,,,,
,,,,,,,,,,,,,,,,,,
,,,,,,,,,,,,,,,,,,
,,,,,,,,,,,,,,,,,,
,,,,,,,,,,,,,,,,,,
,,,,,,,,,,,,,,,,,,
,,,,,,,,,,,,,,,,,,
,,,,,,,,,,,,,,,,,,
,,,,,,,,,,,,,,,,,,
,,,,,,,,,,,,,,,,,,
,,,,,,,,,,,,,,,,,,
,,,,,,,,,,,,,,,,,,
,,,,,,,,,,,,,,,,,,
,,,,,,,,,,,,,,,,,,
,,,,,,,,,,,,,,,,,,
,,,,,,,,,,,,,,,,,,
,,,,,,,,,,,,,,,,,,
,,,,,,,,,,,,,,,,,,
,,,,,,,,,,,,,,,,,,
,,,,,,,,,,,,,,,,,,
,,,,,,,,,,,,,,,,,,
,,,,,,,,,,,,,,,,,,
,,,,,,,,,,,,,,,,,,
,,,,,,,,,,,,,,,,,,
,,,,,,,,,,,,,,,,,,
,,,,,,,,,,,,,,,,,,
,,,,,,,,,,,,,,,,,,
,,,,,,,,,,,,,,,,,,
,,,,,,,,,,,,,,,,,,
,,,,,,,,,,,,,,,,,,
,,,,,,,,,,,,,,,,,,
,,,,,,,,,,,,,,,,,,
,,,,,,,,,,,,,,,,,,
,,,,,,,,,,,,,,,,,,
,,,,,,,,,,,,,,,,,,
,,,,,,,,,,,,,,,,,,
,,,,,,,,,,,,,,,,,,
,,,,,,,,,,,,,,,,,,
,,,,,,,,,,,,,,,,,,
,,,,,,,,,,,,,,,,,,
,,,,,,,,,,,,,,,,,,
,,,,,,,,,,,,,,,,,,
,,,,,,,,,,,,,,,,,,
,,,,,,,,,,,,,,,,,,
,,,,,,,,,,,,,,,,,,
,,,,,,,,,,,,,,,,,,
,,,,,,,,,,,,,,,,,,
,,,,,,,,,,,,,,,,,,
,,,,,,,,,,,,,,,,,,
,,,,,,,,,,,,,,,,,,
,,,,,,,,,,,,,,,,,,
,,,,,,,,,,,,,,,,,,
,,,,,,,,,,,,,,,,,,
,,,,,,,,,,,,,,,,,,
,,,,,,,,,,,,,,,,,,
,,,,,,,,,,,,,,,,,,
,,,,,,,,,,,,,,,,,,
,,,,,,,,,,,,,,,,,,
,,,,,,,,,,,,,,,,,,
,,,,,,,,,,,,,,,,,,
,,,,,,,,,,,,,,,,,,
,,,,,,,,,,,,,,,,,,
,,,,,,,,,,,,,,,,,,
,,,,,,,,,,,,,,,,,,
,,,,,,,,,,,,,,,,,,
,,,,,,,,,,,,,,,,,,
,,,,,,,,,,,,,,,,,,
,,,,,,,,,,,,,,,,,,
,,,,,,,,,,,,,,,,,,
,,,,,,,,,,,,,,,,,,
,,,,,,,,,,,,,,,,,,
,,,,,,,,,,,,,,,,,,
,,,,,,,,,,,,,,,,,,
,,,,,,,,,,,,,,,,,,
,,,,,,,,,,,,,,,,,,
,,,,,,,,,,,,,,,,,,
,,,,,,,,,,,,,,,,,,
,,,,,,,,,,,,,,,,,,
,,,,,,,,,,,,,,,,,,
,,,,,,,,,,,,,,,,,,
,,,,,,,,,,,,,,,,,,
,,,,,,,,,,,,,,,,,,
,,,,,,,,,,,,,,,,,,
,,,,,,,,,,,,,,,,,,
,,,,,,,,,,,,,,,,,,
,,,,,,,,,,,,,,,,,,
,,,,,,,,,,,,,,,,,,
,,,,,,,,,,,,,,,,,,
,,,,,,,,,,,,,,,,,,
,,,,,,,,,,,,,,,,,,
,,,,,,,,,,,,,,,,,,
,,,,,,,,,,,,,,,,,,
,,,,,,,,,,,,,,,,,,
,,,,,,,,,,,,,,,,,,
,,,,,,,,,,,,,,,,,,
,,,,,,,,,,,,,,,,,,
,,,,,,,,,,,,,,,,,,
,,,,,,,,,,,,,,,,,,
,,,,,,,,,,,,,,,,,,
,,,,,,,,,,,,,,,,,,
,,,,,,,,,,,,,,,,,,
,,,,,,,,,,,,,,,,,,
,,,,,,,,,,,,,,,,,,
,,,,,,,,,,,,,,,,,,
,,,,,,,,,,,,,,,,,,
,,,,,,,,,,,,,,,,,,
,,,,,,,,,,,,,,,,,,
,,,,,,,,,,,,,,,,,,
,,,,,,,,,,,,,,,,,,
,,,,,,,,,,,,,,,,,,
,,,,,,,,,,,,,,,,,,
,,,,,,,,,,,,,,,,,,
,,,,,,,,,,,,,,,,,,
,,,,,,,,,,,,,,,,,,
,,,,,,,,,,,,,,,,,,
,,,,,,,,,,,,,,,,,,
,,,,,,,,,,,,,,,,,,
,,,,,,,,,,,,,,,,,,
,,,,,,,,,,,,,,,,,,
,,,,,,,,,,,,,,,,,,
,,,,,,,,,,,,,,,,,,
,,,,,,,,,,,,,,,,,,
,,,,,,,,,,,,,,,,,,
,,,,,,,,,,,,,,,,,,
,,,,,,,,,,,,,,,,,,
,,,,,,,,,,,,,,,,,,
,,,,,,,,,,,,,,,,,,
,,,,,,,,,,,,,,,,,,
,,,,,,,,,,,,,,,,,,
,,,,,,,,,,,,,,,,,,
,,,,,,,,,,,,,,,,,,
,,,,,,,,,,,,,,,,,,
,,,,,,,,,,,,,,,,,,
,,,,,,,,,,,,,,,,,,
,,,,,,,,,,,,,,,,,,
,,,,,,,,,,,,,,,,,,
,,,,,,,,,,,,,,,,,,
,,,,,,,,,,,,,,,,,,
,,,,,,,,,,,,,,,,,,
,,,,,,,,,,,,,,,,,,
,,,,,,,,,,,,,,,,,,
,,,,,,,,,,,,,,,,,,
,,,,,,,,,,,,,,,,,,
,,,,,,,,,,,,,,,,,,
,,,,,,,,,,,,,,,,,,
,,,,,,,,,,,,,,,,,,
,,,,,,,,,,,,,,,,,,
,,,,,,,,,,,,,,,,,,
,,,,,,,,,,,,,,,,,,
,,,,,,,,,,,,,,,,,,
,,,,,,,,,,,,,,,,,,
,,,,,,,,,,,,,,,,,,
,,,,,,,,,,,,,,,,,,
,,,,,,,,,,,,,,,,,,
,,,,,,,,,,,,,,,,,,
,,,,,,,,,,,,,,,,,,
,,,,,,,,,,,,,,,,,,
,,,,,,,,,,,,,,,,,,
,,,,,,,,,,,,,,,,,,
,,,,,,,,,,,,,,,,,,
,,,,,,,,,,,,,,,,,,
,,,,,,,,,,,,,,,,,,
,,,,,,,,,,,,,,,,,,
,,,,,,,,,,,,,,,,,,
,,,,,,,,,,,,,,,,,,
,,,,,,,,,,,,,,,,,,
,,,,,,,,,,,,,,,,,,
,,,,,,,,,,,,,,,,,,
,,,,,,,,,,,,,,,,,,
,,,,,,,,,,,,,,,,,,
,,,,,,,,,,,,,,,,,,
,,,,,,,,,,,,,,,,,,
,,,,,,,,,,,,,,,,,,
,,,,,,,,,,,,,,,,,,
,,,,,,,,,,,,,,,,,,
,,,,,,,,,,,,,,,,,,
,,,,,,,,,,,,,,,,,,
,,,,,,,,,,,,,,,,,,
,,,,,,,,,,,,,,,,,,
,,,,,,,,,,,,,,,,,,
,,,,,,,,,,,,,,,,,,
,,,,,,,,,,,,,,,,,,
,,,,,,,,,,,,,,,,,,
,,,,,,,,,,,,,,,,,,
,,,,,,,,,,,,,,,,,,
,,,,,,,,,,,,,,,,,,
,,,,,,,,,,,,,,,,,,
,,,,,,,,,,,,,,,,,,
,,,,,,,,,,,,,,,,,,
,,,,,,,,,,,,,,,,,,
,,,,,,,,,,,,,,,,,,
,,,,,,,,,,,,,,,,,,
,,,,,,,,,,,,,,,,,,
,,,,,,,,,,,,,,,,,,
,,,,,,,,,,,,,,,,,,
,,,,,,,,,,,,,,,,,,
,,,,,,,,,,,,,,,,,,
,,,,,,,,,,,,,,,,,,
,,,,,,,,,,,,,,,,,,
,,,,,,,,,,,,,,,,,,
,,,,,,,,,,,,,,,,,,
,,,,,,,,,,,,,,,,,,
,,,,,,,,,,,,,,,,,,
,,,,,,,,,,,,,,,,,,
,,,,,,,,,,,,,,,,,,
,,,,,,,,,,,,,,,,,,
,,,,,,,,,,,,,,,,,,
,,,,,,,,,,,,,,,,,,
,,,,,,,,,,,,,,,,,,
,,,,,,,,,,,,,,,,,,
,,,,,,,,,,,,,,,,,,
,,,,,,,,,,,,,,,,,,
,,,,,,,,,,,,,,,,,,
,,,,,,,,,,,,,,,,,,
,,,,,,,,,,,,,,,,,,
,,,,,,,,,,,,,,,,,,
,,,,,,,,,,,,,,,,,,
,,,,,,,,,,,,,,,,,,
,,,,,,,,,,,,,,,,,,
,,,,,,,,,,,,,,,,,,
,,,,,,,,,,,,,,,,,,
,,,,,,,,,,,,,,,,,,
,,,,,,,,,,,,,,,,,,
,,,,,,,,,,,,,,,,,,
,,,,,,,,,,,,,,,,,,
,,,,,,,,,,,,,,,,,,
,,,,,,,,,,,,,,,,,,
,,,,,,,,,,,,,,,,,,
,,,,,,,,,,,,,,,,,,
,,,,,,,,,,,,,,,,,,
,,,,,,,,,,,,,,,,,,
,,,,,,,,,,,,,,,,,,
,,,,,,,,,,,,,,,,,,
,,,,,,,,,,,,,,,,,,
,,,,,,,,,,,,,,,,,,
,,,,,,,,,,,,,,,,,,
,,,,,,,,,,,,,,,,,,
,,,,,,,,,,,,,,,,,,
,,,,,,,,,,,,,,,,,,
,,,,,,,,,,,,,,,,,,
,,,,,,,,,,,,,,,,,,
,,,,,,,,,,,,,,,,,,
,,,,,,,,,,,,,,,,,,
,,,,,,,,,,,,,,,,,,
,,,,,,,,,,,,,,,,,,
,,,,,,,,,,,,,,,,,,
,,,,,,,,,,,,,,,,,,
,,,,,,,,,,,,,,,,,,
,,,,,,,,,,,,,,,,,,
,,,,,,,,,,,,,,,,,,
,,,,,,,,,,,,,,,,,,
,,,,,,,,,,,,,,,,,,
,,,,,,,,,,,,,,,,,,
,,,,,,,,,,,,,,,,,,
,,,,,,,,,,,,,,,,,,
,,,,,,,,,,,,,,,,,,
,,,,,,,,,,,,,,,,,,
,,,,,,,,,,,,,,,,,,
,,,,,,,,,,,,,,,,,,
,,,,,,,,,,,,,,,,,,
,,,,,,,,,,,,,,,,,,
,,,,,,,,,,,,,,,,,,
,,,,,,,,,,,,,,,,,,
,,,,,,,,,,,,,,,,,,
,,,,,,,,,,,,,,,,,,
,,,,,,,,,,,,,,,,,,
,,,,,,,,,,,,,,,,,,
,,,,,,,,,,,,,,,,,,
,,,,,,,,,,,,,,,,,,
,,,,,,,,,,,,,,,,,,
,,,,,,,,,,,,,,,,,,
,,,,,,,,,,,,,,,,,,
,,,,,,,,,,,,,,,,,,
,,,,,,,,,,,,,,,,,,
,,,,,,,,,,,,,,,,,,
,,,,,,,,,,,,,,,,,,
,,,,,,,,,,,,,,,,,,
,,,,,,,,,,,,,,,,,,
,,,,,,,,,,,,,,,,,,
,,,,,,,,,,,,,,,,,,
,,,,,,,,,,,,,,,,,,
,,,,,,,,,,,,,,,,,,
,,,,,,,,,,,,,,,,,,
,,,,,,,,,,,,,,,,,,
,,,,,,,,,,,,,,,,,,
,,,,,,,,,,,,,,,,,,
,,,,,,,,,,,,,,,,,,
,,,,,,,,,,,,,,,,,,
,,,,,,,,,,,,,,,,,,
,,,,,,,,,,,,,,,,,,
,,,,,,,,,,,,,,,,,,
,,,,,,,,,,,,,,,,,,
,,,,,,,,,,,,,,,,,,
,,,,,,,,,,,,,,,,,,
,,,,,,,,,,,,,,,,,,
,,,,,,,,,,,,,,,,,,
,,,,,,,,,,,,,,,,,,
,,,,,,,,,,,,,,,,,,
,,,,,,,,,,,,,,,,,,
,,,,,,,,,,,,,,,,,,
,,,,,,,,,,,,,,,,,,
,,,,,,,,,,,,,,,,,,
,,,,,,,,,,,,,,,,,,
,,,,,,,,,,,,,,,,,,
,,,,,,,,,,,,,,,,,,
,,,,,,,,,,,,,,,,,,
,,,,,,,,,,,,,,,,,,
,,,,,,,,,,,,,,,,,,
,,,,,,,,,,,,,,,,,,
,,,,,,,,,,,,,,,,,,
,,,,,,,,,,,,,,,,,,
,,,,,,,,,,,,,,,,,,
,,,,,,,,,,,,,,,,,,
,,,,,,,,,,,,,,,,,,
,,,,,,,,,,,,,,,,,,
,,,,,,,,,,,,,,,,,,
,,,,,,,,,,,,,,,,,,
,,,,,,,,,,,,,,,,,,
,,,,,,,,,,,,,,,,,,
,,,,,,,,,,,,,,,,,,
,,,,,,,,,,,,,,,,,,
,,,,,,,,,,,,,,,,,,
,,,,,,,,,,,,,,,,,,
,,,,,,,,,,,,,,,,,,
,,,,,,,,,,,,,,,,,,
,,,,,,,,,,,,,,,,,,
,,,,,,,,,,,,,,,,,,
,,,,,,,,,,,,,,,,,,
,,,,,,,,,,,,,,,,,,
,,,,,,,,,,,,,,,,,,
,,,,,,,,,,,,,,,,,,
,,,,,,,,,,,,,,,,,,
,,,,,,,,,,,,,,,,,,
,,,,,,,,,,,,,,,,,,
,,,,,,,,,,,,,,,,,,
,,,,,,,,,,,,,,,,,,
,,,,,,,,,,,,,,,,,,
,,,,,,,,,,,,,,,,,,
,,,,,,,,,,,,,,,,,,
,,,,,,,,,,,,,,,,,,
,,,,,,,,,,,,,,,,,,
,,,,,,,,,,,,,,,,,,
,,,,,,,,,,,,,,,,,,
,,,,,,,,,,,,,,,,,,
,,,,,,,,,,,,,,,,,,
,,,,,,,,,,,,,,,,,,
,,,,,,,,,,,,,,,,,,
,,,,,,,,,,,,,,,,,,
,,,,,,,,,,,,,,,,,,
,,,,,,,,,,,,,,,,,,
,,,,,,,,,,,,,,,,,,
,,,,,,,,,,,,,,,,,,
,,,,,,,,,,,,,,,,,,
,,,,,,,,,,,,,,,,,,
,,,,,,,,,,,,,,,,,,
,,,,,,,,,,,,,,,,,,
,,,,,,,,,,,,,,,,,,
,,,,,,,,,,,,,,,,,,
,,,,,,,,,,,,,,,,,,
,,,,,,,,,,,,,,,,,,
,,,,,,,,,,,,,,,,,,
,,,,,,,,,,,,,,,,,,
,,,,,,,,,,,,,,,,,,
,,,,,,,,,,,,,,,,,,
,,,,,,,,,,,,,,,,,,
,,,,,,,,,,,,,,,,,,
,,,,,,,,,,,,,,,,,,
,,,,,,,,,,,,,,,,,,
,,,,,,,,,,,,,,,,,,
,,,,,,,,,,,,,,,,,,
,,,,,,,,,,,,,,,,,,
,,,,,,,,,,,,,,,,,,
,,,,,,,,,,,,,,,,,,
,,,,,,,,,,,,,,,,,,
,,,,,,,,,,,,,,,,,,
,,,,,,,,,,,,,,,,,,
,,,,,,,,,,,,,,,,,,
,,,,,,,,,,,,,,,,,,
,,,,,,,,,,,,,,,,,,
,,,,,,,,,,,,,,,,,,
,,,,,,,,,,,,,,,,,,
,,,,,,,,,,,,,,,,,,
,,,,,,,,,,,,,,,,,,
,,,,,,,,,,,,,,,,,,
,,,,,,,,,,,,,,,,,,
,,,,,,,,,,,,,,,,,,
,,,,,,,,,,,,,,,,,,
,,,,,,,,,,,,,,,,,,
,,,,,,,,,,,,,,,,,,
,,,,,,,,,,,,,,,,,,
,,,,,,,,,,,,,,,,,,
,,,,,,,,,,,,,,,,,,
,,,,,,,,,,,,,,,,,,
,,,,,,,,,,,,,,,,,,
,,,,,,,,,,,,,,,,,,
,,,,,,,,,,,,,,,,,,
,,,,,,,,,,,,,,,,,,
,,,,,,,,,,,,,,,,,,
,,,,,,,,,,,,,,,,,,
,,,,,,,,,,,,,,,,,,
,,,,,,,,,,,,,,,,,,
,,,,,,,,,,,,,,,,,,
,,,,,,,,,,,,,,,,,,
,,,,,,,,,,,,,,,,,,
,,,,,,,,,,,,,,,,,,
,,,,,,,,,,,,,,,,,,
,,,,,,,,,,,,,,,,,,
,,,,,,,,,,,,,,,,,,
,,,,,,,,,,,,,,,,,,
,,,,,,,,,,,,,,,,,,
,,,,,,,,,,,,,,,,,,
,,,,,,,,,,,,,,,,,,
,,,,,,,,,,,,,,,,,,
,,,,,,,,,,,,,,,,,,
,,,,,,,,,,,,,,,,,,
,,,,,,,,,,,,,,,,,,
,,,,,,,,,,,,,,,,,,
,,,,,,,,,,,,,,,,,,
,,,,,,,,,,,,,,,,,,
,,,,,,,,,,,,,,,,,,
,,,,,,,,,,,,,,,,,,
,,,,,,,,,,,,,,,,,,
,,,,,,,,,,,,,,,,,,
,,,,,,,,,,,,,,,,,,
,,,,,,,,,,,,,,,,,,
,,,,,,,,,,,,,,,,,,
,,,,,,,,,,,,,,,,,,
,,,,,,,,,,,,,,,,,,
,,,,,,,,,,,,,,,,,,
,,,,,,,,,,,,,,,,,,
,,,,,,,,,,,,,,,,,,
,,,,,,,,,,,,,,,,,,
,,,,,,,,,,,,,,,,,,
,,,,,,,,,,,,,,,,,,
,,,,,,,,,,,,,,,,,,
,,,,,,,,,,,,,,,,,,
,,,,,,,,,,,,,,,,,,
,,,,,,,,,,,,,,,,,,
,,,,,,,,,,,,,,,,,,
,,,,,,,,,,,,,,,,,,
,,,,,,,,,,,,,,,,,,
,,,,,,,,,,,,,,,,,,
,,,,,,,,,,,,,,,,,,
,,,,,,,,,,,,,,,,,,
,,,,,,,,,,,,,,,,,,
,,,,,,,,,,,,,,,,,,
,,,,,,,,,,,,,,,,,,
,,,,,,,,,,,,,,,,,,
,,,,,,,,,,,,,,,,,,
,,,,,,,,,,,,,,,,,,
,,,,,,,,,,,,,,,,,,
,,,,,,,,,,,,,,,,,,
,,,,,,,,,,,,,,,,,,
,,,,,,,,,,,,,,,,,,
,,,,,,,,,,,,,,,,,,
,,,,,,,,,,,,,,,,,,
,,,,,,,,,,,,,,,,,,
,,,,,,,,,,,,,,,,,,
,,,,,,,,,,,,,,,,,,
,,,,,,,,,,,,,,,,,,
,,,,,,,,,,,,,,,,,,
,,,,,,,,,,,,,,,,,,
,,,,,,,,,,,,,,,,,,
,,,,,,,,,,,,,,,,,,
,,,,,,,,,,,,,,,,,,
,,,,,,,,,,,,,,,,,,
,,,,,,,,,,,,,,,,,,
,,,,,,,,,,,,,,,,,,
,,,,,,,,,,,,,,,,,,
,,,,,,,,,,,,,,,,,,
,,,,,,,,,,,,,,,,,,
,,,,,,,,,,,,,,,,,,
,,,,,,,,,,,,,,,,,,
,,,,,,,,,,,,,,,,,,
,,,,,,,,,,,,,,,,,,
,,,,,,,,,,,,,,,,,,
,,,,,,,,,,,,,,,,,,
,,,,,,,,,,,,,,,,,,
,,,,,,,,,,,,,,,,,,
,,,,,,,,,,,,,,,,,,
,,,,,,,,,,,,,,,,,,
,,,,,,,,,,,,,,,,,,
,,,,,,,,,,,,,,,,,,
,,,,,,,,,,,,,,,,,,
,,,,,,,,,,,,,,,,,,
,,,,,,,,,,,,,,,,,,
,,,,,,,,,,,,,,,,,,
,,,,,,,,,,,,,,,,,,
,,,,,,,,,,,,,,,,,,
,,,,,,,,,,,,,,,,,,
,,,,,,,,,,,,,,,,,,
,,,,,,,,,,,,,,,,,,
,,,,,,,,,,,,,,,,,,
,,,,,,,,,,,,,,,,,,
,,,,,,,,,,,,,,,,,,
,,,,,,,,,,,,,,,,,,
,,,,,,,,,,,,,,,,,,
,,,,,,,,,,,,,,,,,,
,,,,,,,,,,,,,,,,,,
,,,,,,,,,,,,,,,,,,
,,,,,,,,,,,,,,,,,,
,,,,,,,,,,,,,,,,,,
,,,,,,,,,,,,,,,,,,
,,,,,,,,,,,,,,,,,,
,,,,,,,,,,,,,,,,,,
,,,,,,,,,,,,,,,,,,
,,,,,,,,,,,,,,,,,,
,,,,,,,,,,,,,,,,,,
,,,,,,,,,,,,,,,,,,
,,,,,,,,,,,,,,,,,,
,,,,,,,,,,,,,,,,,,
,,,,,,,,,,,,,,,,,,
,,,,,,,,,,,,,,,,,,
,,,,,,,,,,,,,,,,,,
,,,,,,,,,,,,,,,,,,
,,,,,,,,,,,,,,,,,,
,,,,,,,,,,,,,,,,,,
,,,,,,,,,,,,,,,,,,
,,,,,,,,,,,,,,,,,,
,,,,,,,,,,,,,,,,,,
,,,,,,,,,,,,,,,,,,
,,,,,,,,,,,,,,,,,,
,,,,,,,,,,,,,,,,,,
,,,,,,,,,,,,,,,,,,
,,,,,,,,,,,,,,,,,,
,,,,,,,,,,,,,,,,,,
,,,,,,,,,,,,,,,,,,
,,,,,,,,,,,,,,,,,,
,,,,,,,,,,,,,,,,,,
,,,,,,,,,,,,,,,,,,
,,,,,,,,,,,,,,,,,,
,,,,,,,,,,,,,,,,,,
,,,,,,,,,,,,,,,,,,
,,,,,,,,,,,,,,,,,,
,,,,,,,,,,,,,,,,,,
,,,,,,,,,,,,,,,,,,
,,,,,,,,,,,,,,,,,,
,,,,,,,,,,,,,,,,,,
,,,,,,,,,,,,,,,,,,
,,,,,,,,,,,,,,,,,,
,,,,,,,,,,,,,,,,,,
,,,,,,,,,,,,,,,,,,
,,,,,,,,,,,,,,,,,,
,,,,,,,,,,,,,,,,,,
,,,,,,,,,,,,,,,,,,
,,,,,,,,,,,,,,,,,,
,,,,,,,,,,,,,,,,,,
,,,,,,,,,,,,,,,,,,
,,,,,,,,,,,,,,,,,,
,,,,,,,,,,,,,,,,,,
,,,,,,,,,,,,,,,,,,
,,,,,,,,,,,,,,,,,,
,,,,,,,,,,,,,,,,,,
,,,,,,,,,,,,,,,,,,
,,,,,,,,,,,,,,,,,,
,,,,,,,,,,,,,,,,,,
,,,,,,,,,,,,,,,,,,
,,,,,,,,,,,,,,,,,,
,,,,,,,,,,,,,,,,,,
,,,,,,,,,,,,,,,,,,
,,,,,,,,,,,,,,,,,,
,,,,,,,,,,,,,,,,,,
,,,,,,,,,,,,,,,,,,
,,,,,,,,,,,,,,,,,,
,,,,,,,,,,,,,,,,,,
,,,,,,,,,,,,,,,,,,
,,,,,,,,,,,,,,,,,,
,,,,,,,,,,,,,,,,,,
,,,,,,,,,,,,,,,,,,
,,,,,,,,,,,,,,,,,,
,,,,,,,,,,,,,,,,,,
,,,,,,,,,,,,,,,,,,
,,,,,,,,,,,,,,,,,,
,,,,,,,,,,,,,,,,,,
,,,,,,,,,,,,,,,,,,
,,,,,,,,,,,,,,,,,,
,,,,,,,,,,,,,,,,,,
,,,,,,,,,,,,,,,,,,
,,,,,,,,,,,,,,,,,,
,,,,,,,,,,,,,,,,,,
,,,,,,,,,,,,,,,,,,
,,,,,,,,,,,,,,,,,,
,,,,,,,,,,,,,,,,,,
,,,,,,,,,,,,,,,,,,
,,,,,,,,,,,,,,,,,,
,,,,,,,,,,,,,,,,,,
,,,,,,,,,,,,,,,,,,
,,,,,,,,,,,,,,,,,,
,,,,,,,,,,,,,,,,,,
,,,,,,,,,,,,,,,,,,
,,,,,,,,,,,,,,,,,,
,,,,,,,,,,,,,,,,,,
,,,,,,,,,,,,,,,,,,
,,,,,,,,,,,,,,,,,,
,,,,,,,,,,,,,,,,,,
,,,,,,,,,,,,,,,,,,
,,,,,,,,,,,,,,,,,,
,,,,,,,,,,,,,,,,,,
,,,,,,,,,,,,,,,,,,
,,,,,,,,,,,,,,,,,,
,,,,,,,,,,,,,,,,,,
,,,,,,,,,,,,,,,,,,
,,,,,,,,,,,,,,,,,,
,,,,,,,,,,,,,,,,,,
,,,,,,,,,,,,,,,,,,
,,,,,,,,,,,,,,,,,,
,,,,,,,,,,,,,,,,,,
,,,,,,,,,,,,,,,,,,
,,,,,,,,,,,,,,,,,,
,,,,,,,,,,,,,,,,,,
,,,,,,,,,,,,,,,,,,
,,,,,,,,,,,,,,,,,,
,,,,,,,,,,,,,,,,,,
,,,,,,,,,,,,,,,,,,
,,,,,,,,,,,,,,,,,,
,,,,,,,,,,,,,,,,,,
,,,,,,,,,,,,,,,,,,
,,,,,,,,,,,,,,,,,,
,,,,,,,,,,,,,,,,,,
,,,,,,,,,,,,,,,,,,
,,,,,,,,,,,,,,,,,,
,,,,,,,,,,,,,,,,,,
,,,,,,,,,,,,,,,,,,
,,,,,,,,,,,,,,,,,,
,,,,,,,,,,,,,,,,,,
,,,,,,,,,,,,,,,,,,
,,,,,,,,,,,,,,,,,,
,,,,,,,,,,,,,,,,,,
,,,,,,,,,,,,,,,,,,
,,,,,,,,,,,,,,,,,,
,,,,,,,,,,,,,,,,,,
,,,,,,,,,,,,,,,,,,
,,,,,,,,,,,,,,,,,,
,,,,,,,,,,,,,,,,,,
,,,,,,,,,,,,,,,,,,
,,,,,,,,,,,,,,,,,,
,,,,,,,,,,,,,,,,,,
,,,,,,,,,,,,,,,,,,
,,,,,,,,,,,,,,,,,,
,,,,,,,,,,,,,,,,,,
,,,,,,,,,,,,,,,,,,
,,,,,,,,,,,,,,,,,,
,,,,,,,,,,,,,,,,,,
,,,,,,,,,,,,,,,,,,
,,,,,,,,,,,,,,,,,,
,,,,,,,,,,,,,,,,,,
,,,,,,,,,,,,,,,,,,
,,,,,,,,,,,,,,,,,,
,,,,,,,,,,,,,,,,,,
,,,,,,,,,,,,,,,,,,
,,,,,,,,,,,,,,,,,,
,,,,,,,,,,,,,,,,,,
,,,,,,,,,,,,,,,,,,
,,,,,,,,,,,,,,,,,,
,,,,,,,,,,,,,,,,,,
,,,,,,,,,,,,,,,,,,
,,,,,,,,,,,,,,,,,,
,,,,,,,,,,,,,,,,,,
,,,,,,,,,,,,,,,,,,
,,,,,,,,,,,,,,,,,,
,,,,,,,,,,,,,,,,,,
,,,,,,,,,,,,,,,,,,
,,,,,,,,,,,,,,,,,,
,,,,,,,,,,,,,,,,,,
,,,,,,,,,,,,,,,,,,
,,,,,,,,,,,,,,,,,,
,,,,,,,,,,,,,,,,,,
,,,,,,,,,,,,,,,,,,
,,,,,,,,,,,,,,,,,,
,,,,,,,,,,,,,,,,,,
,,,,,,,,,,,,,,,,,,
,,,,,,,,,,,,,,,,,,
,,,,,,,,,,,,,,,,,,
,,,,,,,,,,,,,,,,,,
,,,,,,,,,,,,,,,,,,
,,,,,,,,,,,,,,,,,,
,,,,,,,,,,,,,,,,,,
,,,,,,,,,,,,,,,,,,
,,,,,,,,,,,,,,,,,,
,,,,,,,,,,,,,,,,,,
,,,,,,,,,,,,,,,,,,
,,,,,,,,,,,,,,,,,,
,,,,,,,,,,,,,,,,,,
,,,,,,,,,,,,,,,,,,
,,,,,,,,,,,,,,,,,,
,,,,,,,,,,,,,,,,,,
,,,,,,,,,,,,,,,,,,
,,,,,,,,,,,,,,,,,,
,,,,,,,,,,,,,,,,,,
,,,,,,,,,,,,,,,,,,
,,,,,,,,,,,,,,,,,,
,,,,,,,,,,,,,,,,,,
,,,,,,,,,,,,,,,,,,
,,,,,,,,,,,,,,,,,,
,,,,,,,,,,,,,,,,,,
,,,,,,,,,,,,,,,,,,
,,,,,,,,,,,,,,,,,,
,,,,,,,,,,,,,,,,,,
,,,,,,,,,,,,,,,,,,
,,,,,,,,,,,,,,,,,,
,,,,,,,,,,,,,,,,,,
,,,,,,,,,,,,,,,,,,
,,,,,,,,,,,,,,,,,,
,,,,,,,,,,,,,,,,,,
,,,,,,,,,,,,,,,,,,
,,,,,,,,,,,,,,,,,,
,,,,,,,,,,,,,,,,,,
,,,,,,,,,,,,,,,,,,
,,,,,,,,,,,,,,,,,,
,,,,,,,,,,,,,,,,,,
,,,,,,,,,,,,,,,,,,
,,,,,,,,,,,,,,,,,,
,,,,,,,,,,,,,,,,,,
,,,,,,,,,,,,,,,,,,
,,,,,,,,,,,,,,,,,,
,,,,,,,,,,,,,,,,,,
,,,,,,,,,,,,,,,,,,
,,,,,,,,,,,,,,,,,,
,,,,,,,,,,,,,,,,,,
,,,,,,,,,,,,,,,,,,
,,,,,,,,,,,,,,,,,,
,,,,,,,,,,,,,,,,,,
,,,,,,,,,,,,,,,,,,
,,,,,,,,,,,,,,,,,,
,,,,,,,,,,,,,,,,,,
,,,,,,,,,,,,,,,,,,
,,,,,,,,,,,,,,,,,,
,,,,,,,,,,,,,,,,,,
,,,,,,,,,,,,,,,,,,
,,,,,,,,,,,,,,,,,,
,,,,,,,,,,,,,,,,,,
,,,,,,,,,,,,,,,,,,
,,,,,,,,,,,,,,,,,,
,,,,,,,,,,,,,,,,,,
,,,,,,,,,,,,,,,,,,
,,,,,,,,,,,,,,,,,,
,,,,,,,,,,,,,,,,,,
,,,,,,,,,,,,,,,,,,
,,,,,,,,,,,,,,,,,,
,,,,,,,,,,,,,,,,,,
,,,,,,,,,,,,,,,,,,
,,,,,,,,,,,,,,,,,,
,,,,,,,,,,,,,,,,,,
,,,,,,,,,,,,,,,,,,
,,,,,,,,,,,,,,,,,,
,,,,,,,,,,,,,,,,,,
,,,,,,,,,,,,,,,,,,
,,,,,,,,,,,,,,,,,,
,,,,,,,,,,,,,,,,,,
,,,,,,,,,,,,,,,,,,
,,,,,,,,,,,,,,,,,,
,,,,,,,,,,,,,,,,,,
,,,,,,,,,,,,,,,,,,
,,,,,,,,,,,,,,,,,,
,,,,,,,,,,,,,,,,,,
,,,,,,,,,,,,,,,,,,
,,,,,,,,,,,,,,,,,,
,,,,,,,,,,,,,,,,,,
,,,,,,,,,,,,,,,,,,
,,,,,,,,,,,,,,,,,,
,,,,,,,,,,,,,,,,,,
,,,,,,,,,,,,,,,,,,
,,,,,,,,,,,,,,,,,,
,,,,,,,,,,,,,,,,,,
,,,,,,,,,,,,,,,,,,
,,,,,,,,,,,,,,,,,,
,,,,,,,,,,,,,,,,,,
,,,,,,,,,,,,,,,,,,
,,,,,,,,,,,,,,,,,,
,,,,,,,,,,,,,,,,,,
,,,,,,,,,,,,,,,,,,
,,,,,,,,,,,,,,,,,,
,,,,,,,,,,,,,,,,,,
,,,,,,,,,,,,,,,,,,
,,,,,,,,,,,,,,,,,,
,,,,,,,,,,,,,,,,,,
,,,,,,,,,,,,,,,,,,
,,,,,,,,,,,,,,,,,,
,,,,,,,,,,,,,,,,,,
,,,,,,,,,,,,,,,,,,
,,,,,,,,,,,,,,,,,,
,,,,,,,,,,,,,,,,,,
,,,,,,,,,,,,,,,,,,
,,,,,,,,,,,,,,,,,,
,,,,,,,,,,,,,,,,,,
,,,,,,,,,,,,,,,,,,
,,,,,,,,,,,,,,,,,,
,,,,,,,,,,,,,,,,,,
,,,,,,,,,,,,,,,,,,
,,,,,,,,,,,,,,,,,,
,,,,,,,,,,,,,,,,,,
,,,,,,,,,,,,,,,,,,
,,,,,,,,,,,,,,,,,,
,,,,,,,,,,,,,,,,,,
,,,,,,,,,,,,,,,,,,
,,,,,,,,,,,,,,,,,,
,,,,,,,,,,,,,,,,,,
,,,,,,,,,,,,,,,,,,
,,,,,,,,,,,,,,,,,,
,,,,,,,,,,,,,,,,,,
,,,,,,,,,,,,,,,,,,
,,,,,,,,,,,,,,,,,,
,,,,,,,,,,,,,,,,,,
,,,,,,,,,,,,,,,,,,
,,,,,,,,,,,,,,,,,,
,,,,,,,,,,,,,,,,,,
,,,,,,,,,,,,,,,,,,
,,,,,,,,,,,,,,,,,,
,,,,,,,,,,,,,,,,,,
,,,,,,,,,,,,,,,,,,
,,,,,,,,,,,,,,,,,,
,,,,,,,,,,,,,,,,,,
,,,,,,,,,,,,,,,,,,
,,,,,,,,,,,,,,,,,,
,,,,,,,,,,,,,,,,,,
,,,,,,,,,,,,,,,,,,
,,,,,,,,,,,,,,,,,,
,,,,,,,,,,,,,,,,,,
,,,,,,,,,,,,,,,,,,
,,,,,,,,,,,,,,,,,,
,,,,,,,,,,,,,,,,,,
,,,,,,,,,,,,,,,,,,
,,,,,,,,,,,,,,,,,,
,,,,,,,,,,,,,,,,,,
,,,,,,,,,,,,,,,,,,
,,,,,,,,,,,,,,,,,,
,,,,,,,,,,,,,,,,,,
,,,,,,,,,,,,,,,,,,
,,,,,,,,,,,,,,,,,,
,,,,,,,,,,,,,,,,,,
,,,,,,,,,,,,,,,,,,
,,,,,,,,,,,,,,,,,,
,,,,,,,,,,,,,,,,,,
,,,,,,,,,,,,,,,,,,
,,,,,,,,,,,,,,,,,,
,,,,,,,,,,,,,,,,,,
,,,,,,,,,,,,,,,,,,
,,,,,,,,,,,,,,,,,,
,,,,,,,,,,,,,,,,,,
,,,,,,,,,,,,,,,,,,
,,,,,,,,,,,,,,,,,,
,,,,,,,,,,,,,,,,,,
,,,,,,,,,,,,,,,,,,
,,,,,,,,,,,,,,,,,,
,,,,,,,,,,,,,,,,,,
,,,,,,,,,,,,,,,,,,
,,,,,,,,,,,,,,,,,,
,,,,,,,,,,,,,,,,,,
,,,,,,,,,,,,,,,,,,
,,,,,,,,,,,,,,,,,,
,,,,,,,,,,,,,,,,,,
,,,,,,,,,,,,,,,,,,
,,,,,,,,,,,,,,,,,,
,,,,,,,,,,,,,,,,,,
,,,,,,,,,,,,,,,,,,
,,,,,,,,,,,,,,,,,,
,,,,,,,,,,,,,,,,,,
,,,,,,,,,,,,,,,,,,
,,,,,,,,,,,,,,,,,,
,,,,,,,,,,,,,,,,,,
,,,,,,,,,,,,,,,,,,
,,,,,,,,,,,,,,,,,,
,,,,,,,,,,,,,,,,,,
,,,,,,,,,,,,,,,,,,
,,,,,,,,,,,,,,,,,,
,,,,,,,,,,,,,,,,,,
,,,,,,,,,,,,,,,,,,
,,,,,,,,,,,,,,,,,,
,,,,,,,,,,,,,,,,,,
,,,,,,,,,,,,,,,,,,
,,,,,,,,,,,,,,,,,,
,,,,,,,,,,,,,,,,,,
,,,,,,,,,,,,,,,,,,
,,,,,,,,,,,,,,,,,,
,,,,,,,,,,,,,,,,,,
,,,,,,,,,,,,,,,,,,
,,,,,,,,,,,,,,,,,,
,,,,,,,,,,,,,,,,,,
,,,,,,,,,,,,,,,,,,
,,,,,,,,,,,,,,,,,,
,,,,,,,,,,,,,,,,,,
,,,,,,,,,,,,,,,,,,
,,,,,,,,,,,,,,,,,,
,,,,,,,,,,,,,,,,,,
,,,,,,,,,,,,,,,,,,
,,,,,,,,,,,,,,,,,,
,,,,,,,,,,,,,,,,,,
,,,,,,,,,,,,,,,,,,
,,,,,,,,,,,,,,,,,,
,,,,,,,,,,,,,,,,,,
,,,,,,,,,,,,,,,,,,
,,,,,,,,,,,,,,,,,,
,,,,,,,,,,,,,,,,,,
,,,,,,,,,,,,,,,,,,
,,,,,,,,,,,,,,,,,,
,,,,,,,,,,,,,,,,,,
,,,,,,,,,,,,,,,,,,
,,,,,,,,,,,,,,,,,,
,,,,,,,,,,,,,,,,,,
,,,,,,,,,,,,,,,,,,
,,,,,,,,,,,,,,,,,,
,,,,,,,,,,,,,,,,,,
,,,,,,,,,,,,,,,,,,
,,,,,,,,,,,,,,,,,,
,,,,,,,,,,,,,,,,,,
,,,,,,,,,,,,,,,,,,
,,,,,,,,,,,,,,,,,,
,,,,,,,,,,,,,,,,,,
,,,,,,,,,,,,,,,,,,
,,,,,,,,,,,,,,,,,,
,,,,,,,,,,,,,,,,,,
,,,,,,,,,,,,,,,,,,
,,,,,,,,,,,,,,,,,,
,,,,,,,,,,,,,,,,,,
,,,,,,,,,,,,,,,,,,
,,,,,,,,,,,,,,,,,,
,,,,,,,,,,,,,,,,,,
,,,,,,,,,,,,,,,,,,
,,,,,,,,,,,,,,,,,,
,,,,,,,,,,,,,,,,,,
,,,,,,,,,,,,,,,,,,
,,,,,,,,,,,,,,,,,,
,,,,,,,,,,,,,,,,,,
,,,,,,,,,,,,,,,,,,
,,,,,,,,,,,,,,,,,,
,,,,,,,,,,,,,,,,,,
,,,,,,,,,,,,,,,,,,
,,,,,,,,,,,,,,,,,,
,,,,,,,,,,,,,,,,,,
,,,,,,,,,,,,,,,,,,
,,,,,,,,,,,,,,,,,,
,,,,,,,,,,,,,,,,,,
,,,,,,,,,,,,,,,,,,
,,,,,,,,,,,,,,,,,,
,,,,,,,,,,,,,,,,,,
,,,,,,,,,,,,,,,,,,
,,,,,,,,,,,,,,,,,,
,,,,,,,,,,,,,,,,,,
,,,,,,,,,,,,,,,,,,
,,,,,,,,,,,,,,,,,,
,,,,,,,,,,,,,,,,,,
,,,,,,,,,,,,,,,,,,
,,,,,,,,,,,,,,,,,,
,,,,,,,,,,,,,,,,,,
,,,,,,,,,,,,,,,,,,
,,,,,,,,,,,,,,,,,,
,,,,,,,,,,,,,,,,,,
,,,,,,,,,,,,,,,,,,
,,,,,,,,,,,,,,,,,,
,,,,,,,,,,,,,,,,,,
,,,,,,,,,,,,,,,,,,
,,,,,,,,,,,,,,,,,,
,,,,,,,,,,,,,,,,,,
,,,,,,,,,,,,,,,,,,
,,,,,,,,,,,,,,,,,,
,,,,,,,,,,,,,,,,,,
,,,,,,,,,,,,,,,,,,
,,,,,,,,,,,,,,,,,,
,,,,,,,,,,,,,,,,,,
,,,,,,,,,,,,,,,,,,
,,,,,,,,,,,,,,,,,,
,,,,,,,,,,,,,,,,,,
,,,,,,,,,,,,,,,,,,
,,,,,,,,,,,,,,,,,,
,,,,,,,,,,,,,,,,,,
,,,,,,,,,,,,,,,,,,
,,,,,,,,,,,,,,,,,,
,,,,,,,,,,,,,,,,,,
,,,,,,,,,,,,,,,,,,
,,,,,,,,,,,,,,,,,,
,,,,,,,,,,,,,,,,,,
,,,,,,,,,,,,,,,,,,
,,,,,,,,,,,,,,,,,,
,,,,,,,,,,,,,,,,,,
,,,,,,,,,,,,,,,,,,
,,,,,,,,,,,,,,,,,,
,,,,,,,,,,,,,,,,,,
,,,,,,,,,,,,,,,,,,
,,,,,,,,,,,,,,,,,,
,,,,,,,,,,,,,,,,,,
,,,,,,,,,,,,,,,,,,
,,,,,,,,,,,,,,,,,,
,,,,,,,,,,,,,,,,,,
,,,,,,,,,,,,,,,,,,
,,,,,,,,,,,,,,,,,,
,,,,,,,,,,,,,,,,,,
,,,,,,,,,,,,,,,,,,
,,,,,,,,,,,,,,,,,,
,,,,,,,,,,,,,,,,,,
,,,,,,,,,,,,,,,,,,
,,,,,,,,,,,,,,,,,,
,,,,,,,,,,,,,,,,,,
,,,,,,,,,,,,,,,,,,
,,,,,,,,,,,,,,,,,,
,,,,,,,,,,,,,,,,,,
,,,,,,,,,,,,,,,,,,
,,,,,,,,,,,,,,,,,,
,,,,,,,,,,,,,,,,,,
,,,,,,,,,,,,,,,,,,
,,,,,,,,,,,,,,,,,,
,,,,,,,,,,,,,,,,,,
,,,,,,,,,,,,,,,,,,
,,,,,,,,,,,,,,,,,,
,,,,,,,,,,,,,,,,,,
,,,,,,,,,,,,,,,,,,
,,,,,,,,,,,,,,,,,,
,,,,,,,,,,,,,,,,,,
,,,,,,,,,,,,,,,,,,
,,,,,,,,,,,,,,,,,,
,,,,,,,,,,,,,,,,,,
,,,,,,,,,,,,,,,,,,
,,,,,,,,,,,,,,,,,,
,,,,,,,,,,,,,,,,,,
,,,,,,,,,,,,,,,,,,
,,,,,,,,,,,,,,,,,,
,,,,,,,,,,,,,,,,,,
,,,,,,,,,,,,,,,,,,
,,,,,,,,,,,,,,,,,,
,,,,,,,,,,,,,,,,,,
,,,,,,,,,,,,,,,,,,
,,,,,,,,,,,,,,,,,,
,,,,,,,,,,,,,,,,,,
,,,,,,,,,,,,,,,,,,
,,,,,,,,,,,,,,,,,,
,,,,,,,,,,,,,,,,,,
,,,,,,,,,,,,,,,,,,
,,,,,,,,,,,,,,,,,,
,,,,,,,,,,,,,,,,,,
,,,,,,,,,,,,,,,,,,
,,,,,,,,,,,,,,,,,,
,,,,,,,,,,,,,,,,,,
,,,,,,,,,,,,,,,,,,
,,,,,,,,,,,,,,,,,,
,,,,,,,,,,,,,,,,,,
,,,,,,,,,,,,,,,,,,
,,,,,,,,,,,,,,,,,,
,,,,,,,,,,,,,,,,,,
,,,,,,,,,,,,,,,,,,
,,,,,,,,,,,,,,,,,,
,,,,,,,,,,,,,,,,,,
,,,,,,,,,,,,,,,,,,
,,,,,,,,,,,,,,,,,,
,,,,,,,,,,,,,,,,,,
,,,,,,,,,,,,,,,,,,
,,,,,,,,,,,,,,,,,,
,,,,,,,,,,,,,,,,,,
,,,,,,,,,,,,,,,,,,
,,,,,,,,,,,,,,,,,,
,,,,,,,,,,,,,,,,,,
,,,,,,,,,,,,,,,,,,
,,,,,,,,,,,,,,,,,,
,,,,,,,,,,,,,,,,,,
,,,,,,,,,,,,,,,,,,
,,,,,,,,,,,,,,,,,,
,,,,,,,,,,,,,,,,,,
,,,,,,,,,,,,,,,,,,
,,,,,,,,,,,,,,,,,,
,,,,,,,,,,,,,,,,,,
,,,,,,,,,,,,,,,,,,
,,,,,,,,,,,,,,,,,,
,,,,,,,,,,,,,,,,,,
,,,,,,,,,,,,,,,,,,
,,,,,,,,,,,,,,,,,,
,,,,,,,,,,,,,,,,,,
,,,,,,,,,,,,,,,,,,
,,,,,,,,,,,,,,,,,,
,,,,,,,,,,,,,,,,,,
,,,,,,,,,,,,,,,,,,
,,,,,,,,,,,,,,,,,,
,,,,,,,,,,,,,,,,,,
,,,,,,,,,,,,,,,,,,
,,,,,,,,,,,,,,,,,,
,,,,,,,,,,,,,,,,,,
,,,,,,,,,,,,,,,,,,
,,,,,,,,,,,,,,,,,,
,,,,,,,,,,,,,,,,,,
,,,,,,,,,,,,,,,,,,
,,,,,,,,,,,,,,,,,,
,,,,,,,,,,,,,,,,,,
,,,,,,,,,,,,,,,,,,
,,,,,,,,,,,,,,,,,,
,,,,,,,,,,,,,,,,,,
,,,,,,,,,,,,,,,,,,
,,,,,,,,,,,,,,,,,,
,,,,,,,,,,,,,,,,,,
,,,,,,,,,,,,,,,,,,
,,,,,,,,,,,,,,,,,,
,,,,,,,,,,,,,,,,,,
,,,,,,,,,,,,,,,,,,
,,,,,,,,,,,,,,,,,,
,,,,,,,,,,,,,,,,,,
,,,,,,,,,,,,,,,,,,
,,,,,,,,,,,,,,,,,,
,,,,,,,,,,,,,,,,,,
,,,,,,,,,,,,,,,,,,
,,,,,,,,,,,,,,,,,,
,,,,,,,,,,,,,,,,,,
,,,,,,,,,,,,,,,,,,
,,,,,,,,,,,,,,,,,,
,,,,,,,,,,,,,,,,,,
,,,,,,,,,,,,,,,,,,
,,,,,,,,,,,,,,,,,,
,,,,,,,,,,,,,,,,,,
,,,,,,,,,,,,,,,,,,
,,,,,,,,,,,,,,,,,,
,,,,,,,,,,,,,,,,,,
,,,,,,,,,,,,,,,,,,
,,,,,,,,,,,,,,,,,,
,,,,,,,,,,,,,,,,,,
,,,,,,,,,,,,,,,,,,
,,,,,,,,,,,,,,,,,,
,,,,,,,,,,,,,,,,,,
,,,,,,,,,,,,,,,,,,
,,,,,,,,,,,,,,,,,,
,,,,,,,,,,,,,,,,,,
,,,,,,,,,,,,,,,,,,
,,,,,,,,,,,,,,,,,,
,,,,,,,,,,,,,,,,,,
,,,,,,,,,,,,,,,,,,
,,,,,,,,,,,,,,,,,,
,,,,,,,,,,,,,,,,,,
,,,,,,,,,,,,,,,,,,
,,,,,,,,,,,,,,,,,,
,,,,,,,,,,,,,,,,,,
,,,,,,,,,,,,,,,,,,
,,,,,,,,,,,,,,,,,,
,,,,,,,,,,,,,,,,,,
,,,,,,,,,,,,,,,,,,
,,,,,,,,,,,,,,,,,,
,,,,,,,,,,,,,,,,,,
,,,,,,,,,,,,,,,,,,
,,,,,,,,,,,,,,,,,,
,,,,,,,,,,,,,,,,,,
,,,,,,,,,,,,,,,,,,
,,,,,,,,,,,,,,,,,,
,,,,,,,,,,,,,,,,,,
,,,,,,,,,,,,,,,,,,
,,,,,,,,,,,,,,,,,,
,,,,,,,,,,,,,,,,,,
,,,,,,,,,,,,,,,,,,
,,,,,,,,,,,,,,,,,,
,,,,,,,,,,,,,,,,,,
,,,,,,,,,,,,,,,,,,
,,,,,,,,,,,,,,,,,,
,,,,,,,,,,,,,,,,,,
,,,,,,,,,,,,,,,,,,
,,,,,,,,,,,,,,,,,,
,,,,,,,,,,,,,,,,,,
,,,,,,,,,,,,,,,,,,
,,,,,,,,,,,,,,,,,,
,,,,,,,,,,,,,,,,,,
,,,,,,,,,,,,,,,,,,
,,,,,,,,,,,,,,,,,,
,,,,,,,,,,,,,,,,,,
,,,,,,,,,,,,,,,,,,
,,,,,,,,,,,,,,,,,,
,,,,,,,,,,,,,,,,,,
,,,,,,,,,,,,,,,,,,
,,,,,,,,,,,,,,,,,,
,,,,,,,,,,,,,,,,,,
,,,,,,,,,,,,,,,,,,
,,,,,,,,,,,,,,,,,,
,,,,,,,,,,,,,,,,,,
,,,,,,,,,,,,,,,,,,
,,,,,,,,,,,,,,,,,,
,,,,,,,,,,,,,,,,,,
,,,,,,,,,,,,,,,,,,
,,,,,,,,,,,,,,,,,,
,,,,,,,,,,,,,,,,,,
,,,,,,,,,,,,,,,,,,
,,,,,,,,,,,,,,,,,,
,,,,,,,,,,,,,,,,,,
,,,,,,,,,,,,,,,,,,
,,,,,,,,,,,,,,,,,,
,,,,,,,,,,,,,,,,,,
,,,,,,,,,,,,,,,,,,
,,,,,,,,,,,,,,,,,,
,,,,,,,,,,,,,,,,,,
,,,,,,,,,,,,,,,,,,
,,,,,,,,,,,,,,,,,,
,,,,,,,,,,,,,,,,,,
,,,,,,,,,,,,,,,,,,
,,,,,,,,,,,,,,,,,,
,,,,,,,,,,,,,,,,,,
,,,,,,,,,,,,,,,,,,
,,,,,,,,,,,,,,,,,,
,,,,,,,,,,,,,,,,,,
,,,,,,,,,,,,,,,,,,
,,,,,,,,,,,,,,,,,,
,,,,,,,,,,,,,,,,,,
,,,,,,,,,,,,,,,,,,
,,,,,,,,,,,,,,,,,,
,,,,,,,,,,,,,,,,,,
,,,,,,,,,,,,,,,,,,
,,,,,,,,,,,,,,,,,,
,,,,,,,,,,,,,,,,,,
,,,,,,,,,,,,,,,,,,
,,,,,,,,,,,,,,,,,,
,,,,,,,,,,,,,,,,,,
,,,,,,,,,,,,,,,,,,
,,,,,,,,,,,,,,,,,,
,,,,,,,,,,,,,,,,,,
,,,,,,,,,,,,,,,,,,
,,,,,,,,,,,,,,,,,,
,,,,,,,,,,,,,,,,,,
,,,,,,,,,,,,,,,,,,
,,,,,,,,,,,,,,,,,,
,,,,,,,,,,,,,,,,,,
,,,,,,,,,,,,,,,,,,
,,,,,,,,,,,,,,,,,,
,,,,,,,,,,,,,,,,,,
,,,,,,,,,,,,,,,,,,
,,,,,,,,,,,,,,,,,,
,,,,,,,,,,,,,,,,,,
,,,,,,,,,,,,,,,,,,
,,,,,,,,,,,,,,,,,,
,,,,,,,,,,,,,,,,,,
,,,,,,,,,,,,,,,,,,
,,,,,,,,,,,,,,,,,,
,,,,,,,,,,,,,,,,,,
,,,,,,,,,,,,,,,,,,
,,,,,,,,,,,,,,,,,,
,,,,,,,,,,,,,,,,,,
,,,,,,,,,,,,,,,,,,
,,,,,,,,,,,,,,,,,,
,,,,,,,,,,,,,,,,,,
,,,,,,,,,,,,,,,,,,
,,,,,,,,,,,,,,,,,,
,,,,,,,,,,,,,,,,,,
,,,,,,,,,,,,,,,,,,
,,,,,,,,,,,,,,,,,,
,,,,,,,,,,,,,,,,,,
,,,,,,,,,,,,,,,,,,
,,,,,,,,,,,,,,,,,,
,,,,,,,,,,,,,,,,,,
,,,,,,,,,,,,,,,,,,
,,,,,,,,,,,,,,,,,,
,,,,,,,,,,,,,,,,,,
,,,,,,,,,,,,,,,,,,
,,,,,,,,,,,,,,,,,,
,,,,,,,,,,,,,,,,,,
,,,,,,,,,,,,,,,,,,
,,,,,,,,,,,,,,,,,,
,,,,,,,,,,,,,,,,,,
,,,,,,,,,,,,,,,,,,
,,,,,,,,,,,,,,,,,,
,,,,,,,,,,,,,,,,,,
,,,,,,,,,,,,,,,,,,
,,,,,,,,,,,,,,,,,,
,,,,,,,,,,,,,,,,,,
,,,,,,,,,,,,,,,,,,
,,,,,,,,,,,,,,,,,,
,,,,,,,,,,,,,,,,,,
,,,,,,,,,,,,,,,,,,
,,,,,,,,,,,,,,,,,,
,,,,,,,,,,,,,,,,,,
,,,,,,,,,,,,,,,,,,
,,,,,,,,,,,,,,,,,,
,,,,,,,,,,,,,,,,,,
,,,,,,,,,,,,,,,,,,
,,,,,,,,,,,,,,,,,,
,,,,,,,,,,,,,,,,,,
,,,,,,,,,,,,,,,,,,
,,,,,,,,,,,,,,,,,,
,,,,,,,,,,,,,,,,,,
,,,,,,,,,,,,,,,,,,
,,,,,,,,,,,,,,,,,,
,,,,,,,,,,,,,,,,,,
,,,,,,,,,,,,,,,,,,
,,,,,,,,,,,,,,,,,,
,,,,,,,,,,,,,,,,,,
,,,,,,,,,,,,,,,,,,
,,,,,,,,,,,,,,,,,,
,,,,,,,,,,,,,,,,,,
,,,,,,,,,,,,,,,,,,
,,,,,,,,,,,,,,,,,,
,,,,,,,,,,,,,,,,,,
,,,,,,,,,,,,,,,,,,
,,,,,,,,,,,,,,,,,,
,,,,,,,,,,,,,,,,,,
,,,,,,,,,,,,,,,,,,
,,,,,,,,,,,,,,,,,,
,,,,,,,,,,,,,,,,,,
,,,,,,,,,,,,,,,,,,
,,,,,,,,,,,,,,,,,,
,,,,,,,,,,,,,,,,,,
,,,,,,,,,,,,,,,,,,
,,,,,,,,,,,,,,,,,,
,,,,,,,,,,,,,,,,,,
,,,,,,,,,,,,,,,,,,
,,,,,,,,,,,,,,,,,,
,,,,,,,,,,,,,,,,,,
,,,,,,,,,,,,,,,,,,
,,,,,,,,,,,,,,,,,,
,,,,,,,,,,,,,,,,,,
,,,,,,,,,,,,,,,,,,
,,,,,,,,,,,,,,,,,,
,,,,,,,,,,,,,,,,,,
,,,,,,,,,,,,,,,,,,
,,,,,,,,,,,,,,,,,,
,,,,,,,,,,,,,,,,,,
,,,,,,,,,,,,,,,,,,
,,,,,,,,,,,,,,,,,,
,,,,,,,,,,,,,,,,,,
,,,,,,,,,,,,,,,,,,
,,,,,,,,,,,,,,,,,,
,,,,,,,,,,,,,,,,,,
,,,,,,,,,,,,,,,,,,
,,,,,,,,,,,,,,,,,,
,,,,,,,,,,,,,,,,,,
,,,,,,,,,,,,,,,,,,
,,,,,,,,,,,,,,,,,,
,,,,,,,,,,,,,,,,,,
,,,,,,,,,,,,,,,,,,
,,,,,,,,,,,,,,,,,,
,,,,,,,,,,,,,,,,,,
,,,,,,,,,,,,,,,,,,
,,,,,,,,,,,,,,,,,,
,,,,,,,,,,,,,,,,,,
,,,,,,,,,,,,,,,,,,
,,,,,,,,,,,,,,,,,,
,,,,,,,,,,,,,,,,,,
,,,,,,,,,,,,,,,,,,
,,,,,,,,,,,,,,,,,,
,,,,,,,,,,,,,,,,,,
,,,,,,,,,,,,,,,,,,
,,,,,,,,,,,,,,,,,,
,,,,,,,,,,,,,,,,,,
,,,,,,,,,,,,,,,,,,
,,,,,,,,,,,,,,,,,,
,,,,,,,,,,,,,,,,,,
,,,,,,,,,,,,,,,,,,
,,,,,,,,,,,,,,,,,,
,,,,,,,,,,,,,,,,,,
,,,,,,,,,,,,,,,,,,
,,,,,,,,,,,,,,,,,,
,,,,,,,,,,,,,,,,,,
,,,,,,,,,,,,,,,,,,
,,,,,,,,,,,,,,,,,,
,,,,,,,,,,,,,,,,,,
,,,,,,,,,,,,,,,,,,
,,,,,,,,,,,,,,,,,,
,,,,,,,,,,,,,,,,,,
,,,,,,,,,,,,,,,,,,
,,,,,,,,,,,,,,,,,,
,,,,,,,,,,,,,,,,,,
,,,,,,,,,,,,,,,,,,
,,,,,,,,,,,,,,,,,,
,,,,,,,,,,,,,,,,,,
,,,,,,,,,,,,,,,,,,
,,,,,,,,,,,,,,,,,,
,,,,,,,,,,,,,,,,,,
,,,,,,,,,,,,,,,,,,
,,,,,,,,,,,,,,,,,,
,,,,,,,,,,,,,,,,,,
,,,,,,,,,,,,,,,,,,
,,,,,,,,,,,,,,,,,,
,,,,,,,,,,,,,,,,,,
,,,,,,,,,,,,,,,,,,
,,,,,,,,,,,,,,,,,,
,,,,,,,,,,,,,,,,,,
,,,,,,,,,,,,,,,,,,
,,,,,,,,,,,,,,,,,,
,,,,,,,,,,,,,,,,,,
,,,,,,,,,,,,,,,,,,
,,,,,,,,,,,,,,,,,,
,,,,,,,,,,,,,,,,,,
,,,,,,,,,,,,,,,,,,
,,,,,,,,,,,,,,,,,,
,,,,,,,,,,,,,,,,,,
,,,,,,,,,,,,,,,,,,
,,,,,,,,,,,,,,,,,,
,,,,,,,,,,,,,,,,,,
,,,,,,,,,,,,,,,,,,
,,,,,,,,,,,,,,,,,,
,,,,,,,,,,,,,,,,,,
,,,,,,,,,,,,,,,,,,
,,,,,,,,,,,,,,,,,,
,,,,,,,,,,,,,,,,,,
,,,,,,,,,,,,,,,,,,
,,,,,,,,,,,,,,,,,,
,,,,,,,,,,,,,,,,,,
,,,,,,,,,,,,,,,,,,
,,,,,,,,,,,,,,,,,,
,,,,,,,,,,,,,,,,,,
,,,,,,,,,,,,,,,,,,
,,,,,,,,,,,,,,,,,,
,,,,,,,,,,,,,,,,,,
,,,,,,,,,,,,,,,,,,
,,,,,,,,,,,,,,,,,,
,,,,,,,,,,,,,,,,,,
,,,,,,,,,,,,,,,,,,
,,,,,,,,,,,,,,,,,,
,,,,,,,,,,,,,,,,,,
,,,,,,,,,,,,,,,,,,
,,,,,,,,,,,,,,,,,,
,,,,,,,,,,,,,,,,,,
,,,,,,,,,,,,,,,,,,
,,,,,,,,,,,,,,,,,,
,,,,,,,,,,,,,,,,,,
,,,,,,,,,,,,,,,,,,
,,,,,,,,,,,,,,,,,,
,,,,,,,,,,,,,,,,,,
,,,,,,,,,,,,,,,,,,
,,,,,,,,,,,,,,,,,,
,,,,,,,,,,,,,,,,,,
,,,,,,,,,,,,,,,,,,
,,,,,,,,,,,,,,,,,,
,,,,,,,,,,,,,,,,,,
,,,,,,,,,,,,,,,,,,
,,,,,,,,,,,,,,,,,,
,,,,,,,,,,,,,,,,,,
,,,,,,,,,,,,,,,,,,
,,,,,,,,,,,,,,,,,,
,,,,,,,,,,,,,,,,,,
,,,,,,,,,,,,,,,,,,
,,,,,,,,,,,,,,,,,,
,,,,,,,,,,,,,,,,,,
,,,,,,,,,,,,,,,,,,
,,,,,,,,,,,,,,,,,,
,,,,,,,,,,,,,,,,,,
,,,,,,,,,,,,,,,,,,
,,,,,,,,,,,,,,,,,,
,,,,,,,,,,,,,,,,,,
,,,,,,,,,,,,,,,,,,
,,,,,,,,,,,,,,,,,,
,,,,,,,,,,,,,,,,,,
,,,,,,,,,,,,,,,,,,
,,,,,,,,,,,,,,,,,,
,,,,,,,,,,,,,,,,,,
,,,,,,,,,,,,,,,,,,
,,,,,,,,,,,,,,,,,,
,,,,,,,,,,,,,,,,,,
,,,,,,,,,,,,,,,,,,
,,,,,,,,,,,,,,,,,,
,,,,,,,,,,,,,,,,,,
,,,,,,,,,,,,,,,,,,
,,,,,,,,,,,,,,,,,,
,,,,,,,,,,,,,,,,,,
,,,,,,,,,,,,,,,,,,
,,,,,,,,,,,,,,,,,,
,,,,,,,,,,,,,,,,,,
,,,,,,,,,,,,,,,,,,
,,,,,,,,,,,,,,,,,,
,,,,,,,,,,,,,,,,,,
,,,,,,,,,,,,,,,,,,
,,,,,,,,,,,,,,,,,,
,,,,,,,,,,,,,,,,,,
,,,,,,,,,,,,,,,,,,
,,,,,,,,,,,,,,,,,,
,,,,,,,,,,,,,,,,,,
,,,,,,,,,,,,,,,,,,
,,,,,,,,,,,,,,,,,,
,,,,,,,,,,,,,,,,,,
,,,,,,,,,,,,,,,,,,
,,,,,,,,,,,,,,,,,,
,,,,,,,,,,,,,,,,,,
,,,,,,,,,,,,,,,,,,
,,,,,,,,,,,,,,,,,,
,,,,,,,,,,,,,,,,,,
,,,,,,,,,,,,,,,,,,
,,,,,,,,,,,,,,,,,,
,,,,,,,,,,,,,,,,,,
,,,,,,,,,,,,,,,,,,
,,,,,,,,,,,,,,,,,,
,,,,,,,,,,,,,,,,,,
,,,,,,,,,,,,,,,,,,
,,,,,,,,,,,,,,,,,,
,,,,,,,,,,,,,,,,,,
,,,,,,,,,,,,,,,,,,
,,,,,,,,,,,,,,,,,,
,,,,,,,,,,,,,,,,,,
,,,,,,,,,,,,,,,,,,
,,,,,,,,,,,,,,,,,,
,,,,,,,,,,,,,,,,,,
,,,,,,,,,,,,,,,,,,
,,,,,,,,,,,,,,,,,,
,,,,,,,,,,,,,,,,,,
,,,,,,,,,,,,,,,,,,
,,,,,,,,,,,,,,,,,,
,,,,,,,,,,,,,,,,,,
,,,,,,,,,,,,,,,,,,
,,,,,,,,,,,,,,,,,,
,,,,,,,,,,,,,,,,,,
,,,,,,,,,,,,,,,,,,
,,,,,,,,,,,,,,,,,,
,,,,,,,,,,,,,,,,,,
,,,,,,,,,,,,,,,,,,
,,,,,,,,,,,,,,,,,,
,,,,,,,,,,,,,,,,,,
,,,,,,,,,,,,,,,,,,
,,,,,,,,,,,,,,,,,,
,,,,,,,,,,,,,,,,,,
,,,,,,,,,,,,,,,,,,
,,,,,,,,,,,,,,,,,,
,,,,,,,,,,,,,,,,,,
,,,,,,,,,,,,,,,,,,
,,,,,,,,,,,,,,,,,,
,,,,,,,,,,,,,,,,,,
,,,,,,,,,,,,,,,,,,
,,,,,,,,,,,,,,,,,,
,,,,,,,,,,,,,,,,,,
,,,,,,,,,,,,,,,,,,
,,,,,,,,,,,,,,,,,,
,,,,,,,,,,,,,,,,,,
,,,,,,,,,,,,,,,,,,
,,,,,,,,,,,,,,,,,,
,,,,,,,,,,,,,,,,,,
,,,,,,,,,,,,,,,,,,
,,,,,,,,,,,,,,,,,,
,,,,,,,,,,,,,,,,,,
,,,,,,,,,,,,,,,,,,
,,,,,,,,,,,,,,,,,,
,,,,,,,,,,,,,,,,,,
,,,,,,,,,,,,,,,,,,
